region,date,year,month,precip_mm,pet_mm,water_balance,water_balance_1m,water_balance_3m,water_balance_6m,water_balance_9m,water_balance_12m,SPEI_1m,SPEI_3m,SPEI_6m,SPEI_9m,SPEI_12m
Napak,1981-01-01,1981,1,6.666464462,488.5680514,-481.901587,-481.901587,,,,,-1.382269464,,,,
Napak,1981-02-01,1981,2,15.59066629,498.6983275,-483.1076612,-483.1076612,,,,,-1.393880541,,,,
Napak,1981-03-01,1981,3,199.0325632,468.4981684,-269.4656053,-269.4656053,-1234.474853,,,,0.6628870021,-0.8538352752,,,
Napak,1981-04-01,1981,4,154.873202,378.3759122,-223.5027103,-223.5027103,-976.0759767,,,,1.105379423,0.1465166394,,,
Napak,1981-05-01,1981,5,150.9315383,372.8431333,-221.911595,-221.911595,-714.8799105,,,,1.120697354,1.157697448,,,
Napak,1981-06-01,1981,6,135.1046286,380.6991612,-245.5945326,-245.5945326,-691.0088379,-1925.483691,,,0.8926977814,1.250110671,0.2783289643,,
Napak,1981-07-01,1981,7,224.4275499,343.6097317,-119.1821818,-119.1821818,-586.6883095,-1562.764286,,,2.10969047,1.653971716,1.257399903,,
Napak,1981-08-01,1981,8,153.5722584,362.9026087,-209.3303503,-209.3303503,-574.1070648,-1288.986975,,,1.241819085,1.70267809,1.996393751,,
Napak,1981-09-01,1981,9,117.52543,385.5280079,-268.0025779,-268.0025779,-596.5151101,-1287.523948,-2521.998801,,0.676971809,1.615928753,2.00034283,1.550486886,
Napak,1981-10-01,1981,10,30.25380974,415.9308165,-385.6770068,-385.6770068,-863.009935,-1449.698244,-2425.774221,,-0.4558994543,0.5842346077,1.562593598,1.835053236,
Napak,1981-11-01,1981,11,40.14459187,429.6565019,-389.51191,-389.51191,-1043.191495,-1617.298559,-2332.17847,,-0.4928187045,-0.1133108712,1.110198178,2.111845311,
Napak,1981-12-01,1981,12,4.569643933,457.2048055,-452.6351615,-452.6351615,-1227.824078,-1824.339188,-2515.348026,-3749.82288,-1.100516727,-0.8280878117,0.5513434269,1.57015532,1.076058843
Napak,1982-01-01,1982,1,8.011139377,466.083909,-458.0727696,-458.0727696,-1300.219841,-2163.229776,-2749.918086,-3725.994062,-1.152865483,-1.108356987,-0.3634075382,0.8764578732,1.15767715
Napak,1982-02-01,1982,2,27.15481536,473.2878689,-446.1330536,-446.1330536,-1356.840985,-2400.032479,-2974.139544,-3689.019455,-1.037919854,-1.327557124,-1.002597616,0.2133644941,1.28432233
Napak,1982-03-01,1982,3,31.18232612,489.8857144,-458.7033883,-458.7033883,-1362.909211,-2590.73329,-3187.2484,-3878.257238,-1.158936554,-1.35104934,-1.517347086,-0.4168654228,0.6361463345
Napak,1982-04-01,1982,4,182.8812891,413.816718,-230.9354289,-230.9354289,-1135.771871,-2435.991712,-3299.001647,-3885.689956,1.033823407,-0.4717217035,-1.099660633,-0.7473549251,0.610687836
Napak,1982-05-01,1982,5,250.5827299,380.6909535,-130.1082236,-130.1082236,-819.7470408,-2176.588025,-3219.77952,-3793.886585,2.004503652,0.7517203167,-0.3994648143,-0.513070178,0.925132133
Napak,1982-06-01,1982,6,108.8582336,365.2783896,-256.420156,-256.420156,-617.4638085,-1980.37302,-3208.197098,-3804.712208,0.7884777078,1.534829056,0.1301688555,-0.4788173133,0.8880522798
Napak,1982-07-01,1982,7,109.271754,353.387749,-244.115995,-244.115995,-630.6443746,-1766.416245,-3066.636087,-3929.646022,0.9069319087,1.483802501,0.7076920241,-0.06017687522,0.4601298139
Napak,1982-08-01,1982,8,140.5866852,384.1938857,-243.6072004,-243.6072004,-744.1433514,-1563.890392,-2920.731377,-3963.922872,0.9118301585,1.044408491,1.25436026,0.3713092435,0.3427249749
Napak,1982-09-01,1982,9,55.14191227,407.1456654,-352.0037531,-352.0037531,-839.7269485,-1457.190757,-2820.099969,-4047.924047,-0.1317214509,0.6743711454,1.542369422,0.6689079706,0.0550047084
Napak,1982-10-01,1982,10,123.6645383,395.0390545,-271.3745162,-271.3745162,-866.9854697,-1497.629844,-2633.401715,-3933.621556,0.6445095999,0.5688439304,1.43321415,1.22103343,0.446512839
Napak,1982-11-01,1982,11,145.8060096,375.9278387,-230.121829,-230.121829,-853.5000983,-1597.64345,-2417.390491,-3774.231475,1.041656068,0.6210504928,1.163252265,1.859846564,0.9924546842
Napak,1982-12-01,1982,12,24.72114238,429.2887121,-404.5675697,-404.5675697,-906.0639149,-1745.790863,-2363.254672,-3726.163883,-0.6377620399,0.4175576789,0.7633651196,2.019943208,1.15709548
Napak,1983-01-01,1983,1,8.347500487,461.0749527,-452.7274522,-452.7274522,-1087.416851,-1954.402321,-2585.046695,-3720.818566,-1.101405225,-0.2845226053,0.2002703076,1.364034433,1.175404226
Napak,1983-02-01,1983,2,24.42961317,490.8813779,-466.4517647,-466.4517647,-1323.746787,-2177.246885,-2921.390236,-3741.137277,-1.23353146,-1.199437974,-0.4012432416,0.369360789,1.105808711
Napak,1983-03-01,1983,3,13.46440784,476.0755723,-462.6111645,-462.6111645,-1381.790381,-2287.854296,-3127.581245,-3745.045053,-1.196557364,-1.424144916,-0.699800475,-0.2404108779,1.092423822
Napak,1983-04-01,1983,4,102.71488,448.8430861,-346.128206,-346.128206,-1275.191135,-2362.607986,-3229.593456,-3860.23783,-0.07515658334,-1.011462162,-0.9015794928,-0.5420930725,0.6978662884
Napak,1983-05-01,1983,5,168.6332182,379.6543935,-211.0211753,-211.0211753,-1019.760546,-2343.507332,-3197.007431,-3941.150782,1.225541233,-0.02260151952,-0.8500220224,-0.4457259467,0.4207237844
Napak,1983-06-01,1983,6,186.0308208,389.0427464,-203.0119256,-203.0119256,-760.1613069,-2141.951688,-3048.015603,-3887.742552,1.302647609,0.9823974145,-0.3059726254,-0.005110249279,0.6036572999
Napak,1983-07-01,1983,7,170.8872684,373.5944309,-202.7071625,-202.7071625,-616.7402634,-1891.931399,-2979.34825,-3846.333719,1.305581614,1.537630151,0.3688950445,0.197960714,0.7454905576
Napak,1983-08-01,1983,8,314.9248051,350.2079683,-35.28316319,-35.28316319,-441.0022513,-1460.762797,-2784.509584,-3638.009682,2.917400252,2.217973112,1.532727587,0.774159933,1.459040664
Napak,1983-09-01,1983,9,151.8051861,372.4750291,-220.6698429,-220.6698429,-458.6601686,-1218.821476,-2600.611857,-3506.675772,1.132651907,2.149613174,2.185788089,1.318003354,1.9088847
Napak,1983-10-01,1983,10,138.4627013,363.6012196,-225.1385183,-225.1385183,-481.0915244,-1097.831788,-2373.022923,-3460.439774,1.089631228,2.062773594,2.512369698,1.991055417,2.067251932
Napak,1983-11-01,1983,11,39.05955226,399.0932107,-360.0336584,-360.0336584,-805.8420196,-1246.844271,-2266.604817,-3590.351603,-0.2090266823,0.8055514894,2.110147513,2.305767229,1.622278798
Napak,1983-12-01,1983,12,4.403059365,435.8349413,-431.431882,-431.431882,-1016.604059,-1475.264227,-2235.425534,-3617.215916,-0.8963892344,-0.01038166009,1.493584578,2.397974175,1.530263335
Napak,1984-01-01,1984,1,2.62468701,456.7915766,-454.1668896,-454.1668896,-1245.63243,-1726.723954,-2343.464218,-3618.655353,-1.115262927,-0.8970301341,0.8148315046,2.078469805,1.525332983
Napak,1984-02-01,1984,2,7.967535477,480.7888359,-472.8213005,-472.8213005,-1358.420072,-2164.262092,-2605.264343,-3625.024889,-1.294852038,-1.33367032,-0.3661940174,1.304244489,1.503516092
Napak,1984-03-01,1984,3,26.42001112,486.1272293,-459.7072182,-459.7072182,-1386.695408,-2403.299467,-2861.959635,-3622.120942,-1.168600591,-1.44313398,-1.011416038,0.5451157689,1.513462669
Napak,1984-04-01,1984,4,111.4902993,433.1198354,-321.6295361,-321.6295361,-1254.158055,-2499.790485,-2980.882009,-3597.622273,0.1606961793,-0.9300357927,-1.271869573,0.1934249046,1.597375351
Napak,1984-05-01,1984,5,82.32276211,406.0855608,-323.7627987,-323.7627987,-1105.099553,-2463.519625,-3269.361645,-3710.363896,0.140158906,-0.3529784945,-1.173965397,-0.6597001154,1.211213492
Napak,1984-06-01,1984,6,149.6126252,384.3173642,-234.704739,-234.704739,-880.0970738,-2266.792482,-3283.396541,-3742.056709,0.9975356328,0.5180843512,-0.6429493389,-0.7012057175,1.102659479
Napak,1984-07-01,1984,7,164.3598214,369.3733513,-205.0135299,-205.0135299,-763.4810676,-2017.639122,-3263.271552,-3744.363077,1.283377832,0.9695454664,0.02957826861,-0.6416897969,1.094759724
Napak,1984-08-01,1984,8,61.79223638,401.9159938,-340.1237574,-340.1237574,-779.8420263,-1884.941579,-3243.361651,-4049.203671,-0.01735075963,0.9062065055,0.3877623256,-0.5828099571,0.05062174848
Napak,1984-09-01,1984,9,85.54864726,425.9344911,-340.3858439,-340.3858439,-885.5231312,-1765.620205,-3152.315613,-4168.919672,-0.01987390949,0.4970781961,0.7098407375,-0.313558185,-0.3594287017
Napak,1984-10-01,1984,10,35.37445977,423.5808821,-388.2064223,-388.2064223,-1068.716024,-1832.197091,-3086.355146,-4331.987576,-0.4802505579,-0.2121251991,0.5301329701,-0.1184923363,-0.917967802
Napak,1984-11-01,1984,11,78.81793867,418.5297143,-339.7117756,-339.7117756,-1068.304042,-1848.146068,-2953.245621,-4311.665693,-0.01338454267,-0.2105302744,0.4870826684,0.2751543966,-0.8483614242
Napak,1984-12-01,1984,12,34.58077878,457.9881846,-423.4074058,-423.4074058,-1151.325604,-2036.848735,-2916.945809,-4303.641217,-0.81913627,-0.5319356129,-0.02227330899,0.3825043595,-0.8208760418
Napak,1985-01-01,1985,1,12.08292174,474.0454847,-461.962563,-461.962563,-1225.081744,-2293.797768,-3057.278836,-4311.43689,-1.190313169,-0.8174712835,-0.7158434005,-0.03250454102,-0.8475777306
Napak,1985-02-01,1985,2,37.13461548,475.8600006,-438.7253851,-438.7253851,-1324.095354,-2392.399396,-3172.241422,-4277.340975,-0.9666049999,-1.2007874,-0.981994003,-0.3724850691,-0.730792628
Napak,1985-03-01,1985,3,96.79426942,473.3863358,-376.5920664,-376.5920664,-1277.280014,-2428.605618,-3314.128749,-4194.225823,-0.3684372248,-1.01954894,-1.079723707,-0.792090525,-0.4461071628
Napak,1985-04-01,1985,4,227.0077069,351.6981855,-124.6904786,-124.6904786,-940.0079301,-2165.089674,-3233.805698,-3997.286766,2.056661183,0.2861485914,-0.3684278717,-0.5545499977,0.2284471871
Napak,1985-05-01,1985,5,186.5872369,352.8810208,-166.2937838,-166.2937838,-667.5763288,-1991.671683,-3059.975724,-3839.817751,1.656139256,1.340826063,0.09967092203,-0.04048008974,0.7678090095
Napak,1985-06-01,1985,6,129.8901157,355.2985964,-225.4084808,-225.4084808,-516.3927432,-1793.672758,-2944.998361,-3830.521493,1.087032254,1.9261103,0.6341198395,0.2995441376,0.7996504913
Napak,1985-07-01,1985,7,199.6901627,337.4814441,-137.7912814,-137.7912814,-529.493546,-1469.501476,-2694.58322,-3763.299244,1.930537579,1.875392536,1.509139694,1.040100474,1.02989969
Napak,1985-08-01,1985,8,144.6364008,355.3718231,-210.7354223,-210.7354223,-573.9351844,-1241.511513,-2565.606867,-3633.910909,1.228292224,1.703343498,2.124541968,1.421524119,1.473079755
Napak,1985-09-01,1985,9,60.16261099,393.0200097,-332.8573987,-332.8573987,-681.3841023,-1197.776846,-2475.05686,-3626.382464,0.05260368226,1.28737137,2.24259284,1.689308972,1.498866135
Napak,1985-10-01,1985,10,22.93611166,433.1575027,-410.221391,-410.221391,-953.8142119,-1483.307758,-2423.315688,-3648.397432,-0.6921923163,0.232699673,1.471873065,1.842323892,1.423460611
Napak,1985-11-01,1985,11,102.4005882,412.1564124,-309.7558242,-309.7558242,-1052.834614,-1626.769798,-2294.346127,-3618.441481,0.2750063752,-0.150642739,1.084632921,2.223727449,1.526065536
Napak,1985-12-01,1985,12,3.75517951,453.7113091,-449.9561296,-449.9561296,-1169.933345,-1851.317447,-2367.71019,-3644.990205,-1.074725242,-0.6039726496,0.4785223186,2.006766838,1.435131024
Napak,1986-01-01,1986,1,0.7923324271,466.7832205,-465.9908881,-465.9908881,-1225.702842,-2179.517054,-2709.0106,-3649.01853,-1.229094524,-0.8198757678,-0.4073709987,0.9974341757,1.421333232
Napak,1986-02-01,1986,2,23.35512071,463.1790379,-439.8239172,-439.8239172,-1355.770935,-2408.605549,-2982.540733,-3650.117062,-0.9771807512,-1.32341459,-1.025738488,0.1885195357,1.417570547
Napak,1986-03-01,1986,3,78.11200625,460.3485565,-382.2365502,-382.2365502,-1288.051356,-2457.9847,-3139.368803,-3655.761546,-0.4227776079,-1.061248547,-1.159025242,-0.2752703941,1.398237098
Napak,1986-04-01,1986,4,181.3189184,410.4531415,-229.134223,-229.134223,-1051.19469,-2276.897532,-3230.711744,-3760.20529,1.051163915,-0.1442940254,-0.6702254123,-0.5454002032,1.04049708
Napak,1986-05-01,1986,5,186.1084848,368.5636719,-182.4551871,-182.4551871,-793.8259603,-2149.596895,-3202.431509,-3776.366694,1.500550744,0.8520698338,-0.3266089624,-0.4617666525,0.9851411488
Napak,1986-06-01,1986,6,199.9302071,334.8159249,-134.8857178,-134.8857178,-546.4751279,-1834.526483,-3004.459828,-3685.843931,1.958509922,1.809650927,0.5238453542,0.1236978773,1.295199114
Napak,1986-07-01,1986,7,179.2823327,344.7221347,-165.439802,-165.439802,-482.7807068,-1533.975397,-2759.678239,-3713.492451,1.664360681,2.056234182,1.335108358,0.8475940291,1.200497586
Napak,1986-08-01,1986,8,55.60764749,391.3262856,-335.7186381,-335.7186381,-636.0441579,-1429.870118,-2785.641053,-3838.475667,0.02505805472,1.462898062,1.6161147,0.770813822,0.7724059059
Napak,1986-09-01,1986,9,136.1598759,403.8003769,-267.6405011,-267.6405011,-768.7989412,-1315.274069,-2603.325425,-3773.258769,0.6804575832,0.9489581285,1.92543827,1.309978481,0.9957863898
Napak,1986-10-01,1986,10,22.78380837,423.5274115,-400.7436032,-400.7436032,-1004.102742,-1486.883449,-2538.07814,-3763.780982,-0.6009480793,0.03801528289,1.462221375,1.502935225,1.028249646
Napak,1986-11-01,1986,11,29.67751376,412.7806512,-383.1031375,-383.1031375,-1051.487242,-1687.5314,-2481.35736,-3837.128295,-0.4311203875,-0.1454265929,0.9206220711,1.670676412,0.777020916
Napak,1986-12-01,1986,12,28.09158962,452.4840304,-424.3924408,-424.3924408,-1208.239181,-1977.038123,-2523.51325,-3811.564606,-0.8286193654,-0.7522678649,0.1391705827,1.546008183,0.8645814928
Napak,1987-01-01,1987,1,4.206863542,473.5745169,-469.3676533,-469.3676533,-1276.863232,-2280.965974,-2763.746681,-3814.941371,-1.261603204,-1.017935428,-0.6812071599,0.8355623676,0.853015419
Napak,1987-02-01,1987,2,32.61586152,502.938455,-470.3225935,-470.3225935,-1364.082688,-2415.569929,-3051.614087,-3845.440048,-1.270796571,-1.355592275,-1.044537103,-0.01575209845,0.7485515559
Napak,1987-03-01,1987,3,93.5550168,464.1347706,-370.5797538,-370.5797538,-1310.270001,-2518.509182,-3287.308123,-3833.783251,-0.3105556931,-1.147264649,-1.322396047,-0.7127734974,0.7884783376
Napak,1987-04-01,1987,4,97.29814294,454.9054927,-357.6073498,-357.6073498,-1198.509697,-2475.372929,-3479.475671,-3962.256378,-0.185668206,-0.7146016472,-1.205960446,-1.28107338,0.3484330384
Napak,1987-05-01,1987,5,266.3676747,374.0053657,-107.637691,-107.637691,-835.8247945,-2199.907482,-3251.394724,-3887.438882,2.220831201,0.6894777409,-0.4624098952,-0.6065662793,0.6046974284
Napak,1987-06-01,1987,6,115.1358499,368.1116618,-252.9758119,-252.9758119,-718.2208526,-2028.490853,-3236.730035,-4005.528976,0.8216369808,1.144763499,0.0002867166643,-0.5631981808,0.2002160237
Napak,1987-07-01,1987,7,59.91766429,413.9731553,-354.055491,-354.055491,-714.6689938,-1913.178691,-3190.041922,-4194.144665,-0.1514738717,1.158513979,0.3115432568,-0.4251267478,-0.4458291798
Napak,1987-08-01,1987,8,103.389937,406.5047329,-303.1147959,-303.1147959,-910.1460987,-1745.970893,-3110.053581,-4161.540823,0.3389406571,0.4017541255,0.7628791739,-0.1885760624,-0.3341547161
Napak,1987-09-01,1987,9,24.20589716,445.8884467,-421.6825495,-421.6825495,-1078.852836,-1797.073689,-3107.34369,-4315.582871,-0.8025307923,-0.2513683268,0.6249398701,-0.1805620616,-0.861778516
Napak,1987-10-01,1987,10,22.84748792,451.7275808,-428.8800929,-428.8800929,-1153.677438,-1868.346432,-3066.856129,-4343.719361,-0.8718227377,-0.5410403826,0.4325568033,-0.0608276106,-0.9581514336
Napak,1987-11-01,1987,11,105.8194936,440.3273901,-334.5078965,-334.5078965,-1185.070539,-2095.216638,-2931.041432,-4295.12412,0.03671406548,-0.6625739926,-0.1798229646,0.3408191673,-0.7917033374
Napak,1987-12-01,1987,12,13.16107779,476.2454695,-463.0843917,-463.0843917,-1226.472381,-2305.325218,-3023.54607,-4333.816071,-1.201113201,-0.8228549219,-0.7469588873,0.06725385677,-0.9242307503
Napak,1988-01-01,1988,1,21.54646916,465.2925089,-443.7460397,-443.7460397,-1241.338328,-2395.015766,-3109.68476,-4308.194457,-1.014939676,-0.8804061719,-0.9890562456,-0.1874853434,-0.8364717699
Napak,1988-02-01,1988,2,12.50929802,481.9328614,-469.4235634,-469.4235634,-1376.253995,-2561.324534,-3471.470633,-4307.295427,-1.262141459,-1.402711638,-1.437965454,-1.257399964,-0.833392418
Napak,1988-03-01,1988,3,74.44271045,484.4693626,-410.0266522,-410.0266522,-1323.196255,-2549.668636,-3628.521473,-4346.742325,-0.6903175331,-1.197306676,-1.406503255,-1.721848697,-0.968505672
Napak,1988-04-01,1988,4,187.254327,450.2852538,-263.0309268,-263.0309268,-1142.481142,-2383.81947,-3537.496909,-4252.165902,0.7248347201,-0.4976956271,-0.9588346256,-1.45266043,-0.644563137
Napak,1988-05-01,1988,5,172.0242369,372.6785726,-200.6543358,-200.6543358,-873.7119147,-2249.96591,-3435.036449,-4345.182547,1.325344518,0.5428035226,-0.597530186,-1.149652621,-0.9631631301
Napak,1988-06-01,1988,6,118.4798621,374.3425893,-255.8627272,-255.8627272,-719.5479897,-2042.744245,-3269.216626,-4348.069463,0.7938441676,1.139625689,-0.03818677424,-0.6592712502,-0.9730513733
Napak,1988-07-01,1988,7,172.8055283,363.0730924,-190.2675641,-190.2675641,-646.7846271,-1789.265769,-3030.604097,-4184.281536,1.425339693,1.421317971,0.6460154095,0.04638105013,-0.4120460556
Napak,1988-08-01,1988,8,151.2496476,356.339702,-205.0900545,-205.0900545,-651.2203458,-1524.93226,-2901.186255,-4086.256794,1.282641118,1.404145761,1.35951806,0.4291103159,-0.07629236319
Napak,1988-09-01,1988,9,176.2388923,393.0314055,-216.7925132,-216.7925132,-612.1501318,-1331.698122,-2654.894377,-3881.366758,1.169979604,1.555400147,1.88110562,1.157472869,0.6254956264
Napak,1988-10-01,1988,10,95.93172916,388.0902094,-292.1584802,-292.1584802,-714.0410479,-1360.825675,-2503.306817,-3744.645145,0.4444189271,1.160944976,1.802483025,1.605764962,1.093793585
Napak,1988-11-01,1988,11,16.58462576,409.6534655,-393.0688397,-393.0688397,-902.0198332,-1553.240179,-2426.952094,-3803.206088,-0.5270618574,0.4332137256,1.283107865,1.831569897,0.8932110317
Napak,1988-12-01,1988,12,4.616406176,435.2300867,-430.6136805,-430.6136805,-1115.841,-1727.991132,-2447.539122,-3770.735377,-0.8885122728,-0.394562373,0.8114110727,1.770687578,1.004429496
Napak,1989-01-01,1989,1,7.110270478,464.6770369,-457.5667664,-457.5667664,-1281.249287,-1995.290335,-2642.074962,-3784.556104,-1.147994106,-1.034915373,0.08990327024,1.195383912,0.9570908347
Napak,1989-02-01,1989,2,34.67924639,482.345303,-447.6660566,-447.6660566,-1335.846503,-2237.866337,-2889.086682,-3762.798597,-1.052678329,-1.246280186,-0.5648703943,0.4648925588,1.031614502
Napak,1989-03-01,1989,3,124.2431969,484.188552,-359.9453551,-359.9453551,-1265.178178,-2381.019178,-2993.16931,-3712.7173,-0.2081765713,-0.9726985224,-0.9512759333,0.1570874902,1.203152628
Napak,1989-04-01,1989,4,122.7701424,410.3549924,-287.58485,-287.58485,-1095.196262,-2376.445548,-3090.486596,-3737.271223,0.4884500243,-0.3146394098,-0.9389305547,-0.1307103342,1.119050694
Napak,1989-05-01,1989,5,161.5945395,363.3145494,-201.72001,-201.72001,-849.2502151,-2185.096719,-3087.116552,-3738.336897,1.315085096,0.6375032689,-0.4224319176,-0.1207440526,1.115400553
Napak,1989-06-01,1989,6,111.0401583,381.644386,-270.6042277,-270.6042277,-759.9090877,-2025.087266,-3140.928266,-3753.078398,0.6519252949,0.983373843,0.009473855661,-0.279882218,1.064908064
Napak,1989-07-01,1989,7,184.1001779,341.1770867,-157.0769087,-157.0769087,-629.4011464,-1724.597408,-3005.846695,-3719.887743,1.744871643,1.48861547,0.8205715881,0.1195964771,1.178592476
Napak,1989-08-01,1989,8,92.7343544,382.2250193,-289.4906649,-289.4906649,-717.1718013,-1566.422016,-2902.26852,-3804.288353,0.4701024286,1.148824741,1.247526769,0.4259097194,0.8895040665
Napak,1989-09-01,1989,9,86.7159294,415.6825089,-328.9665795,-328.9665795,-775.5341531,-1535.443241,-2800.621419,-3916.462419,0.09006124419,0.9228837807,1.331146279,0.7265121687,0.5052862008
Napak,1989-10-01,1989,10,94.09011786,405.1788497,-311.0887318,-311.0887318,-929.5459762,-1558.947123,-2654.143384,-3935.392671,0.2621742518,0.3266504531,1.267703388,1.15969379,0.4404464289
Napak,1989-11-01,1989,11,29.75869007,411.9021261,-382.143436,-382.143436,-1022.198747,-1739.370549,-2588.620764,-3924.467267,-0.4218811823,-0.03204064584,0.7806951645,1.353464788,0.4778680488
Napak,1989-12-01,1989,12,45.74520436,446.4711021,-400.7258978,-400.7258978,-1093.958066,-1869.492219,-2629.401306,-3894.579485,-0.6007776267,-0.3098459225,0.4294640368,1.232863896,0.5802394833
Napak,1990-01-01,1990,1,30.10862995,483.861547,-453.7529171,-453.7529171,-1236.622251,-2166.168227,-2795.569373,-3890.765635,-1.111277545,-0.8621485975,-0.3713391567,0.7414526559,0.5933026547
Napak,1990-02-01,1990,2,90.26766911,453.4882436,-363.2205745,-363.2205745,-1217.699389,-2239.898137,-2957.069938,-3806.320153,-0.2397076522,-0.7888916196,-0.570354734,0.2638446886,0.8825447584
Napak,1990-03-01,1990,3,68.72885468,421.3361661,-352.6073114,-352.6073114,-1169.580803,-2263.538869,-3039.073022,-3798.982109,-0.1375320071,-0.6026078377,-0.6341670178,0.02133577686,0.9076789766
Napak,1990-04-01,1990,4,149.7426293,382.9977776,-233.2551483,-233.2551483,-949.0830342,-2185.705285,-3115.251261,-3744.652408,1.011491083,0.2510157072,-0.424074592,-0.2039472385,1.09376871
Napak,1990-05-01,1990,5,167.1136978,408.8082878,-241.69459,-241.69459,-827.5570498,-2045.256439,-3067.455187,-3784.626988,0.9302431762,0.7214850557,-0.04496781818,-0.06259921163,0.9568480437
Napak,1990-06-01,1990,6,63.95331152,386.6650975,-322.711786,-322.711786,-797.6615244,-1967.242327,-3061.200393,-3836.734546,0.1502771798,0.8372210314,0.1656118988,-0.04410181984,0.7783695815
Napak,1990-07-01,1990,7,165.6438737,378.0135811,-212.3697074,-212.3697074,-776.7760835,-1725.859118,-2962.481369,-3892.027345,1.21255869,0.9180758365,0.8171659164,0.2478413863,0.5889810552
Napak,1990-08-01,1990,8,127.9934727,379.7934148,-251.7999421,-251.7999421,-786.8814355,-1614.438485,-2832.137875,-3854.336622,0.8329572742,0.8789545043,1.117918238,0.6333080958,0.7180790681
Napak,1990-09-01,1990,9,37.8641936,426.3186866,-388.454493,-388.454493,-852.6241425,-1650.285667,-2819.86647,-3913.824536,-0.4826387753,0.6244416224,1.021157675,0.6695984996,0.5143214626
Napak,1990-10-01,1990,10,81.8430118,430.8406243,-348.9976125,-348.9976125,-989.2520476,-1766.028131,-2715.111165,-3951.733416,-0.1027808364,0.09550748682,0.7087396422,0.9793928846,0.3844762166
Napak,1990-11-01,1990,11,25.18123568,434.8206681,-409.6394324,-409.6394324,-1147.091538,-1933.972973,-2761.530023,-3979.229413,-0.6865897041,-0.5155440716,0.255414256,0.8421177212,0.2902971128
Napak,1990-12-01,1990,12,32.04588636,455.831438,-423.7855517,-423.7855517,-1182.422597,-2035.046739,-2832.708263,-4002.289066,-0.822776743,-0.6523228867,-0.01740926885,0.6316212767,0.2113133397
Napak,1991-01-01,1991,1,29.63312452,466.5783259,-436.9452013,-436.9452013,-1270.370185,-2259.622233,-3036.398316,-3985.481351,-0.9494668754,-0.9927985884,-0.6235950327,0.02924572173,0.2688830158
Napak,1991-02-01,1991,2,6.601779908,481.751174,-475.1493941,-475.1493941,-1335.880147,-2482.971685,-3269.853121,-4097.41017,-1.317264982,-1.246410433,-1.226471401,-0.6611535643,-0.1144948328
Napak,1991-03-01,1991,3,65.34816542,493.6576862,-428.3095208,-428.3095208,-1340.404116,-2522.826713,-3375.450855,-4173.11238,-0.8663297452,-1.26392429,-1.334050149,-0.9734392806,-0.3737895369
Napak,1991-04-01,1991,4,101.589491,408.5703511,-306.9808601,-306.9808601,-1210.439775,-2480.80996,-3470.062008,-4246.838092,0.3017214149,-0.7607871282,-1.220636362,-1.253234218,-0.6263143545
Napak,1991-05-01,1991,5,180.5899501,387.5071648,-206.9172147,-206.9172147,-942.2075957,-2278.087743,-3425.179281,-4212.060716,1.265050742,0.2776329209,-0.6734380897,-1.120501876,-0.5071951199
Napak,1991-06-01,1991,6,167.0679396,374.5568629,-207.4889233,-207.4889233,-721.3869982,-2061.791114,-3244.213711,-4096.837854,1.259546809,1.132506248,-0.08959906713,-0.5853297657,-0.1125345369
Napak,1991-07-01,1991,7,215.5004057,344.7183971,-129.2179914,-129.2179914,-543.6241295,-1754.063905,-3024.43409,-4013.686138,2.013074065,1.820688133,0.7410341,0.06462770282,0.1722761675
Napak,1991-08-01,1991,8,260.9544503,348.7928394,-87.83838911,-87.83838911,-424.5453039,-1366.7529,-2702.633047,-3849.724585,2.411442367,2.281683679,1.786483954,1.016294606,0.7338761883
Napak,1991-09-01,1991,9,50.26409749,403.2774751,-353.0133776,-353.0133776,-570.0697582,-1291.456756,-2631.860873,-3814.283469,-0.1414412737,1.718307908,1.98972719,1.225590185,0.8552688609
Napak,1991-10-01,1991,10,138.1601863,415.0268462,-276.8666599,-276.8666599,-717.7184267,-1261.342556,-2471.782331,-3742.152517,0.5916358198,1.146708564,2.071012994,1.698992783,1.10233132
Napak,1991-11-01,1991,11,12.94462454,416.8375055,-403.892881,-403.892881,-1033.772919,-1458.318222,-2400.525818,-3736.405965,-0.6312666997,-0.07684828748,1.539326109,1.909720705,1.12201437
Napak,1991-12-01,1991,12,16.59304632,445.4878317,-428.8947854,-428.8947854,-1109.654326,-1679.724085,-2401.111083,-3741.515199,-0.8719641845,-0.3706116061,0.941695979,1.907989894,1.104514256
Napak,1992-01-01,1992,1,0.3508515451,475.144765,-474.7939135,-474.7939135,-1307.58158,-2025.300007,-2568.924136,-3779.363911,-1.313842711,-1.136856837,0.008899614742,1.411713912,0.9748750992
Napak,1992-02-01,1992,2,9.49276008,477.6162163,-468.1234562,-468.1234562,-1371.812155,-2405.585074,-2830.130377,-3772.337973,-1.249625111,-1.385515731,-1.017585465,0.6392448964,0.998940295
Napak,1992-03-01,1992,3,30.84347307,488.5641267,-457.7206536,-457.7206536,-1400.638023,-2510.29235,-3080.362108,-3801.749106,-1.149475604,-1.497110692,-1.300216749,-0.1007690375,0.8982014786
Napak,1992-04-01,1992,4,109.5609037,450.3755725,-340.8146688,-340.8146688,-1266.658779,-2574.240358,-3291.958785,-3835.582915,-0.02400227806,-0.978430442,-1.472828515,-0.7265269674,0.7823141423
Napak,1992-05-01,1992,5,137.5101582,382.2501095,-244.7399513,-244.7399513,-1043.275274,-2415.087429,-3448.860347,-3873.405651,0.9009249779,-0.1136352087,-1.043234713,-1.190534238,0.6527639566
Napak,1992-06-01,1992,6,177.7594423,382.6116506,-204.8522083,-204.8522083,-790.4068284,-2191.044852,-3300.699178,-3870.768936,1.284930902,0.8653064826,-0.4384874255,-0.7523750583,0.6617952152
Napak,1992-07-01,1992,7,167.8633572,349.113094,-181.2497368,-181.2497368,-630.8418964,-1897.500675,-3205.082255,-3922.800682,1.512155814,1.483037826,0.3538621662,-0.4696057415,0.4835764271
Napak,1992-08-01,1992,8,145.3860655,370.3005,-224.9144346,-224.9144346,-611.0163797,-1654.291653,-3026.103808,-4059.876727,1.091788519,1.559789296,1.01034451,0.05968982003,0.01406446786
Napak,1992-09-01,1992,9,65.37725774,418.9864572,-353.6091994,-353.6091994,-759.7733708,-1550.180199,-2950.818222,-4060.472549,-0.1471773491,0.9838992501,1.29136752,0.2823329779,0.01202366297
Napak,1992-10-01,1992,10,148.4683121,390.4436088,-241.9752967,-241.9752967,-820.4989307,-1451.340827,-2717.999606,-4025.581186,0.9275407664,0.7488094893,1.558159854,0.9708508578,0.1315333282
Napak,1992-11-01,1992,11,32.74117828,431.007434,-398.2662557,-398.2662557,-993.8507519,-1604.867132,-2648.142405,-4019.95456,-0.5770982445,0.07770430326,1.14375373,1.177440572,0.1508056075
Napak,1992-12-01,1992,12,17.87577736,420.1178139,-402.2420365,-402.2420365,-1042.483589,-1802.25696,-2592.663788,-3993.301811,-0.6153737459,-0.110570322,0.610948918,1.341508293,0.2420964258
Napak,1993-01-01,1993,1,21.94861032,445.1860988,-423.2374885,-423.2374885,-1223.745781,-2044.244711,-2675.086608,-3941.745386,-0.8175004479,-0.8122993036,-0.04223691066,1.09775809,0.4186871496
Napak,1993-02-01,1993,2,30.77250635,458.8906301,-428.1181238,-428.1181238,-1253.597649,-2247.448401,-2858.46478,-3901.740054,-0.8644871343,-0.9278662663,-0.5907347962,0.5554511547,0.5557131481
Napak,1993-03-01,1993,3,14.62302463,488.7597485,-474.1367238,-474.1367238,-1325.492336,-2367.975925,-3127.749296,-3918.156124,-1.307515837,-1.206195604,-0.9160689107,-0.2409078578,0.4994849336
Napak,1993-04-01,1993,4,88.23445173,461.0619233,-372.8274715,-372.8274715,-1275.082319,-2498.8281,-3319.327031,-3950.168927,-0.3321948453,-1.011040897,-1.269271854,-0.8074634778,0.3898348944
Napak,1993-05-01,1993,5,206.0827633,377.0168018,-170.9340385,-170.9340385,-1017.898234,-2271.495883,-3265.346635,-3876.363014,1.611466754,-0.01539186236,-0.6556450006,-0.6478264678,0.6426344161
Napak,1993-06-01,1993,6,119.5698118,369.1404666,-249.5706548,-249.5706548,-793.3321649,-2118.824501,-3161.30809,-3921.081461,0.8544189928,0.8539814877,-0.2435465277,-0.3401517673,0.4894650905
Napak,1993-07-01,1993,7,76.1687229,374.0632856,-297.8945627,-297.8945627,-718.399256,-1993.481575,-3217.227356,-4037.726287,0.3891967089,1.144072837,0.09478556677,-0.5055226255,0.08993400868
Napak,1993-08-01,1993,8,54.42719432,412.8769759,-358.4497816,-358.4497816,-905.9149991,-1923.813233,-3177.410882,-4171.261634,-0.1937784375,0.4181341834,0.2828379516,-0.3877727878,-0.3674503739
Napak,1993-09-01,1993,9,18.72184481,449.0485207,-430.3266759,-430.3266759,-1086.67102,-1880.003185,-3205.495521,-4247.97911,-0.8857492317,-0.2816352351,0.4010922942,-0.4708279,-0.6302225639
Napak,1993-10-01,1993,10,5.72862593,456.0065662,-450.2779402,-450.2779402,-1239.054398,-1957.453654,-3232.535973,-4456.281754,-1.077823366,-0.8715642837,0.1920339918,-0.550795021,-1.343699393
Napak,1993-11-01,1993,11,37.28721846,438.3760913,-401.0888728,-401.0888728,-1281.693489,-2187.608488,-3205.506722,-4459.104371,-0.6042720476,-1.036635034,-0.4292118156,-0.4708610242,-1.353367402
Napak,1993-12-01,1993,12,5.792383589,461.3327526,-455.540369,-455.540369,-1306.907182,-2393.578202,-3186.910367,-4512.402703,-1.128485642,-1.134246009,-0.9851758984,-0.4158657536,-1.535924496
Napak,1994-01-01,1994,1,1.083604374,481.2772427,-480.1936384,-480.1936384,-1336.82288,-2575.877278,-3294.276534,-4569.358853,-1.365826759,-1.25006008,-1.477246972,-0.7333812796,-1.731010322
Napak,1994-02-01,1994,2,13.67060918,494.3247067,-480.6540975,-480.6540975,-1416.388105,-2698.081594,-3603.996593,-4621.894827,-1.370259675,-1.558084735,-1.807107169,-1.649320913,-1.910956189
Napak,1994-03-01,1994,3,88.49408524,463.1039584,-374.6098731,-374.6098731,-1335.457609,-2642.364791,-3729.035811,-4522.367976,-0.3493543213,-1.24477464,-1.656713499,-2.019101211,-1.570057482
Napak,1994-04-01,1994,4,112.218581,433.1363769,-320.917796,-320.917796,-1176.181767,-2513.004647,-3752.059044,-4470.4583,0.1675482198,-0.6281624635,-1.307537921,-2.087188153,-1.392256807
Napak,1994-05-01,1994,5,195.2414108,358.4973125,-163.2559017,-163.2559017,-858.7835708,-2275.171676,-3556.865165,-4462.780164,1.685385452,0.6005963335,-0.6655668907,-1.509938454,-1.365957704
Napak,1994-06-01,1994,6,159.0566027,363.6356118,-204.579009,-204.579009,-688.7527067,-2024.210316,-3331.117498,-4417.788518,1.287561037,1.25884494,0.01184096451,-0.8423315975,-1.211852618
Napak,1994-07-01,1994,7,230.7346605,354.8343646,-124.0997042,-124.0997042,-491.9346149,-1668.116381,-3004.939262,-4243.993659,2.062348666,2.02079622,0.9730280902,0.1222800419,-0.6165716243
Napak,1994-08-01,1994,8,167.4267166,349.9933846,-182.566668,-182.566668,-511.2453812,-1370.028952,-2786.417057,-4068.110546,1.499477498,1.946037528,1.777641064,0.768518935,-0.01413795344
Napak,1994-09-01,1994,9,22.52112827,436.9989631,-414.4778348,-414.4778348,-721.144207,-1409.896914,-2745.354523,-4052.261705,-0.7331698075,1.133446177,1.670027405,0.8899537643,0.04014739153
Napak,1994-10-01,1994,10,50.80468423,423.5904359,-372.7857517,-372.7857517,-969.8302545,-1461.764869,-2637.946636,-3974.769516,-0.3317932012,0.1706960023,1.530022742,1.207592669,0.3055731204
Napak,1994-11-01,1994,11,95.52526627,395.0480466,-299.5227804,-299.5227804,-1086.786367,-1598.031748,-2456.815319,-3873.203424,0.3735215869,-0.2820817822,1.16220415,1.743254946,0.6534566247
Napak,1994-12-01,1994,12,5.445891702,458.5400338,-453.0941421,-453.0941421,-1125.402674,-1846.546881,-2535.299588,-3870.757197,-1.104935409,-0.4315789373,0.4913992764,1.511152277,0.6618354247
Napak,1995-01-01,1995,1,0.7345122982,480.8641039,-480.1295916,-480.1295916,-1232.746514,-2202.576769,-2694.511384,-3870.69315,-1.365210171,-0.8471442727,-0.4696149711,1.040312919,0.6620547971
Napak,1995-02-01,1995,2,13.95071193,475.5440889,-461.5933769,-461.5933769,-1394.817111,-2481.603478,-2992.848859,-3851.63243,-1.186758954,-1.474575915,-1.222778265,0.1580351661,0.7273414504
Napak,1995-03-01,1995,3,46.89550822,454.4404679,-407.5449596,-407.5449596,-1349.267928,-2474.670602,-3195.814809,-3884.567516,-0.6664258674,-1.298239189,-1.20406469,-0.4421989903,0.6145324111
Napak,1995-04-01,1995,4,126.3590368,450.2626338,-323.903597,-323.903597,-1193.041934,-2425.788448,-3395.618702,-3887.553317,0.1388034171,-0.6934340335,-1.072119456,-1.033081947,0.6043054651
Napak,1995-05-01,1995,5,99.87540149,417.6423211,-317.7669196,-317.7669196,-1049.215476,-2444.032587,-3530.818954,-4042.064335,0.1978822293,-0.136631799,-1.121364978,-1.432911617,0.07507535412
Napak,1995-06-01,1995,6,101.5846726,408.5044534,-306.9197807,-306.9197807,-948.5902974,-2297.858226,-3423.2609,-4144.405107,0.3023094364,0.2529232628,-0.7268035974,-1.11482862,-0.2754615764
Napak,1995-07-01,1995,7,179.6262025,363.7889561,-184.1627536,-184.1627536,-808.849454,-2001.891388,-3234.637902,-4204.468156,1.484111717,0.7939086651,0.07208536707,-0.5570110857,-0.4811891339
Napak,1995-08-01,1995,8,80.39515137,406.9695116,-326.5743602,-326.5743602,-817.6568946,-1866.872371,-3261.689482,-4348.475848,0.1130915366,0.7598119997,0.4365356655,-0.637011116,-0.9744433234
Napak,1995-09-01,1995,9,42.14859997,430.5163143,-388.3677144,-388.3677144,-899.1048282,-1847.695126,-3196.963054,-4322.365728,-0.4818033431,0.4444987236,0.4882998757,-0.4455947103,-0.8850111125
Napak,1995-10-01,1995,10,62.05044974,427.560908,-365.5104583,-365.5104583,-1080.452533,-1889.301987,-3082.34392,-4315.090435,-0.261752744,-0.2575613082,0.3759924884,-0.1066298809,-0.8600918261
Napak,1995-11-01,1995,11,38.94118827,423.8711112,-384.929923,-384.929923,-1138.808096,-1956.46499,-3005.680467,-4400.497577,-0.4487071547,-0.4834759859,0.1947026434,0.120088066,-1.152627803
Napak,1995-12-01,1995,12,30.87965916,452.4194692,-421.53981,-421.53981,-1171.980191,-2071.085019,-3019.675317,-4368.943245,-0.8011566152,-0.6118967043,-0.1146856552,0.07870089158,-1.044548114
Napak,1996-01-01,1996,1,14.19407389,462.8435803,-448.6495064,-448.6495064,-1255.119239,-2335.571772,-3144.421226,-4337.46316,-1.062146163,-0.9337568725,-0.8286019488,-0.2902119997,-0.9367227357
Napak,1996-02-01,1996,2,15.795243,471.3996192,-455.6043762,-455.6043762,-1325.793693,-2464.601788,-3282.258683,-4331.474159,-1.129101849,-1.207362259,-1.176886427,-0.6978407137,-0.9162092501
Napak,1996-03-01,1996,3,82.27087755,496.8629309,-414.5920533,-414.5920533,-1318.845936,-2490.826127,-3389.930955,-4338.521253,-0.734269408,-1.180465077,-1.247672516,-1.016261491,-0.9403469084
Napak,1996-04-01,1996,4,108.4538015,425.3679011,-316.9140996,-316.9140996,-1187.110529,-2442.229768,-3522.682301,-4331.531755,0.2060924697,-0.6704715036,-1.116498717,-1.408848976,-0.9164065282
Napak,1996-05-01,1996,5,151.817034,397.277293,-245.4602589,-245.4602589,-976.9664118,-2302.760104,-3441.5682,-4259.225095,0.8939904565,0.1430694556,-0.7400350015,-1.168969065,-0.6687422349
Napak,1996-06-01,1996,6,144.5288607,351.8266775,-207.2978169,-207.2978169,-769.6721754,-2088.518111,-3260.498303,-4159.603131,1.261386622,0.9455775351,-0.1617419563,-0.6334884249,-0.3275177469
Napak,1996-07-01,1996,7,162.5919779,363.2282401,-200.6362622,-200.6362622,-653.394338,-1840.504867,-3095.624106,-4176.076639,1.325518515,1.395729481,0.5077081927,-0.1459035679,-0.3839426989
Napak,1996-08-01,1996,8,151.254027,371.7263972,-220.4723702,-220.4723702,-628.4064492,-1605.372861,-2931.166554,-4069.974649,1.13455301,1.492466289,1.142388639,0.3404491439,-0.02052286833
Napak,1996-09-01,1996,9,127.2269207,387.9596459,-260.7327252,-260.7327252,-681.8413576,-1451.513533,-2770.359469,-3942.33966,0.7469598881,1.285601176,1.557693678,0.8160062735,0.4166516476
Napak,1996-10-01,1996,10,12.60552709,433.0704789,-420.4649518,-420.4649518,-901.6700472,-1555.064385,-2742.174914,-3997.294154,-0.7908087772,0.4345678686,1.278183873,0.8993568664,0.2284218818
Napak,1996-11-01,1996,11,21.6161945,441.0989213,-419.4827268,-419.4827268,-1100.680404,-1729.086853,-2706.053265,-4031.846957,-0.7813527334,-0.3358704313,0.8084534465,1.006179945,0.1100718481
Napak,1996-12-01,1996,12,1.40175137,460.7861082,-459.3843569,-459.3843569,-1299.332035,-1981.173393,-2750.845568,-4069.691504,-1.165492351,-1.104919982,0.1280084472,0.8737150148,-0.01955304215
Napak,1997-01-01,1997,1,6.975017221,479.9521564,-472.9771392,-472.9771392,-1351.844223,-2253.51427,-2906.908608,-4094.019137,-1.296352323,-1.308212921,-0.6071081038,0.4121875189,-0.1028798881
Napak,1997-02-01,1997,2,0.1615616196,497.9248046,-497.763243,-497.763243,-1430.124739,-2530.805143,-3159.211592,-4136.178004,-1.53497226,-1.611264023,-1.355585939,-0.3339517637,-0.2472821584
Napak,1997-03-01,1997,3,47.70739087,497.4723004,-449.7649095,-449.7649095,-1420.505292,-2719.837327,-3401.678685,-4171.35086,-1.072884334,-1.574023797,-1.865831367,-1.051003222,-0.3677559915
Napak,1997-04-01,1997,4,244.5874856,387.3419381,-142.7544526,-142.7544526,-1090.282605,-2442.126828,-3343.796875,-3997.191213,1.882756306,-0.2956169362,-1.116220854,-0.8798285045,0.2287744731
Napak,1997-05-01,1997,5,65.69298392,399.7213105,-334.0283266,-334.0283266,-926.5476886,-2356.672428,-3457.352831,-4085.759281,0.04133096479,0.3382578671,-0.885557927,-1.215649185,-0.07458828314
Napak,1997-06-01,1997,6,94.46562391,412.8668037,-318.4011798,-318.4011798,-795.183959,-2215.689251,-3515.021286,-4196.862644,0.191776101,0.8468125487,-0.5050088593,-1.386192944,-0.455138783
Napak,1997-07-01,1997,7,140.8691956,382.6213028,-241.7521072,-241.7521072,-894.1816136,-1984.464219,-3336.308441,-4237.978489,0.9296894491,0.4635581994,0.1191256809,-0.8576828509,-0.5959685018
Napak,1997-08-01,1997,8,55.8299455,414.7478402,-358.9178947,-358.9178947,-919.0711818,-1845.61887,-3275.743609,-4376.424013,-0.1982850401,0.3672020253,0.4939042109,-0.6785735927,-1.070171192
Napak,1997-09-01,1997,9,2.766244306,473.1666792,-470.4004349,-470.4004349,-1071.070437,-1866.254396,-3286.759687,-4586.091723,-1.271545963,-0.2212399515,0.4382037358,-0.7111516003,-1.788323636
Napak,1997-10-01,1997,10,126.4933587,440.1209201,-313.6275613,-313.6275613,-1142.945891,-2037.127505,-3127.41011,-4479.254332,0.237732519,-0.4994948305,-0.02302577836,-0.2399047772,-1.422384917
Napak,1997-11-01,1997,11,143.186298,387.7616428,-244.5753448,-244.5753448,-1028.603341,-1947.674523,-2874.222211,-4304.34695,0.9025096717,-0.05683505506,0.2184303268,0.5088514749,-0.8232933156
Napak,1997-12-01,1997,12,89.33272619,398.0833629,-308.7506367,-308.7506367,-866.9535428,-1938.02398,-2733.207939,-4153.71323,0.2846834821,0.5689675304,0.2444795709,0.9258750339,-0.3073436991
Napak,1998-01-01,1998,1,63.26888618,438.3402976,-375.0714114,-375.0714114,-928.3973929,-2071.343284,-2965.524897,-4055.807503,-0.3537976269,0.3310970185,-0.1153827758,0.2388407141,0.02800234843
Napak,1998-02-01,1998,2,49.6594154,467.7567759,-418.0973605,-418.0973605,-1101.919409,-2130.52275,-3049.593931,-3976.14162,-0.7680155827,-0.3406670498,-0.2751230442,-0.009777862154,0.3008733992
Napak,1998-03-01,1998,3,9.95890249,481.9007908,-471.9418883,-471.9418883,-1265.11066,-2132.064203,-3203.13464,-3998.318599,-1.286385791,-0.9724371374,-0.2792838148,-0.4638460314,0.2249129589
Napak,1998-04-01,1998,4,75.4748019,462.303932,-386.8291301,-386.8291301,-1276.868379,-2205.265772,-3348.211663,-4242.393276,-0.4669911368,-1.017955355,-0.4768732673,-0.8928844203,-0.6110900032
Napak,1998-05-01,1998,5,176.7396232,426.2926838,-249.5530605,-249.5530605,-1108.324079,-2210.243488,-3238.846829,-4157.91801,0.8545883762,-0.3654617557,-0.4903093744,-0.5694582062,-0.3217458837
Napak,1998-06-01,1998,6,124.7343561,378.8163656,-254.0820095,-254.0820095,-890.4642002,-2155.57486,-3022.528403,-4093.59884,0.810987432,0.4779495996,-0.3427449945,0.07026341781,-0.1014402895
Napak,1998-07-01,1998,7,174.2682914,344.2301904,-169.9618989,-169.9618989,-673.596969,-1950.465348,-2878.862741,-4021.808632,1.620825703,1.317518071,0.2108971875,0.4951279697,0.1444550543
Napak,1998-08-01,1998,8,164.4813249,368.570347,-204.089022,-204.089022,-628.1329305,-1736.457009,-2838.376418,-3866.979759,1.292278223,1.493525175,0.78855954,0.6148587607,0.6747738793
Napak,1998-09-01,1998,9,27.56619529,413.3619962,-385.7958009,-385.7958009,-759.8467219,-1650.310922,-2915.421582,-3782.375125,-0.4570431052,0.9836152826,1.021089505,0.3870119765,0.9645611089
Napak,1998-10-01,1998,10,103.9874379,400.3790712,-296.3916333,-296.3916333,-886.2764563,-1559.873425,-2836.741804,-3765.139197,0.4036656595,0.4941618126,1.265203064,0.619692828,1.023597495
Napak,1998-11-01,1998,11,8.459158639,442.8310606,-434.3719019,-434.3719019,-1116.559336,-1744.692267,-2853.016346,-3954.935754,-0.9246932947,-0.3973433005,0.7663305086,0.5715638902,0.3735075898
Napak,1998-12-01,1998,12,1.881350636,443.6757324,-441.7943818,-441.7943818,-1172.557917,-1932.404639,-2822.868839,-4087.979499,-0.9961507406,-0.6141332816,0.2596475854,0.6607195494,-0.08219296104
Napak,1999-01-01,1999,1,4.630835066,463.7229699,-459.0921349,-459.0921349,-1335.258419,-2221.534875,-2895.131844,-4172.000223,-1.162679081,-1.244003505,-0.5207876698,0.4470151148,-0.3699801843
Napak,1999-02-01,1999,2,0.279913734,489.1111177,-488.8312039,-488.8312039,-1389.717721,-2506.277057,-3134.409987,-4242.734066,-1.448982037,-1.454834402,-1.289378463,-0.2606056172,-0.6122572742
Napak,1999-03-01,1999,3,94.15656022,444.2762662,-350.1197059,-350.1197059,-1298.043045,-2470.600962,-3230.447684,-4120.911884,-0.1135834159,-1.099929851,-1.193079706,-0.5446192929,-0.1949927454
Napak,1999-04-01,1999,4,105.5762795,419.9188679,-314.3425884,-314.3425884,-1153.293498,-2488.551917,-3374.828373,-4048.425342,0.2308488341,-0.5395540172,-1.241533851,-0.971598405,0.05328767487
Napak,1999-05-01,1999,5,94.94255453,399.9909136,-305.0483591,-305.0483591,-969.5106534,-2359.228374,-3475.78771,-4103.920641,0.3203259235,0.1719332891,-0.8924570694,-1.27016692,-0.1367944526
Napak,1999-06-01,1999,6,85.33701945,414.9575019,-329.6204825,-329.6204825,-949.01143,-2247.054475,-3419.612392,-4179.459114,0.08376601168,0.2512929121,-0.5896714909,-1.104038834,-0.3955283277
Napak,1999-07-01,1999,7,127.0736886,368.6515001,-241.5778115,-241.5778115,-876.2466531,-2029.540151,-3364.79857,-4251.075026,0.9313674225,0.5329906689,-0.002545603109,-0.9419371221,-0.6408266751
Napak,1999-08-01,1999,8,126.6943865,371.5305756,-244.8361891,-244.8361891,-816.0344831,-1785.545137,-3175.262857,-4291.822193,0.8999984808,0.7660929188,0.6560583339,-0.3814204031,-0.7803936006
Napak,1999-09-01,1999,9,60.85330516,420.1616226,-359.3083174,-359.3083174,-845.722318,-1794.733748,-3092.776793,-4265.33471,-0.2020437042,0.6511609852,0.6312559595,-0.1374831658,-0.6896688483
Napak,1999-10-01,1999,10,121.8112658,394.238136,-272.4268703,-272.4268703,-876.5713768,-1752.81803,-2906.111528,-4241.369947,0.634378412,0.5317335504,0.7443970293,0.4145447349,-0.6075849014
Napak,1999-11-01,1999,11,12.111764,422.40083,-410.289066,-410.289066,-1042.024254,-1858.058737,-2827.56939,-4217.287111,-0.6928438352,-0.1087920756,0.4603258814,0.6468185411,-0.525096532
Napak,1999-12-01,1999,12,20.37463517,441.8352371,-421.4606019,-421.4606019,-1104.176538,-1949.898856,-2898.910286,-4196.953331,-0.8003940661,-0.3494051835,0.212426291,0.4358410722,-0.4554494046
Napak,2000-01-01,2000,1,1.820731046,485.9722585,-484.1515274,-484.1515274,-1315.901195,-2192.472572,-3068.719225,-4222.012724,-1.403930014,-1.169064962,-0.4423412025,-0.06633737164,-0.5412826692
Napak,2000-02-01,2000,2,6.909034339,503.0913132,-496.1822788,-496.1822788,-1401.794408,-2443.818662,-3259.853145,-4229.363798,-1.519752055,-1.50158746,-1.12078754,-0.6315804912,-0.5664615221
Napak,2000-03-01,2000,3,16.25106856,476.8176604,-460.5665918,-460.5665918,-1440.900398,-2545.076936,-3390.799254,-4339.810684,-1.176873923,-1.652980347,-1.394109101,-1.018829324,-0.944763461
Napak,2000-04-01,2000,4,67.16574777,452.2735538,-385.107806,-385.107806,-1341.856677,-2657.757872,-3534.329249,-4410.575902,-0.4504196645,-1.269547657,-1.698263298,-1.443292663,-1.187148014
Napak,2000-05-01,2000,5,134.804609,409.9141668,-275.1095577,-275.1095577,-1120.783956,-2522.578364,-3564.602618,-4380.637101,0.6085517345,-0.4136982716,-1.333379792,-1.532820537,-1.08460183
Napak,2000-06-01,2000,6,108.8908928,425.2172049,-316.3263121,-316.3263121,-976.5436759,-2417.444074,-3521.620612,-4367.34293,0.2117511973,0.1447060135,-1.049595891,-1.405709227,-1.039066726
Napak,2000-07-01,2000,7,102.0668368,377.7333907,-275.666554,-275.666554,-867.1024238,-2208.9591,-3524.860296,-4401.431673,0.6031894393,0.5683911604,-0.4868424906,-1.415289991,-1.15582726
Napak,2000-08-01,2000,8,163.9624863,362.5641457,-198.6016594,-198.6016594,-790.5945255,-1911.378481,-3313.172889,-4355.197143,1.345105974,0.8645798417,0.3164024758,-0.7892637461,-0.997465057
Napak,2000-09-01,2000,9,58.31675162,426.8842305,-368.5674789,-368.5674789,-842.8356923,-1819.379368,-3260.279766,-4364.456305,-0.2911831892,0.6623361171,0.5647312295,-0.6328421445,-1.029179475
Napak,2000-10-01,2000,10,112.8794654,406.202298,-293.3228326,-293.3228326,-860.4919709,-1727.594395,-3069.451071,-4385.352267,0.433209514,0.5939825224,0.8124819671,-0.06850167097,-1.100752186
Napak,2000-11-01,2000,11,34.02906539,416.6227827,-382.5937173,-382.5937173,-1044.484029,-1835.078554,-2955.86251,-4357.656918,-0.4262161146,-0.1183147201,0.5223551762,0.2674154334,-1.005890262
Napak,2000-12-01,2000,12,13.14532443,453.8741882,-440.7288638,-440.7288638,-1116.645414,-1959.481106,-2936.024782,-4376.92518,-0.9858928217,-0.3976765363,0.1865613882,0.326081835,-1.071887784
Napak,2001-01-01,2001,1,22.44621912,450.8492473,-428.4030281,-428.4030281,-1251.725609,-2112.21758,-2979.320004,-4321.176681,-0.8672299557,-0.92061895,-0.2257127858,0.1980442453,-0.8809383954
Napak,2001-02-01,2001,2,9.483653812,480.7053987,-471.2217448,-471.2217448,-1340.353637,-2384.837666,-3175.432191,-4296.216147,-1.27945285,-1.263728867,-0.9615829906,-0.3819211767,-0.7954437404
Napak,2001-03-01,2001,3,68.47100093,482.0797968,-413.6087958,-413.6087958,-1313.233569,-2429.878982,-3272.714675,-4249.258351,-0.7248034251,-1.158737652,-1.083160838,-0.6696160801,-0.6346042099
Napak,2001-04-01,2001,4,135.7538587,411.7167821,-275.9629234,-275.9629234,-1160.793464,-2412.519073,-3273.011044,-4140.113468,0.6003362419,-0.5685889928,-1.036302075,-0.6704925376,-0.2607618836
Napak,2001-05-01,2001,5,160.0331667,378.4197138,-218.3865471,-218.3865471,-907.9582663,-2248.311903,-3292.795932,-4083.390457,1.154633576,0.4102239859,-0.5930656062,-0.7290026734,-0.06647460475
Napak,2001-06-01,2001,6,131.639685,361.9221192,-230.2824343,-230.2824343,-724.6319047,-2037.865473,-3154.510887,-3997.346579,1.040109895,1.119944087,-0.02501774225,-0.3200503005,0.2282423133
Napak,2001-07-01,2001,7,136.4329259,372.7255013,-236.2925754,-236.2925754,-684.9615567,-1845.755021,-3097.48063,-3957.972601,0.9822492683,1.2735218,0.4935367069,-0.1513938918,0.3631058029
Napak,2001-08-01,2001,8,169.1084353,370.512178,-201.4037427,-201.4037427,-667.9787523,-1575.937019,-2916.290655,-3960.774684,1.318129853,1.339268142,1.221843384,0.3844418541,0.353508126
Napak,2001-09-01,2001,9,63.92164934,407.0767957,-343.1551464,-343.1551464,-780.8514644,-1505.483369,-2818.716938,-3935.362352,-0.04653444467,0.9022986194,1.412015511,0.672998027,0.4405502784
Napak,2001-10-01,2001,10,138.5166532,430.2173449,-291.7006918,-291.7006918,-836.2595809,-1521.221138,-2682.014602,-3933.740211,0.4488261325,0.6877945316,1.369535314,1.077269834,0.4461064242
Napak,2001-11-01,2001,11,88.58907294,388.5970079,-300.007935,-300.007935,-934.8637731,-1602.842525,-2510.800792,-3851.154428,0.3688509232,0.3060634119,1.149218651,1.583602923,0.7289786965
Napak,2001-12-01,2001,12,2.022611342,441.4029773,-439.380366,-439.380366,-1031.088993,-1811.940457,-2536.572362,-3849.805931,-0.9729106097,-0.06645787725,0.5848107221,1.507388284,0.7335975621
Napak,2002-01-01,2002,1,4.705272635,462.0451373,-457.3398647,-457.3398647,-1196.728166,-2032.987747,-2717.949303,-3878.742767,-1.145809686,-0.7077047196,-0.01185152982,0.9709996182,0.634483302
Napak,2002-02-01,2002,2,1.713493318,487.7813098,-486.0678165,-486.0678165,-1382.788047,-2317.65182,-2985.630573,-3893.588839,-1.422378447,-1.428007227,-0.7802314897,0.1793819086,0.5836326361
Napak,2002-03-01,2002,3,82.20294506,440.2950819,-358.0921369,-358.0921369,-1301.499818,-2332.588811,-3113.440275,-3838.07218,-0.1903353321,-1.113312222,-0.8205501854,-0.198591583,0.7737879271
Napak,2002-04-01,2002,4,113.7128559,442.6519839,-328.9391279,-328.9391279,-1173.099081,-2369.827247,-3206.086828,-3891.048384,0.09032552506,-0.6162283167,-0.9210660942,-0.4725765798,0.5923341836
Napak,2002-05-01,2002,5,110.07451,407.9967512,-297.9222412,-297.9222412,-984.953506,-2367.741553,-3302.605326,-3970.584079,0.388930243,0.1121486362,-0.915436282,-0.7580121386,0.3199090529
Napak,2002-06-01,2002,6,62.37945427,418.718481,-356.3390267,-356.3390267,-983.2003959,-2284.700214,-3315.789207,-4096.640671,-0.1734578495,0.1189355353,-0.6912868132,-0.7970010196,-0.1118591491
Napak,2002-07-01,2002,7,23.97989664,424.1155567,-400.1356601,-400.1356601,-1054.396928,-2227.496009,-3424.224175,-4260.483756,-0.5950953104,-0.1566910005,-0.5368782717,-1.117677328,-0.6730533932
Napak,2002-08-01,2002,8,84.70695426,431.1376297,-346.4306754,-346.4306754,-1102.905362,-2087.858868,-3470.646915,-4405.510689,-0.0780685063,-0.3444840189,-0.1599624936,-1.254963973,-1.169798678
Napak,2002-09-01,2002,9,11.72093744,460.3085161,-448.5875786,-448.5875786,-1195.153914,-2178.35431,-3479.854128,-4510.943121,-1.061549975,-0.7016102446,-0.4042324606,-1.282192597,-1.530925144
Napak,2002-10-01,2002,10,57.98685639,435.0314696,-377.0446132,-377.0446132,-1172.062867,-2226.459795,-3399.558877,-4596.287042,-0.372793968,-0.6122167716,-0.5340812691,-1.044734282,-1.823244576
Napak,2002-11-01,2002,11,29.47054824,431.938712,-402.4681637,-402.4681637,-1228.100356,-2331.005718,-3315.959224,-4698.747271,-0.6175507102,-0.829157377,-0.8162770189,-0.7975038136,-2.17419067
Napak,2002-12-01,2002,12,46.11120887,450.2113484,-404.1001395,-404.1001395,-1183.612916,-2378.766831,-3361.967226,-4663.467045,-0.6332620122,-0.6569310289,-0.9451962796,-0.9335639488,-2.053349073
Napak,2003-01-01,2003,1,8.525147811,484.8842858,-476.359138,-476.359138,-1282.927441,-2454.990308,-3509.387236,-4682.486318,-1.328911387,-1.041412093,-1.150942625,-1.369531288,-2.118493762
Napak,2003-02-01,2003,2,1.802658944,493.0704888,-491.2678299,-491.2678299,-1371.727107,-2599.827463,-3702.732825,-4687.686331,-1.472439839,-1.385186482,-1.541894548,-1.941315008,-2.136304813
Napak,2003-03-01,2003,3,45.40602021,495.302162,-449.8961418,-449.8961418,-1417.52311,-2601.136026,-3796.28994,-4779.490336,-1.07414773,-1.562478733,-1.545426689,-2.217992824,-2.45075128
Napak,2003-04-01,2003,4,166.1235158,477.0268767,-310.9033609,-310.9033609,-1252.067333,-2534.994774,-3707.057641,-4761.454569,0.2639588489,-0.92194188,-1.366894807,-1.954104849,-2.38897529
Napak,2003-05-01,2003,5,145.2161654,375.4716144,-230.255449,-230.255449,-991.0549517,-2362.782059,-3590.882415,-4693.787777,1.040369687,0.08852781832,-0.9020493593,-1.610538163,-2.157203444
Napak,2003-06-01,2003,6,208.4093983,370.6314361,-162.2220379,-162.2220379,-703.3808477,-2120.903957,-3304.516874,-4499.670788,1.69533863,1.202214319,-0.2491595037,-0.7636651857,-1.492315225
Napak,2003-07-01,2003,7,229.0696002,345.7449176,-116.6753174,-116.6753174,-509.1528042,-1761.220137,-3044.147578,-4216.210445,2.13382447,1.954138621,0.7217176286,0.006328717857,-0.5214087441
Napak,2003-08-01,2003,8,176.912508,350.7510626,-173.8385546,-173.8385546,-452.7359099,-1443.790862,-2815.517969,-4043.618324,1.583504495,2.172548039,1.578539111,0.6824583847,0.06975264011
Napak,2003-09-01,2003,9,30.37969651,417.5845457,-387.2048492,-387.2048492,-677.7187212,-1381.099569,-2798.622679,-3982.235595,-0.4706082472,1.301561335,1.747758684,0.7324230724,0.2800003567
Napak,2003-10-01,2003,10,9.682553037,445.6355584,-435.9530054,-435.9530054,-996.9964092,-1506.149213,-2758.216546,-4041.143987,-0.9399148402,0.06552636999,1.41021823,0.8519167158,0.0782277235
Napak,2003-11-01,2003,11,28.64041224,422.1408636,-393.5004514,-393.5004514,-1216.658306,-1669.394216,-2660.449168,-4032.176275,-0.5312170548,-0.784861224,0.9695788936,1.141045605,0.1089438721
Napak,2003-12-01,2003,12,20.60059301,472.0932666,-451.4926735,-451.4926735,-1280.94613,-1958.664852,-2662.045699,-4079.568809,-1.089517806,-1.033741749,0.1887646642,1.136324159,-0.05338472017
Napak,2004-01-01,2004,1,33.80204578,457.2246847,-423.422639,-423.422639,-1268.415764,-2265.412173,-2774.564977,-4026.63231,-0.8192829223,-0.9852323432,-0.6392235378,0.803569262,0.1279330241
Napak,2004-02-01,2004,2,9.430406012,479.5458287,-470.1154227,-470.1154227,-1345.030735,-2561.689041,-3014.424951,-4005.479903,-1.268802103,-1.281835541,-1.438949351,0.09422787471,0.2003841085
Napak,2004-03-01,2004,3,14.76511638,493.6262656,-478.8611492,-478.8611492,-1372.399211,-2653.345341,-3331.064062,-4034.44491,-1.352998665,-1.387788429,-1.686352767,-0.8421735725,0.1011733578
Napak,2004-04-01,2004,4,166.6235336,397.8745783,-231.2510448,-231.2510448,-1180.227617,-2448.643381,-3445.63979,-3954.792594,1.03078492,-0.6438253562,-1.13381067,-1.181010037,0.3739979411
Napak,2004-05-01,2004,5,106.4290056,406.5508299,-300.1218242,-300.1218242,-1010.234018,-2355.264753,-3571.923059,-4024.658969,0.3677544921,0.01427898163,-0.8817582601,-1.554469386,0.1346920972
Napak,2004-06-01,2004,6,94.09972872,379.5228533,-285.4231246,-285.4231246,-816.7959936,-2189.195204,-3470.141335,-4147.860056,0.5092613141,0.7631448466,-0.4334947625,-1.253468812,-0.2872954456
Napak,2004-07-01,2004,7,104.7287423,384.2611893,-279.532447,-279.532447,-865.0773958,-2045.305013,-3313.720776,-4310.717186,0.5659718453,0.5762307479,-0.04509892995,-0.7908840208,-0.8451126027
Napak,2004-08-01,2004,8,110.3383039,395.8540036,-285.5156997,-285.5156997,-850.4712713,-1860.70529,-3205.736025,-4422.394331,0.5083700778,0.6327761354,0.4531821696,-0.4715391448,-1.227628418
Napak,2004-09-01,2004,9,77.25604557,417.4294535,-340.1734079,-340.1734079,-905.2215546,-1722.017548,-3094.416759,-4375.362889,-0.01782875318,0.4208187484,0.8275352789,-0.1423330621,-1.066536638
Napak,2004-10-01,2004,10,46.8005207,443.8568828,-397.0563621,-397.0563621,-1022.74547,-1887.822866,-3068.050482,-4336.466246,-0.5654503975,-0.03415719813,0.3799850089,-0.06435968829,-0.9333081137
Napak,2004-11-01,2004,11,102.0924296,418.6470273,-316.5545977,-316.5545977,-1053.784368,-1904.255639,-2914.489657,-4259.520392,0.2095534538,-0.1543195665,0.3356288187,0.3897679718,-0.6697536874
Napak,2004-12-01,2004,12,22.11463393,432.9781619,-410.863528,-410.863528,-1124.474488,-2029.696042,-2846.492036,-4218.891247,-0.6983742759,-0.4279856052,-0.002966392319,0.5908583256,-0.5305910083
Napak,2005-01-01,2005,1,14.86923549,487.5564005,-472.687165,-472.687165,-1200.105291,-2222.85076,-3087.928156,-4268.155773,-1.293560694,-0.7207787452,-0.5243395761,-0.1231442227,-0.6993315352
Napak,2005-02-01,2005,2,26.00487605,532.6315055,-506.6266295,-506.6266295,-1390.177323,-2443.96169,-3294.432962,-4304.66698,-1.620301553,-1.456613681,-1.12117361,-0.7338438854,-0.824389478
Napak,2005-03-01,2005,3,58.47333682,463.1881203,-404.7147835,-404.7147835,-1384.028578,-2508.503066,-3413.72462,-4230.520614,-0.6391792917,-1.432809753,-1.295387022,-1.086626842,-0.5704238392
Napak,2005-04-01,2005,4,69.13418428,474.2890602,-405.1548759,-405.1548759,-1316.496289,-2516.60158,-3539.347049,-4404.424445,-0.6434161345,-1.171368776,-1.317246948,-1.458131878,-1.166078085
Napak,2005-05-01,2005,5,206.1082302,382.8469093,-176.7386791,-176.7386791,-986.6083386,-2376.785661,-3430.570029,-4281.0413,1.555584515,0.105742204,-0.9398486047,-1.136444013,-0.743466957
Napak,2005-06-01,2005,6,85.5445059,382.453903,-296.9093971,-296.9093971,-878.8029521,-2262.83153,-3387.306018,-4292.527573,0.3986810619,0.5230943462,-0.6322577331,-1.008498725,-0.7828096611
Napak,2005-07-01,2005,7,127.8044996,375.8982059,-248.0937063,-248.0937063,-721.7417825,-2038.238071,-3238.343362,-4261.088832,0.8686378214,1.131132755,-0.02602347786,-0.5679692977,-0.6751258956
Napak,2005-08-01,2005,8,115.1298192,406.9779405,-291.8481214,-291.8481214,-836.8512247,-1823.459563,-3213.636886,-4267.421254,0.4474068035,0.6855040724,0.5537177563,-0.494904476,-0.696815664
Napak,2005-09-01,2005,9,114.0595657,411.1435689,-297.0840032,-297.0840032,-837.0258309,-1715.828783,-3099.857361,-4224.331849,0.3970000996,0.6848281113,0.8442403134,-0.1584226332,-0.5492261217
Napak,2005-10-01,2005,10,26.93889147,428.4753901,-401.5364986,-401.5364986,-990.4686232,-1712.210406,-3028.706695,-4228.811985,-0.6085814153,0.09079769985,0.8540072243,0.05199226691,-0.5645714554
Napak,2005-11-01,2005,11,23.55580421,447.3151097,-423.7593055,-423.7593055,-1122.379807,-1959.231032,-2945.839371,-4336.016693,-0.8225240668,-0.4198763684,0.1872364006,0.2970570089,-0.9317683074
Napak,2005-12-01,2005,12,0.5860263234,467.0395018,-466.4534755,-466.4534755,-1291.74928,-2128.77511,-3007.578063,-4391.606641,-1.23354793,-1.075564497,-0.2704057263,0.1144762775,-1.122174626
Napak,2006-01-01,2006,1,9.095304986,480.5994854,-471.5041805,-471.5041805,-1361.716961,-2352.185585,-3073.927367,-4390.423656,-1.282171905,-1.346433726,-0.8734468086,-0.08173948537,-1.118122675
Napak,2006-02-01,2006,2,27.20588049,478.3391254,-451.1332449,-451.1332449,-1389.090901,-2511.470708,-3348.321933,-4334.930271,-1.086057527,-1.452407765,-1.303397435,-0.8932105239,-0.9280471034
Napak,2006-03-01,2006,3,83.74986209,435.3721277,-351.6222656,-351.6222656,-1274.259691,-2566.008971,-3403.034801,-4281.837754,-0.1280488076,-1.007856217,-1.450609928,-1.055013686,-0.7461949643
Napak,2006-04-01,2006,4,166.1832626,397.4097543,-231.2264916,-231.2264916,-1033.982002,-2395.698964,-3386.167587,-4107.909369,1.031021298,-0.07765772298,-0.9909003671,-1.005132026,-0.1504566193
Napak,2006-05-01,2006,5,192.7872763,395.9879901,-203.2007138,-203.2007138,-786.0494711,-2175.140372,-3297.520179,-4134.371404,1.300830113,0.882175328,-0.3955572332,-0.7429737593,-0.2410942045
Napak,2006-06-01,2006,6,119.9558103,383.0884495,-263.1326392,-263.1326392,-697.5598446,-1971.819536,-3263.568815,-4100.594646,0.7238555179,1.224749446,0.1532568618,-0.6425688968,-0.125402278
Napak,2006-07-01,2006,7,157.5678178,368.7540256,-211.1862078,-211.1862078,-677.5195608,-1711.501563,-3073.218524,-4063.687148,1.223952438,1.302332354,0.8559205691,-0.07964321452,0.001013040559
Napak,2006-08-01,2006,8,172.1441934,362.3009073,-190.1567139,-190.1567139,-664.4755608,-1450.525032,-2839.615933,-3961.99574,1.426406866,1.352830214,1.560361891,0.6111931256,0.349325773
Napak,2006-09-01,2006,9,65.89676319,427.7035049,-361.8067417,-361.8067417,-763.1496634,-1460.709508,-2734.969199,-4026.718479,-0.2260964498,0.9708284474,1.532871427,0.9206664327,0.1276378795
Napak,2006-10-01,2006,10,81.06866586,432.8806866,-351.8120208,-351.8120208,-903.7754764,-1581.295037,-2615.277039,-3976.994001,-0.1298756116,0.4264170201,1.207380744,1.274633797,0.2979538302
Napak,2006-11-01,2006,11,105.3652191,399.7305063,-294.3652871,-294.3652871,-1007.98405,-1672.45961,-2458.509082,-3847.599982,0.4231736305,0.02298939261,0.9613046222,1.738245957,0.7411533612
Napak,2006-12-01,2006,12,41.41824163,416.5848549,-375.1666132,-375.1666132,-1021.343921,-1784.493585,-2482.053429,-3756.31312,-0.3547141509,-0.02873131613,0.6588967372,1.668617916,1.053828515
Napak,2007-01-01,2007,1,10.23426417,460.2199879,-449.9857237,-449.9857237,-1119.517624,-2023.2931,-2700.812661,-3734.794663,-1.075010149,-0.4087958619,0.01431675908,1.021678059,1.12753339
Napak,2007-02-01,2007,2,34.32278736,457.0381068,-422.7153194,-422.7153194,-1247.867656,-2255.851706,-2920.327267,-3706.376738,-0.8124734393,-0.9056834728,-0.6134174315,0.3725043243,1.224870279
Napak,2007-03-01,2007,3,26.57267617,475.5928284,-449.0201522,-449.0201522,-1321.721195,-2343.065116,-3106.21478,-3803.774624,-1.065714432,-1.191596206,-0.8488283703,-0.1772235205,0.8912636859
Napak,2007-04-01,2007,4,116.6092045,462.1986624,-345.5894579,-345.5894579,-1217.32493,-2336.842554,-3240.61803,-3918.137591,-0.069969966,-0.7874419556,-0.8320321075,-0.574696206,0.4995484144
Napak,2007-05-01,2007,5,108.9292382,429.3874098,-320.4581716,-320.4581716,-1115.067782,-2362.935438,-3370.919488,-4035.395049,0.1719731002,-0.3915689745,-0.9024633678,-0.9600386011,0.09791895007
Napak,2007-06-01,2007,6,149.721657,352.640014,-202.918357,-202.918357,-868.9659865,-2190.687182,-3212.031103,-3975.180766,1.303548409,0.5611766612,-0.4375219846,-0.490155671,0.3041645089
Napak,2007-07-01,2007,7,206.6426995,358.3896159,-151.7469165,-151.7469165,-675.123445,-1892.448375,-3011.965999,-3915.741475,1.796184363,1.311608551,0.3674995964,0.1014997704,0.5077555741
Napak,2007-08-01,2007,8,218.5419458,364.5541443,-146.0121985,-146.0121985,-500.6774719,-1615.745254,-2863.61291,-3871.59696,1.851393445,1.98694958,1.114390941,0.5402265162,0.6589590747
Napak,2007-09-01,2007,9,201.7959288,366.2016637,-164.405735,-164.405735,-462.1648499,-1331.130836,-2652.852032,-3674.195953,1.674315816,2.136045333,1.882636866,1.163512726,1.33509569
Napak,2007-10-01,2007,10,22.92850455,403.9968583,-381.0683538,-381.0683538,-691.4862872,-1366.609732,-2583.934662,-3703.452286,-0.4115311868,1.248262299,1.786870399,1.367323066,1.234887093
Napak,2007-11-01,2007,11,11.62590534,437.7519809,-426.1260755,-426.1260755,-971.6001642,-1472.277636,-2587.345418,-3835.213074,-0.8453093549,0.1638440661,1.501646139,1.357236387,0.783580917
Napak,2007-12-01,2007,12,6.580980257,457.1621084,-450.5811282,-450.5811282,-1257.775557,-1719.940407,-2588.906394,-3910.627589,-1.080742207,-0.9440404038,0.8331420047,1.35262009,0.525271622
Napak,2008-01-01,2008,1,6.754075218,461.4712965,-454.7172213,-454.7172213,-1331.424425,-2022.910712,-2698.034157,-3915.359087,-1.120561062,-1.229160783,0.01534892111,1.029894969,0.5090653277
Napak,2008-02-01,2008,2,4.687058051,472.6883314,-468.0012734,-468.0012734,-1373.299623,-2344.899787,-2845.577259,-3960.645041,-1.248448837,-1.391274237,-0.8537806081,0.5935636088,0.3539521794
Napak,2008-03-01,2008,3,102.2409702,469.5885432,-367.3475729,-367.3475729,-1290.066068,-2547.841625,-3010.006475,-3878.972461,-0.2794389516,-1.069048198,-1.401571691,0.1072946982,0.6336965548
Napak,2008-04-01,2008,4,90.03686556,429.8413967,-339.8045312,-339.8045312,-1175.153377,-2506.577802,-3198.06409,-3873.187535,-0.01427751568,-0.6241812115,-1.290190252,-0.4488508197,0.6535110475
Napak,2008-05-01,2008,5,39.83762398,425.2944589,-385.4568349,-385.4568349,-1092.608939,-2465.908562,-3437.508726,-3938.186198,-0.4537798236,-0.304622984,-1.180413738,-1.156963924,0.430878058
Napak,2008-06-01,2008,6,120.9972775,391.9693148,-270.9720373,-270.9720373,-996.2334034,-2286.299471,-3544.075029,-4006.239878,0.6483843306,0.06848023068,-0.6956036104,-1.472113999,0.1977810448
Napak,2008-07-01,2008,7,195.1779251,390.1679103,-194.9899853,-194.9899853,-851.4188575,-2026.572235,-3357.99666,-4049.482947,1.379876161,0.6291076997,0.005465550053,-0.9218217349,0.04966517316
Napak,2008-08-01,2008,8,110.2592882,384.1636264,-273.9043382,-273.9043382,-739.8663608,-1832.4753,-3205.774923,-4177.375087,0.620154583,1.060966209,0.529382015,-0.4716541782,-0.3883901332
Napak,2008-09-01,2008,9,96.20525945,419.1307311,-322.9254716,-322.9254716,-791.8197951,-1788.053199,-3078.119266,-4335.894824,0.1482199926,0.8598363969,0.6492884435,-0.09413624927,-0.931350881
Napak,2008-10-01,2008,10,181.6636114,390.4529964,-208.789385,-208.789385,-805.6191949,-1657.038052,-2832.19143,-4163.615855,1.247027048,0.8064141216,1.002931288,0.6331497163,-0.341262103
Napak,2008-11-01,2008,11,101.551823,445.3104141,-343.7585911,-343.7585911,-875.4734477,-1615.339809,-2707.948748,-4081.24837,-0.05234390702,0.5359840156,1.11548534,1.000574407,-0.05913754313
Napak,2008-12-01,2008,12,0.3667098584,458.9826327,-458.6159228,-458.6159228,-1011.163899,-1802.983694,-2799.217097,-4089.283165,-1.158094509,0.01067909018,0.6089872794,0.7306651888,-0.08665826833
Napak,2009-01-01,2009,1,14.12493712,468.1543638,-454.0294266,-454.0294266,-1256.403941,-2062.023135,-2913.441993,-4088.59537,-1.113939549,-0.9387303977,-0.09022535013,0.3928662448,-0.08430243851
Napak,2009-02-01,2009,2,1.390699274,480.5660817,-479.1753824,-479.1753824,-1391.820732,-2267.29418,-3007.16054,-4099.769479,-1.35602384,-1.462975891,-0.6443035469,0.115711022,-0.1225759225
Napak,2009-03-01,2009,3,5.713301586,486.5908699,-480.8775683,-480.8775683,-1414.082377,-2425.246276,-3217.066071,-4213.299475,-1.372411066,-1.549158462,-1.070655998,-0.5050456564,-0.5114381075
Napak,2009-04-01,2009,4,96.31255172,418.2223261,-321.9097744,-321.9097744,-1281.962725,-2538.366666,-3343.985861,-4195.404718,0.1579982785,-1.037677341,-1.375996392,-0.8803873939,-0.4501451057
Napak,2009-05-01,2009,5,171.6512841,427.9388392,-256.2875551,-256.2875551,-1059.074898,-2450.89563,-3326.369077,-4066.235438,0.7897542785,-0.1748010485,-1.139890057,-0.8282890252,-0.007715347645
Napak,2009-06-01,2009,6,43.06490312,426.6296688,-383.5647657,-383.5647657,-961.7620953,-2375.844473,-3387.008372,-4178.828167,-0.4355645591,0.2019306525,-0.9373081002,-1.007618491,-0.3933672121
Napak,2009-07-01,2009,7,65.61937126,420.8769809,-355.2576096,-355.2576096,-995.1099305,-2277.072656,-3533.476596,-4339.095791,-0.1630468679,0.07282958502,-0.670698114,-1.440771101,-0.9423148132
Napak,2009-08-01,2009,8,41.19988512,439.5206018,-398.3207167,-398.3207167,-1137.143092,-2196.21799,-3588.038722,-4463.51217,-0.5776225489,-0.477030178,-0.4524510273,-1.602128468,-1.368464965
Napak,2009-09-01,2009,9,28.97422702,443.3960621,-414.4218351,-414.4218351,-1168.000161,-2129.762257,-3543.844634,-4555.008533,-0.7326306892,-0.5964886247,-0.2730702824,-1.47143265,-1.681857701
Napak,2009-10-01,2009,10,86.07668779,446.6086173,-360.5319295,-360.5319295,-1173.274481,-2168.384412,-3450.347137,-4706.751077,-0.2138236211,-0.6169073512,-0.3773211969,-1.194931143,-2.201605255
Napak,2009-11-01,2009,11,8.556236926,447.3322927,-438.7760558,-438.7760558,-1213.72982,-2350.872912,-3409.94781,-4801.768542,-0.9670928152,-0.773524038,-0.8699035763,-1.075457627,-2.527058443
Napak,2009-12-01,2009,12,91.42352826,438.84877,-347.4252417,-347.4252417,-1146.733227,-2314.733388,-3276.495484,-4690.577861,-0.08764336153,-0.5141569257,-0.772353908,-0.6807971216,-2.146208862
Napak,2010-01-01,2010,1,13.19300451,472.9583563,-459.7653518,-459.7653518,-1245.966649,-2419.241131,-3414.351061,-4696.313786,-1.169160252,-0.8983240135,-1.054446599,-1.088479425,-2.165855515
Napak,2010-02-01,2010,2,89.95450876,475.004291,-385.0497823,-385.0497823,-1192.240376,-2405.970196,-3543.113288,-4602.188186,-0.4498610601,-0.6903309244,-1.018625008,-1.469269831,-1.843457135
Napak,2010-03-01,2010,3,95.12832965,434.9596003,-339.8312706,-339.8312706,-1184.646405,-2331.379632,-3499.379793,-4461.141888,-0.01453494082,-0.6609320213,-0.8172863068,-1.33993613,-1.360346294
Napak,2010-04-01,2010,4,148.4365637,432.1639924,-283.7274287,-283.7274287,-1008.608482,-2254.575131,-3427.849612,-4422.959543,0.5255860598,0.0205719993,-0.6099716343,-1.128398886,-1.229564378
Napak,2010-05-01,2010,5,191.7854008,359.4909348,-167.7055341,-167.7055341,-791.2642334,-1983.504609,-3197.23443,-4334.377522,1.642548102,0.8619871696,0.1217159083,-0.4463972539,-0.9261538285
Napak,2010-06-01,2010,6,133.7355001,373.753264,-240.0177639,-240.0177639,-691.4507267,-1876.097131,-3022.830358,-4190.83052,0.9463862597,1.248399966,0.4116357158,0.06937044124,-0.4344775926
Napak,2010-07-01,2010,7,143.2773388,365.4833305,-222.2059917,-222.2059917,-629.9292897,-1638.537771,-2884.504421,-4057.778902,1.117863148,1.486570844,1.052868201,0.4784437481,0.02124992418
Napak,2010-08-01,2010,8,139.6639166,380.303237,-240.6393205,-240.6393205,-702.8630761,-1494.127309,-2686.367685,-3900.097506,0.9404024316,1.204218793,1.442668373,1.064396396,0.5613391937
Napak,2010-09-01,2010,9,88.05967514,398.4112989,-310.3516237,-310.3516237,-773.1969359,-1464.647663,-2649.294067,-3796.027294,0.2692705143,0.9319319615,1.522241357,1.174034745,0.9177997897
Napak,2010-10-01,2010,10,71.03638523,434.2629057,-363.2265205,-363.2265205,-914.2174647,-1544.146754,-2552.755236,-3798.721885,-0.2397648957,0.385992452,1.307653306,1.459530435,0.9085702946
Napak,2010-11-01,2010,11,4.303779716,438.3747604,-434.0709807,-434.0709807,-1107.649125,-1810.512201,-2601.776434,-3794.01681,-0.9217962761,-0.3628487741,0.5886659448,1.314559332,0.9246860865
Napak,2010-12-01,2010,12,13.6979931,462.5444372,-448.8464441,-448.8464441,-1246.143945,-2019.340881,-2710.791608,-3895.438013,-1.064042115,-0.8990103879,0.0249847934,0.9921671746,0.5772988588
Napak,2011-01-01,2011,1,1.325207052,471.725658,-470.400451,-470.400451,-1353.317876,-2267.53534,-2897.46463,-3906.073112,-1.271546118,-1.313917944,-0.6449545006,0.4401163321,0.5408715878
Napak,2011-02-01,2011,2,6.653277727,502.5386808,-495.885403,-495.885403,-1415.132298,-2522.781423,-3225.644499,-4016.908732,-1.516893983,-1.55322307,-1.3339279,-0.5304147653,0.1612381568
Napak,2011-03-01,2011,3,54.42941875,480.463304,-426.0338853,-426.0338853,-1392.319739,-2638.463685,-3411.66062,-4103.111347,-0.8444218239,-1.464907722,-1.646183431,-1.080522945,-0.1340224656
Napak,2011-04-01,2011,4,69.92919284,463.9693828,-394.04019,-394.04019,-1315.959478,-2669.277354,-3583.494819,-4213.424108,-0.5364132074,-1.169290596,-1.729357278,-1.588690718,-0.5118650016
Napak,2011-05-01,2011,5,145.6450688,407.3166264,-261.6715576,-261.6715576,-1081.745633,-2496.877931,-3604.527056,-4307.390132,0.7379215932,-0.2625673476,-1.264007857,-1.650889658,-0.8337168003
Napak,2011-06-01,2011,6,172.2340346,383.8922295,-211.6581949,-211.6581949,-867.3699424,-2259.689682,-3505.833627,-4279.030563,1.219408539,0.5673555028,-0.6237770936,-1.359022147,-0.7365797932
Napak,2011-07-01,2011,7,161.9186687,364.5687312,-202.6500625,-202.6500625,-675.979815,-1991.939293,-3345.257169,-4259.474634,1.306131325,1.308293246,0.09894857388,-0.8841470528,-0.6695969545
Napak,2011-08-01,2011,8,167.4449339,358.1916431,-190.7467092,-190.7467092,-605.0549666,-1686.800599,-3101.932897,-4209.582022,1.420726884,1.582867999,0.9225946849,-0.1645606473,-0.4987051142
Napak,2011-09-01,2011,9,145.5259184,396.3137567,-250.7878383,-250.7878383,-644.18461,-1511.554552,-2903.874292,-4150.018237,0.8427009653,1.431383541,1.395627859,0.4211609468,-0.2946876327
Napak,2011-10-01,2011,10,87.45594928,406.3446916,-318.8887423,-318.8887423,-760.4232898,-1436.403105,-2752.362583,-4105.680459,0.187082256,0.9813831876,1.598480526,0.8692287254,-0.1428221697
Napak,2011-11-01,2011,11,168.1511866,385.971546,-217.8203594,-217.8203594,-787.4969401,-1392.551907,-2474.297539,-3889.429838,1.160084358,0.8765716721,1.716845943,1.691554521,0.5978780199
Napak,2011-12-01,2011,12,14.42012208,444.5647389,-430.1446169,-430.1446169,-966.8537186,-1611.038329,-2478.408271,-3870.72801,-0.8839965195,0.1822192078,1.127096116,1.679397795,0.6619353941
Napak,2012-01-01,2012,1,0.05881971203,488.4461187,-488.387299,-488.387299,-1136.352275,-1896.775565,-2572.75538,-3888.714858,-1.44470849,-0.4739686513,0.3558194202,1.400383718,0.6003269619
Napak,2012-02-01,2012,2,12.16231535,493.4372057,-481.2748903,-481.2748903,-1399.806806,-2187.303746,-2792.358713,-3874.104346,-1.376236151,-1.493892761,-0.4283892408,0.7509475892,0.6503707928
Napak,2012-03-01,2012,3,6.903050715,501.2771625,-494.3741118,-494.3741118,-1464.036301,-2430.89002,-3075.07463,-3942.444572,-1.502344531,-1.742547473,-1.085889882,-0.08513230173,0.4162923035
Napak,2012-04-01,2012,4,156.1882386,450.2311746,-294.0429361,-294.0429361,-1269.691938,-2406.044213,-3166.467503,-3842.447318,0.4262769579,-0.9901728576,-1.018824799,-0.3554097754,0.7588022324
Napak,2012-05-01,2012,5,155.312476,371.3710239,-216.0585479,-216.0585479,-1004.475596,-2404.282402,-3191.779342,-3796.834309,1.17704561,0.03657183774,-1.014069227,-0.430264844,0.9150356097
Napak,2012-06-01,2012,6,218.6305676,378.6216821,-159.9911144,-159.9911144,-670.0925984,-2134.1289,-3100.982618,-3745.167228,1.716816101,1.331084708,-0.2848569501,-0.1617503725,1.09200535
Napak,2012-07-01,2012,7,185.820062,345.8984706,-160.0784086,-160.0784086,-536.128071,-1805.820009,-2942.172284,-3702.595574,1.715975705,1.849707983,0.6013313513,0.3079017361,1.237821496
Napak,2012-08-01,2012,8,176.4076868,358.834884,-182.4271972,-182.4271972,-502.4967203,-1506.972316,-2906.779122,-3694.276062,1.500820207,1.979906637,1.407996468,0.4125704492,1.266317433
Napak,2012-09-01,2012,9,102.5891547,389.8325653,-287.2434105,-287.2434105,-629.7490164,-1299.841615,-2763.877916,-3730.731635,0.4917371189,1.487268744,1.967094347,0.8351742641,1.141450049
Napak,2012-10-01,2012,10,126.8982161,400.8356503,-273.9374343,-273.9374343,-743.6080421,-1279.736113,-2549.428051,-3685.780326,0.6198359617,1.04648086,2.021364156,1.469369967,1.295416971
Napak,2012-11-01,2012,11,61.45009431,402.8982722,-341.4481779,-341.4481779,-902.6290227,-1405.125743,-2409.601339,-3809.408145,-0.03010117577,0.430855341,1.682905995,1.882881536,0.8719677891
Napak,2012-12-01,2012,12,20.30590849,427.7121984,-407.4062899,-407.4062899,-1022.791902,-1652.540919,-2322.633517,-3786.669818,-0.6650908711,-0.03433695403,1.015070184,2.14007274,0.9498509552
Napak,2013-01-01,2013,1,33.21120917,465.7502391,-432.5390299,-432.5390299,-1181.393498,-1925.00154,-2461.129611,-3730.821549,-0.9070479318,-0.6483388875,0.2796304125,1.730496228,1.141142075
Napak,2013-02-01,2013,2,10.38732523,478.9077519,-468.5204267,-468.5204267,-1308.465747,-2211.094769,-2713.59149,-3718.067085,-1.253446812,-1.140279754,-0.4926071981,0.9838870437,1.184828579
Napak,2013-03-01,2013,3,66.3401145,462.6875712,-396.3474567,-396.3474567,-1297.406913,-2320.198815,-2949.947832,-3620.04043,-0.5586256479,-1.097467165,-0.7871064706,0.2849069965,1.520588826
Napak,2013-04-01,2013,4,218.2235088,377.4314445,-159.2079357,-159.2079357,-1024.075819,-2205.469317,-2949.077359,-3485.20543,1.724355893,-0.03930744327,-0.4774226867,0.2874812587,1.982424772
Napak,2013-05-01,2013,5,109.1589775,394.1455962,-284.9866187,-284.9866187,-840.5420112,-2149.007758,-3051.63678,-3554.133501,0.5134636285,0.6712157545,-0.3250187321,-0.0158192094,1.746332802
Napak,2013-06-01,2013,6,110.8388097,382.3921325,-271.5533228,-271.5533228,-715.7478772,-2013.154791,-3035.946693,-3665.695709,0.6427881987,1.154337247,0.04168260837,0.03058131521,1.364210668
Napak,2013-07-01,2013,7,139.2676736,365.2789349,-226.0112613,-226.0112613,-782.5512028,-1806.627022,-2988.02052,-3731.628562,1.081229186,0.895718341,0.5991530206,0.1723140833,1.1383779
Napak,2013-08-01,2013,8,155.058951,367.9465919,-212.8876409,-212.8876409,-710.452225,-1550.994236,-2859.459983,-3762.089005,1.207572458,1.174838558,1.28917023,0.5525080283,1.034044991
Napak,2013-09-01,2013,9,115.1362151,400.0098221,-284.873607,-284.873607,-723.7725092,-1439.520386,-2736.9273,-3759.719202,0.514551611,1.123271105,1.590066198,0.9148757129,1.042162026
Napak,2013-10-01,2013,10,91.2108555,398.9137385,-307.702883,-307.702883,-805.4641309,-1588.015334,-2612.091153,-3793.484651,0.2947703806,0.8070144279,1.189240972,1.284055465,0.9265088357
Napak,2013-11-01,2013,11,62.34206289,413.7404549,-351.398392,-351.398392,-943.9748821,-1654.427107,-2494.969118,-3803.434865,-0.1258935391,0.2707911407,1.009978886,1.630422161,0.8924274285
Napak,2013-12-01,2013,12,25.51095222,436.068697,-410.5577448,-410.5577448,-1069.65902,-1793.431529,-2509.179406,-3806.58632,-0.69543045,-0.2157758655,0.6347709762,1.588397869,0.8816330864
Napak,2014-01-01,2014,1,0.9259612817,476.2141315,-475.2881703,-475.2881703,-1237.244307,-2042.708438,-2825.259641,-3849.33546,-1.318601003,-0.8645567933,-0.03809012199,0.6536491967,0.7352090153
Napak,2014-02-01,2014,2,6.778893032,475.177441,-468.398548,-468.398548,-1354.244463,-2298.219345,-3008.67157,-3849.213581,-1.252273466,-1.317505086,-0.7277783497,0.1112424319,0.7356264734
Napak,2014-03-01,2014,3,92.78646023,488.2055647,-395.4191044,-395.4191044,-1339.105823,-2408.764843,-3132.537352,-3848.285229,-0.5496882459,-1.258898144,-1.026168462,-0.2550676449,0.7388062596
Napak,2014-04-01,2014,4,22.57168148,452.7986318,-430.2269503,-430.2269503,-1294.044603,-2531.28891,-3336.753041,-4119.304244,-0.8847891573,-1.084450491,-1.356891748,-0.8589976708,-0.1894862667
Napak,2014-05-01,2014,5,162.2628558,426.8307479,-264.5678921,-264.5678921,-1090.213947,-2444.45841,-3388.433292,-4098.885517,0.7100381001,-0.2953511362,-1.122514381,-1.011832429,-0.1195481799
Napak,2014-06-01,2014,6,110.5943261,383.5883367,-272.9940106,-272.9940106,-967.788853,-2306.894676,-3376.553696,-4100.326205,0.6289184577,0.1785989774,-0.7511952498,-0.9767007258,-0.1244828143
Napak,2014-07-01,2014,7,109.1861345,380.2902861,-271.1041516,-271.1041516,-808.6660543,-2102.710657,-3339.954964,-4145.419095,0.6471124445,0.7946186691,-0.2000512084,-0.8684667652,-0.2789346822
Napak,2014-08-01,2014,8,153.6907149,374.5547578,-220.8640429,-220.8640429,-764.9622051,-1855.176152,-3209.420615,-4153.395497,1.130782312,0.9638114681,0.4681067034,-0.4824356369,-0.3062554013
Napak,2014-09-01,2014,9,75.67419206,411.7255158,-336.0513237,-336.0513237,-828.0195182,-1795.808371,-3134.914194,-4204.573214,0.02185523529,0.7196946797,0.6283552811,-0.2620967148,-0.4815489762
Napak,2014-10-01,2014,10,162.5552131,402.9379341,-240.382721,-240.382721,-797.2980876,-1605.964142,-2900.008745,-4137.253052,0.9428727572,0.8386280214,1.140792623,0.4325925852,-0.250964405
Napak,2014-11-01,2014,11,70.6151316,407.2031682,-336.5880366,-336.5880366,-913.0220814,-1677.984287,-2768.198233,-4122.442696,0.01668821103,0.3906201965,0.9463921316,0.8223977267,-0.2002360743
Napak,2014-12-01,2014,12,12.08216573,457.3157107,-445.233545,-445.233545,-1022.204303,-1850.223821,-2818.012674,-4157.118497,-1.029260136,-0.03206215203,0.481474291,0.6750807575,-0.3190073945
Napak,2015-01-01,2015,1,0.1197708323,493.4251326,-493.3053617,-493.3053617,-1275.126943,-2072.425031,-2881.091085,-4175.135688,-1.492055497,-1.011213653,-0.1183026835,0.4885380544,-0.3807197589
Napak,2015-02-01,2015,2,6.526632788,479.5556634,-473.0290306,-473.0290306,-1411.567937,-2324.590019,-3089.552224,-4179.766171,-1.296851891,-1.53942419,-0.7989594329,-0.1279471012,-0.3965800571
Napak,2015-03-01,2015,3,39.56206264,491.9559178,-452.3938552,-452.3938552,-1418.728248,-2440.93255,-3268.952068,-4236.740921,-1.098193631,-1.567144241,-1.112997198,-0.6584888696,-0.5917295945
Napak,2015-04-01,2015,4,231.4121542,382.3066599,-150.8945056,-150.8945056,-1076.317391,-2351.444335,-3148.742422,-3957.408477,1.804390664,-0.2415527376,-0.8714459888,-0.302991136,0.3650380372
Napak,2015-05-01,2015,5,140.331257,387.0492663,-246.7180093,-246.7180093,-850.0063701,-2261.574307,-3174.596389,-3939.558594,0.8818818849,0.6345759297,-0.6288641727,-0.3794494467,0.4261773369
Napak,2015-06-01,2015,6,243.0085801,348.8173305,-105.8087504,-105.8087504,-503.4212654,-1922.149513,-2944.353816,-3772.373334,2.238438715,1.976327401,0.2873287508,0.3014502625,0.9988191781
Napak,2015-07-01,2015,7,118.1046441,399.157351,-281.0527069,-281.0527069,-633.5794667,-1709.896858,-2985.023801,-3782.321889,0.5513360503,1.472439739,0.8602520713,0.1811763218,0.9647434525
Napak,2015-08-01,2015,8,20.11297874,425.5133229,-405.4003442,-405.4003442,-792.2618016,-1642.268172,-3053.836109,-3966.85819,-0.6457792983,0.8581252362,1.042798912,-0.02232331562,0.3326709407
Napak,2015-09-01,2015,9,18.99653049,465.4113627,-446.4148322,-446.4148322,-1132.867883,-1636.289149,-3055.017396,-4077.221699,-1.040632584,-0.4604793583,1.058937799,-0.02581675358,-0.04534541452
Napak,2015-10-01,2015,10,98.43207405,445.2682356,-346.8361616,-346.8361616,-1198.651338,-1832.230805,-2908.548196,-4183.675139,-0.08197218914,-0.7151499886,0.5300419689,0.4073387413,-0.4099690311
Napak,2015-11-01,2015,11,141.087942,372.2295232,-231.1415811,-231.1415811,-1024.392575,-1816.654376,-2666.660747,-4078.228684,1.031838745,-0.04053371509,0.5720866678,1.122676012,-0.048794533
Napak,2015-12-01,2015,12,24.84847077,448.9127879,-424.0643172,-424.0643172,-1002.04206,-2134.909943,-2638.331209,-4057.059456,-0.8254604649,0.04599290144,-0.2869651835,1.206455367,0.02371416524
Napak,2016-01-01,2016,1,6.825096077,454.7544906,-447.9293945,-447.9293945,-1103.135293,-2301.786631,-2935.366097,-4011.683489,-1.055213527,-0.3453741602,-0.7374073513,0.3280297717,0.1791356264
Napak,2016-02-01,2016,2,1.111863236,497.2514674,-496.1396041,-496.1396041,-1368.133316,-2392.525891,-3184.787692,-4034.794062,-1.519341219,-1.371273665,-0.982335445,-0.4095883367,0.09997744359
Napak,2016-03-01,2016,3,10.8797597,494.8375342,-483.9577745,-483.9577745,-1428.026773,-2430.068833,-3562.936716,-4066.357982,-1.402064723,-1.603142068,-1.083673292,-1.527893943,-0.008135082904
Napak,2016-04-01,2016,4,164.7570399,429.8706733,-265.1136335,-265.1136335,-1245.211012,-2348.346305,-3546.997643,-4180.57711,0.7047841571,-0.8953986791,-0.8630836268,-1.480757089,-0.3993576799
Napak,2016-05-01,2016,5,147.3995335,389.4898587,-242.0903251,-242.0903251,-991.1617331,-2359.295049,-3383.687624,-4175.949425,0.9264333689,0.08811443027,-0.8926370416,-0.9977979957,-0.3835069668
Napak,2016-06-01,2016,6,120.3625445,407.6258696,-287.2633251,-287.2633251,-794.4672837,-2222.494057,-3224.536117,-4357.404,0.4915453982,0.849587048,-0.5233767433,-0.52713693,-1.005023969
Napak,2016-07-01,2016,7,125.8678333,371.1966629,-245.3288296,-245.3288296,-774.6824799,-2019.893492,-3123.028785,-4321.680123,0.8952557483,0.9261809041,0.02349315782,-0.2269478216,-0.8826627821
Napak,2016-08-01,2016,8,84.22089102,398.6804059,-314.4595149,-314.4595149,-847.0516696,-1838.213403,-3206.346719,-4230.739293,0.2297231638,0.6460146028,0.5138934315,-0.4733451584,-0.5711728585
Napak,2016-09-01,2016,9,43.33278288,422.2565986,-378.9238158,-378.9238158,-938.7121603,-1733.179444,-3161.206217,-4163.248277,-0.3908853634,0.2911649668,0.7974065138,-0.3398504974,-0.3400030778
Napak,2016-10-01,2016,10,24.8307784,456.4935946,-431.6628162,-431.6628162,-1125.046147,-1899.728627,-3144.939639,-4248.074932,-0.8986124769,-0.4301986963,0.3478483639,-0.291745109,-0.6305507712
Napak,2016-11-01,2016,11,33.24371356,430.6101331,-397.3664195,-397.3664195,-1207.953052,-2055.004721,-3046.166454,-4414.29977,-0.5684353716,-0.7511601565,-0.07128088413,0.000358265881,-1.199902982
Napak,2016-12-01,2016,12,0.6378705906,457.6255916,-456.987721,-456.987721,-1286.016957,-2224.729117,-3019.196401,-4447.223174,-1.14241954,-1.053372682,-0.5294097333,0.08011719718,-1.312672006
Napak,2017-01-01,2017,1,6.832685381,485.9246182,-479.0919328,-479.0919328,-1333.446073,-2458.49222,-3233.1747,-4478.385712,-1.355220456,-1.236987286,-1.160395166,-0.5526839382,-1.419409725
Napak,2017-02-01,2017,2,7.525258678,470.8544869,-463.3292282,-463.3292282,-1399.408882,-2607.361934,-3454.413603,-4445.575336,-1.203470283,-1.492352259,-1.56223198,-1.206956963,-1.307027843
Napak,2017-03-01,2017,3,36.77904525,493.416682,-456.6376368,-456.6376368,-1399.058798,-2685.075755,-3623.787915,-4418.255199,-1.139049221,-1.490996961,-1.772001136,-1.707850077,-1.213451089
Napak,2017-04-01,2017,4,64.75321202,476.9858862,-412.2326742,-412.2326742,-1332.199539,-2665.645612,-3790.691759,-4565.374239,-0.7115552734,-1.232161519,-1.719554294,-2.201437243,-1.717362249
Napak,2017-05-01,2017,5,135.6946237,394.062399,-258.3677753,-258.3677753,-1127.238086,-2526.646968,-3734.60002,-4581.651689,0.7697276538,-0.4386844558,-1.34436198,-2.035556326,-1.773115663
Napak,2017-06-01,2017,6,57.15952975,413.1212671,-355.9617373,-355.9617373,-1026.562187,-2425.620985,-3711.637941,-4650.350102,-0.169825622,-0.04893303716,-1.07166743,-1.967650237,-2.008421008
Napak,2017-07-01,2017,7,206.1526932,364.9631347,-158.8104414,-158.8104414,-773.1399541,-2105.339493,-3438.785567,-4563.831713,1.728182636,0.9321525579,-0.2071470988,-1.160739943,-1.7120788
Napak,2017-08-01,2017,8,139.1656202,376.6440393,-237.4784191,-237.4784191,-752.2505978,-1879.488684,-3278.897566,-4486.850618,0.9708329543,1.013022521,0.4024810618,-0.6879008345,-1.448403662
Napak,2017-09-01,2017,9,138.3742997,401.6665545,-263.2922548,-263.2922548,-659.5811153,-1686.143302,-3085.2021,-4371.219057,0.7223188714,1.371778315,0.9243688955,-0.1150824165,-1.052343209
Napak,2017-10-01,2017,10,111.1262736,422.094462,-310.9681884,-310.9681884,-811.7388623,-1584.878816,-2917.078356,-4250.524429,0.2633347437,0.7827227607,1.197707222,0.3821123769,-0.6389407725
Napak,2017-11-01,2017,11,61.82942797,416.3067248,-354.4772969,-354.4772969,-928.7377401,-1680.988338,-2808.226424,-4207.635306,-0.1555346671,0.3297794162,0.938283441,0.7040217759,-0.4920372349
Napak,2017-12-01,2017,12,0.07351210091,473.9503095,-473.8767974,-473.8767974,-1139.322283,-1798.903398,-2825.465585,-4224.524383,-1.305013482,-0.4854665827,0.6200010251,0.6530401556,-0.549885587
Napak,2018-01-01,2018,1,0.428141806,477.7848465,-477.3567047,-477.3567047,-1305.710799,-2117.449661,-2890.589615,-4222.789154,-1.338515127,-1.129614394,-0.2398354892,0.4604479135,-0.5439420952
Napak,2018-02-01,2018,2,11.22897154,473.0887703,-461.8597988,-461.8597988,-1413.093301,-2341.831041,-3094.081639,-4221.319725,-1.189323842,-1.545329403,-0.84549729,-0.141342006,-0.5389090153
Napak,2018-03-01,2018,3,144.568674,405.0204851,-260.4518111,-260.4518111,-1199.668315,-2338.990597,-2998.571713,-4025.133899,0.7496642947,-0.7190870587,-0.8378302177,0.1411108873,0.1330653699
Napak,2018-04-01,2018,4,264.5172488,393.8494536,-129.3322048,-129.3322048,-851.6438147,-2157.354614,-2969.093476,-3742.23343,2.011974514,0.6282368121,-0.3475489964,0.228287305,1.102054176
Napak,2018-05-01,2018,5,224.0831047,351.4116192,-127.3285146,-127.3285146,-517.1125305,-1930.205831,-2858.943571,-3611.194169,2.031264372,1.923323753,0.2655827202,0.5540352189,1.55088898
Napak,2018-06-01,2018,6,171.8477148,350.6370419,-178.7893271,-178.7893271,-435.4500465,-1635.118361,-2774.440644,-3434.021759,1.535842587,2.239467628,1.06209805,0.8039369556,2.157738741
Napak,2018-07-01,2018,7,73.55517557,353.5596231,-280.0044475,-280.0044475,-586.1222891,-1437.766104,-2743.476903,-3555.215765,0.5614278182,1.656162978,1.594801448,0.8955064768,1.742625838
Napak,2018-08-01,2018,8,124.1128705,384.5867796,-260.473909,-260.473909,-719.2676836,-1236.380214,-2649.473515,-3578.211255,0.7494515545,1.140710852,2.138392636,1.173504062,1.663861839
Napak,2018-09-01,2018,9,41.2136115,430.0826778,-388.8690663,-388.8690663,-929.3474229,-1364.797469,-2564.465784,-3703.788067,-0.4866299419,0.3274191222,1.791762153,1.424898661,1.233736979
Napak,2018-10-01,2018,10,79.44960025,433.6200756,-354.1704754,-354.1704754,-1003.513451,-1589.63574,-2441.279555,-3746.990354,-0.1525808458,0.04029663567,1.184867088,1.789199088,1.085760793
Napak,2018-11-01,2018,11,11.60534025,439.5942658,-427.9889256,-427.9889256,-1171.028467,-1890.296151,-2407.408681,-3820.501982,-0.8632433218,-0.6082122499,0.3733089895,1.889365914,0.8339692513
Napak,2018-12-01,2018,12,36.44525413,456.9346472,-420.4893931,-420.4893931,-1202.648794,-2131.996217,-2567.446263,-3767.114578,-0.7910440774,-0.7306255313,-0.2791003032,1.416084446,1.016831433
Napak,2019-01-01,2019,1,1.444163513,479.6534461,-478.2092826,-478.2092826,-1326.687601,-2330.201052,-2916.323341,-3767.967156,-1.346723036,-1.210822891,-0.8141050236,0.3843451919,1.013911189
Napak,2019-02-01,2019,2,3.908625836,486.4973795,-482.5887537,-482.5887537,-1381.287429,-2552.315897,-3271.58358,-3788.696111,-1.388884931,-1.422197813,-1.413648876,-0.6662710778,0.9429105109
Napak,2019-03-01,2019,3,13.07686099,498.7395468,-485.6626858,-485.6626858,-1446.460722,-2649.109516,-3578.456939,-4013.906985,-1.418478187,-1.674506294,-1.674919209,-1.573792123,0.1715197208
Napak,2019-04-01,2019,4,59.22648022,481.0255574,-421.7990772,-421.7990772,-1390.050517,-2716.738118,-3720.251569,-4306.373858,-0.8036526237,-1.456122772,-1.857465822,-1.993123443,-0.8302358652
Napak,2019-05-01,2019,5,149.6193758,437.5607418,-287.941366,-287.941366,-1195.403129,-2576.690558,-3747.719026,-4466.986709,0.4850177862,-0.7025750419,-1.479442221,-2.074353352,-1.380365936
Napak,2019-06-01,2019,6,171.3661919,345.1944126,-173.8282206,-173.8282206,-883.5686638,-2330.029386,-3532.67818,-4462.025603,1.583603982,0.504644619,-0.8136416533,-1.438409933,-1.363373187
Napak,2019-07-01,2019,7,147.6576672,360.5897637,-212.9320966,-212.9320966,-674.7016831,-2064.7522,-3391.439801,-4394.953252,1.207144476,1.313241338,-0.09759178158,-1.020723622,-1.133637416
Napak,2019-08-01,2019,8,149.331717,366.9274763,-217.5957593,-217.5957593,-604.3560765,-1799.759205,-3181.046635,-4352.075102,1.162246621,1.585573646,0.6176909853,-0.3985248529,-0.9867714633
Napak,2019-09-01,2019,9,121.6204255,389.130983,-267.5105575,-267.5105575,-698.0384133,-1581.607077,-3028.067799,-4230.716593,0.6817085718,1.22289674,1.206538469,0.05388168168,-0.5710951058
Napak,2019-10-01,2019,10,162.862806,365.8247522,-202.9619462,-202.9619462,-688.068263,-1362.769946,-2752.820463,-4079.508064,1.303128769,1.261494659,1.797234948,0.867874631,-0.05317665737
Napak,2019-11-01,2019,11,88.96619364,408.9856832,-320.0194896,-320.0194896,-790.4919932,-1394.84807,-2590.251199,-3971.538628,0.1761963645,0.8649767798,1.710648021,1.348643079,0.3166395368
Napak,2019-12-01,2019,12,71.55057561,422.9383469,-351.3877712,-351.3877712,-874.369207,-1572.40762,-2455.976284,-3902.437006,-0.125791291,0.5402589154,1.231370118,1.745736236,0.5533259524
Napak,2020-01-01,2020,1,45.02252474,458.4248661,-413.4023413,-413.4023413,-1084.809602,-1772.877865,-2447.579548,-3837.630065,-0.7228158533,-0.2744290386,0.6902504866,1.770568025,0.7753022565
Napak,2020-02-01,2020,2,30.26631655,468.1682287,-437.9019122,-437.9019122,-1202.692025,-1993.184018,-2597.540094,-3792.943223,-0.9586772892,-0.7307928921,0.0955887486,1.327087522,0.9283633288
Napak,2020-03-01,2020,3,100.6405555,440.9601978,-340.3196422,-340.3196422,-1191.623896,-2065.993103,-2764.031516,-3647.60018,-0.01923657561,-0.6879443157,-0.1009412908,0.8347200201,1.426191355
Napak,2020-04-01,2020,4,168.5567303,438.4501698,-269.8934395,-269.8934395,-1048.114994,-2132.924596,-2820.992859,-3495.694542,0.6587681712,-0.1323714487,-0.2816062318,0.6662674127,1.946497535
Napak,2020-05-01,2020,5,134.7585916,363.9594897,-229.2008981,-229.2008981,-839.4139798,-2042.106005,-2832.597998,-3436.954074,1.050522023,0.6755827562,-0.03646400248,0.631947367,2.147694995
Napak,2020-06-01,2020,6,167.0843452,350.925417,-183.8410718,-183.8410718,-682.9354093,-1874.559305,-2748.928512,-3446.966925,1.487208602,1.281365721,0.415786696,0.8793843534,2.113399044
Napak,2020-07-01,2020,7,204.8167905,341.7311759,-136.9143854,-136.9143854,-549.9563553,-1598.071349,-2682.880951,-3370.949214,1.938979603,1.796173885,1.162097257,1.074707765,2.373774402
Napak,2020-08-01,2020,8,200.0051762,345.9031978,-145.8980216,-145.8980216,-466.6534787,-1306.067459,-2508.759483,-3299.251476,1.852492646,2.11866829,1.950289229,1.589639714,2.619353017
Napak,2020-09-01,2020,9,198.5279288,373.2068095,-174.6788807,-174.6788807,-457.4912876,-1140.426697,-2332.050593,-3206.4198,1.575414536,2.154138318,2.397395321,2.112223485,2.937319459
Napak,2020-10-01,2020,10,169.6956509,369.6100508,-199.9143998,-199.9143998,-520.4913021,-1070.447657,-2118.562651,-3203.372253,1.332468004,1.910243353,2.586286357,2.743574478,2.947757894
Napak,2020-11-01,2020,11,37.42414728,403.5571881,-366.1330408,-366.1330408,-740.7263213,-1207.3798,-2046.79378,-3249.485805,-0.267746449,1.057637003,2.21667205,2.955817605,2.789810065
Napak,2020-12-01,2020,12,4.988931385,444.8405885,-439.8516571,-439.8516571,-1005.899098,-1463.390385,-2146.325795,-3337.94969,-0.9774478073,0.03106096672,1.525635065,2.66147013,2.486804152
Napak,2021-01-01,2021,1,2.642600633,463.9324178,-461.2898172,-461.2898172,-1267.274515,-1787.765817,-2337.722172,-3385.837166,-1.183836534,-0.980814172,0.6500641581,2.09545084,2.322780288
Napak,2021-02-01,2021,2,2.13364205,484.8368088,-482.7031668,-482.7031668,-1383.844641,-2124.570962,-2591.224441,-3430.638421,-1.389986406,-1.432097669,-0.2590576728,1.345764895,2.169327329
Napak,2021-03-01,2021,3,13.63133881,474.6777192,-461.0463804,-461.0463804,-1405.039364,-2410.938462,-2868.42975,-3551.365159,-1.181492928,-1.514149814,-1.032035608,0.5259816061,1.755814908
Napak,2021-04-01,2021,4,66.68268235,425.1477048,-358.4650225,-358.4650225,-1302.21457,-2569.489085,-3089.980387,-3639.936742,-0.1939251639,-1.116079275,-1.460003632,-0.129213314,1.452440111
Napak,2021-05-01,2021,5,173.5646977,388.0703235,-214.5056259,-214.5056259,-1034.017029,-2417.86167,-3158.587991,-3625.24147,1.191995848,-0.07779332319,-1.050723088,-0.3321075797,1.50277426
Napak,2021-06-01,2021,6,39.2104267,409.8066875,-370.5962608,-370.5962608,-943.5669091,-2348.606274,-3354.505371,-3811.996659,-0.3107146087,0.2723705457,-0.8637853475,-0.9114968959,0.8631016285
Napak,2021-07-01,2021,7,143.1735194,368.0749874,-224.901468,-224.901468,-810.0033546,-2112.217924,-3379.492439,-3899.983741,1.09191335,0.7894415144,-0.225713715,-0.9853915158,0.5617288583
Napak,2021-08-01,2021,8,79.1463847,408.6260736,-329.4796889,-329.4796889,-924.9774176,-1958.994446,-3342.839087,-4083.565409,0.08512145536,0.3443369323,0.1878750047,-0.8769960253,-0.06707384749
Napak,2021-09-01,2021,9,190.9526096,385.6452062,-194.6925966,-194.6925966,-749.0737534,-1692.640663,-3097.680027,-4103.579125,1.382739171,1.02532119,0.9068308849,-0.1519835716,-0.135624694
Napak,2021-10-01,2021,10,60.5140356,419.802745,-359.2887094,-359.2887094,-883.4609949,-1693.464349,-2995.678919,-4262.953434,-0.2018549348,0.5050614428,0.9046075466,0.1496657872,-0.6815125192
Napak,2021-11-01,2021,11,2.934551962,443.2732364,-440.3386845,-440.3386845,-994.3199905,-1919.297408,-2953.314437,-4337.159078,-0.9821365009,0.07588771751,0.2950272993,0.2749508866,-0.9356811965
Napak,2021-12-01,2021,12,1.188550805,456.0457496,-454.8571988,-454.8571988,-1254.484593,-2003.558346,-2947.125255,-4352.16462,-1.121908649,-0.9312999346,0.06758582659,0.2932542435,-0.9870780781
Napak,2022-01-01,2022,1,43.06300901,484.0065299,-440.9435209,-440.9435209,-1336.139404,-2219.600399,-3029.603754,-4331.818323,-0.9879593615,-1.247414107,-0.5155660329,0.0493393811,-0.9173880794
Napak,2022-02-01,2022,2,5.493055814,473.6647958,-468.17174,-468.17174,-1363.97246,-2358.29245,-3283.269868,-4317.286897,-1.250089947,-1.355165544,-0.8899307754,-0.7008311059,-0.867615133
Napak,2022-03-01,2022,3,13.37245835,484.6998149,-471.3273565,-471.3273565,-1380.442617,-2634.92721,-3384.000964,-4327.567873,-1.280469592,-1.418927252,-1.636637597,-0.9987246398,-0.9028294639
Napak,2022-04-01,2022,4,219.4684612,455.7738718,-236.3054106,-236.3054106,-1175.804507,-2511.943911,-3395.404906,-4205.408261,0.9821257011,-0.626701961,-1.304674729,-1.032449685,-0.4844091739
Napak,2022-05-01,2022,5,159.9633783,385.7610809,-225.7977026,-225.7977026,-933.4304697,-2297.402929,-3291.72292,-4216.700337,1.083285151,0.3116122278,-0.7255746384,-0.7258294399,-0.5230867199
Napak,2022-06-01,2022,6,76.35878278,379.4074613,-303.0486785,-303.0486785,-765.1517917,-2145.594409,-3400.079002,-4149.152755,0.3395771805,0.9630775125,-0.3158052453,-1.046272456,-0.2917231903
Napak,2022-07-01,2022,7,90.66616704,355.2721486,-264.6059816,-264.6059816,-793.4523626,-1969.25687,-3305.396274,-4188.857269,0.7096714059,0.8535161603,0.1601741418,-0.7662658486,-0.4277188263
Napak,2022-08-01,2022,8,151.8337445,371.5475075,-219.7137629,-219.7137629,-787.368423,-1720.798893,-3084.771352,-4079.091343,1.141856248,0.8770692064,0.8308247367,-0.1138085608,-0.05174930692
Napak,2022-09-01,2022,9,80.73267539,414.4294302,-333.6967548,-333.6967548,-818.0164994,-1583.168291,-2963.610908,-4218.095501,0.04452306093,0.7584198443,1.20232436,0.2445009815,-0.5278654253
Napak,2022-10-01,2022,10,18.58619214,452.5462872,-433.960095,-433.960095,-987.3706128,-1780.822975,-2956.627483,-4292.766887,-0.9207287613,0.1027911752,0.6688046347,0.2651531683,-0.7836293586
Napak,2022-11-01,2022,11,8.759419381,434.5731542,-425.8137348,-425.8137348,-1193.470585,-1980.839008,-2914.269477,-4278.241937,-0.8423023988,-0.6950934908,0.1289110375,0.3904191129,-0.7338785975
Napak,2022-12-01,2022,12,7.607112801,451.1368181,-443.5297053,-443.5297053,-1303.303535,-2121.320034,-2886.471826,-4266.914444,-1.012856988,-1.120295038,-0.2502826005,0.472625511,-0.6950797421
Napak,2023-01-01,2023,1,0.3631352978,483.9437009,-483.5805656,-483.5805656,-1352.924006,-2340.294618,-3133.746981,-4309.551488,-1.398433269,-1.312393136,-0.8413500991,-0.2586448994,-0.8411198639
Napak,2023-02-01,2023,2,0.3042411537,494.6253384,-494.3210972,-494.3210972,-1421.431368,-2614.901953,-3402.270376,-4335.700845,-1.501834151,-1.577608961,-1.582584389,-1.052753038,-0.9306864684
Napak,2023-03-01,2023,3,98.98551154,480.0895502,-381.1040387,-381.1040387,-1359.005701,-2662.309237,-3480.325736,-4245.477528,-0.4118747314,-1.335937496,-1.710548576,-1.28358729,-0.6216541602
Napak,2023-04-01,2023,4,140.2306397,431.3955212,-291.1648815,-291.1648815,-1166.590017,-2519.514023,-3506.884636,-4300.336998,0.4539844673,-0.5910294666,-1.325108366,-1.36213031,-0.8095584548
Napak,2023-05-01,2023,5,39.04231774,429.1705077,-390.12819,-390.12819,-1062.39711,-2483.828478,-3677.299063,-4464.667486,-0.4987517341,-0.1876624876,-1.228784101,-1.866099373,-1.372422147
Napak,2023-06-01,2023,6,112.4857576,432.5251445,-320.0393869,-320.0393869,-1001.332458,-2360.33816,-3663.641695,-4481.658194,0.1760048093,0.04874001562,-0.8954526605,-1.82571024,-1.430618609
Napak,2023-07-01,2023,7,71.69537159,398.3451094,-326.6497378,-326.6497378,-1036.817315,-2203.407332,-3556.331338,-4543.701951,0.112365864,-0.08863420374,-0.4718568708,-1.508359761,-1.64313047
Napak,2023-08-01,2023,8,34.36998901,462.6451726,-428.2751835,-428.2751835,-1074.964308,-2137.361418,-3558.792786,-4752.263371,-0.8659991746,-0.2363144822,-0.2935823319,-1.515639039,-2.357493661
Napak,2023-09-01,2023,9,119.081123,442.6032699,-323.522147,-323.522147,-1078.447068,-2079.779527,-3438.785228,-4742.088763,0.1424757001,-0.2497974575,-0.1381543179,-1.160738942,-2.322643661
Napak,2023-10-01,2023,10,107.3387688,447.3358709,-339.997102,-339.997102,-1091.794433,-2128.611747,-3295.201765,-4648.12577,-0.01613142725,-0.3014697462,-0.2699647679,-0.7361174779,-2.000802243
Napak,2023-11-01,2023,11,88.59914048,410.0668253,-321.4676848,-321.4676848,-984.9869338,-2059.951242,-3122.348352,-4543.77972,0.1622543482,0.1120192256,-0.08463278879,-0.2249355686,-1.643396846
Napak,2023-12-01,2023,12,9.106416322,444.8554435,-435.7490272,-435.7490272,-1097.213814,-2175.660882,-3176.993341,-4535.999042,-0.937951108,-0.3224500566,-0.3969622216,-0.3865379874,-1.616746519
Napak,2024-01-01,2024,1,8.607890215,454.1796433,-445.5717531,-445.5717531,-1202.788465,-2294.582898,-3331.400212,-4497.99023,-1.032516122,-0.7311662465,-0.7179626631,-0.8431676737,-1.486558988
Napak,2024-02-01,2024,2,13.16672255,489.6541779,-476.4874554,-476.4874554,-1357.808236,-2342.79517,-3417.759478,-4480.156588,-1.33014672,-1.331301689,-0.8480997156,-1.098559185,-1.425475317
Napak,2024-03-01,2024,3,21.29168702,502.3730885,-481.0814015,-481.0814015,-1403.14061,-2500.354424,-3578.801492,-4580.133951,-1.374373402,-1.506799076,-1.273391787,-1.574811076,-1.767917115
Napak,2024-04-01,2024,4,178.043417,410.8648412,-232.8214242,-232.8214242,-1190.390281,-2393.178746,-3484.973179,-4521.790493,1.015666617,-0.6831685645,-0.9840976663,-1.29733124,-1.568079493
Napak,2024-05-01,2024,5,125.052826,394.2613628,-269.2085369,-269.2085369,-983.1113626,-2340.919598,-3325.906532,-4400.87084,0.665361842,0.1192802141,-0.8430370769,-0.8269211332,-1.153906301
Napak,2024-06-01,2024,6,46.63996493,399.5439309,-352.903966,-352.903966,-854.9339271,-2258.074537,-3355.288351,-4433.735419,-0.1403879499,0.6154996429,-0.6194174121,-0.9138124138,-1.266473839
Napak,2024-07-01,2024,7,184.0852335,400.1239696,-216.0387362,-216.0387362,-838.151239,-2028.54152,-3231.329985,-4323.124418,1.177236341,0.6804712649,0.0001499537729,-0.5472285364,-0.887609772
Napak,2024-08-01,2024,8,180.0558695,370.1013838,-190.0455144,-190.0455144,-758.9882165,-1742.099579,-3099.907815,-4084.894749,1.427477403,0.9869388554,0.7733288246,-0.158571841,-0.07162709362
Napak,2024-09-01,2024,9,44.77129226,432.4185278,-387.6472355,-387.6472355,-793.731486,-1648.665413,-3051.806023,-4149.019837,-0.4748671737,0.8524355766,1.025531148,-0.0163197133,-0.2912679204
Napak,2024-10-01,2024,10,92.90660456,428.2590074,-335.3524028,-335.3524028,-913.0451527,-1751.196392,-2941.586673,-4144.375138,0.02858386325,0.3905308795,0.7487742386,0.3096335738,-0.2753589275
Napak,2024-11-01,2024,11,79.44465037,430.1575339,-350.7128836,-350.7128836,-1073.712522,-1832.700738,-2815.812101,-4173.620337,-0.1192940352,-0.2314683816,0.5287734995,0.6815885435,-0.3755293876
Napak,2024-12-01,2024,12,2.358412001,472.9059983,-470.5475863,-470.5475863,-1156.612873,-1950.344359,-2805.278286,-4208.418896,-1.272962614,-0.5524044696,0.2112237679,0.7127403484,-0.4947211809
Napak,2025-01-01,2025,1,1.290818821,473.3622934,-472.0714746,-472.0714746,-1293.331944,-2206.377097,-3044.528336,-4234.918617,-1.28763334,-1.081691543,-0.4798730138,0.00520269632,-0.5854878506
Napak,2025-02-01,2025,2,0.1225052479,506.6354774,-506.5129722,-506.5129722,-1449.132033,-2522.844555,-3281.832771,-4264.944134,-1.619207355,-1.684847868,-1.334098309,-0.69658116,-0.6883310509
Napak,2025-03-01,2025,3,62.06502752,489.9010725,-427.836045,-427.836045,-1406.420492,-2563.033364,-3356.76485,-4211.698778,-0.8617715151,-1.519496638,-1.442578018,-0.9181788865,-0.50595541
Napak,2025-04-01,2025,4,157.0502015,441.8519241,-284.8017226,-284.8017226,-1219.15074,-2512.482684,-3425.527837,-4263.679076,0.5152436539,-0.794510302,-1.306129013,-1.121532666,-0.6839979823
Napak,2025-05-01,2025,5,132.661374,395.3534077,-262.6920337,-262.6920337,-975.3298013,-2424.461834,-3498.174356,-4257.162573,0.7280973003,0.149405344,-1.068538592,-1.336371274,-0.6616776989
Napak,2025-06-01,2025,6,39.25558656,400.7145846,-361.458998,-361.458998,-908.9527543,-2315.373246,-3471.986119,-4265.717605,-0.2227486632,0.4063739768,-0.7740810445,-1.258924418,-0.6909803376
Napak,2025-07-01,2025,7,104.7254609,378.3796624,-273.6542016,-273.6542016,-897.8052332,-2116.955973,-3410.287917,-4323.33307,0.6225626901,0.4495299076,-0.2385029006,-1.076463431,-0.8883244465
Napak,2025-08-01,2025,8,172.6318178,365.5908114,-192.9589936,-192.9589936,-828.0721932,-1803.401994,-3252.534028,-4326.246549,1.399428854,0.7194907566,0.6078581812,-0.6099355587,-0.8983036762
Napak,2025-09-01,2025,9,62.46653989,430.4107393,-367.9441994,-367.9441994,-834.5573945,-1743.510149,-3149.930641,-4306.543513,-0.2851827735,0.6943842868,0.7695213421,-0.3065050709,-0.8308169679
Napak,2025-10-01,2025,10,130.7301766,411.8455915,-281.1154148,-281.1154148,-842.0186078,-1739.823841,-2958.974581,-4252.306525,0.5507323513,0.6654993355,0.7794716144,0.2582120607,-0.6450447973
Napak,2025-11-01,2025,11,6.089582487,436.8358753,-430.7462928,-430.7462928,-1079.805907,-1907.8781,-2883.207901,-4332.339935,-0.8897889537,-0.2550579946,0.3258508846,0.482277963,-0.9191746984