encoding_order,encoding,encoding_label,depth,seed,ansatz_layers,n_qubits,is_seasonal,is_learnable_encoding,variational_parameter_count,encoding_parameter_count,classical_head_parameter_count,total_parameter_count,best_epoch,best_val_loss_scaled,train_rmse_original,train_mae_original,train_pearson_corr,train_spearman_corr,train_kge,train_nse,train_bias,train_pred_std_over_true_std,val_rmse_original,val_mae_original,val_pearson_corr,val_spearman_corr,val_kge,val_nse,val_bias,val_pred_std_over_true_std,test_rmse_original,test_mae_original,test_pearson_corr,test_spearman_corr,test_kge,test_nse,test_bias,test_pred_std_over_true_std,test_fft_spectral_cosine_similarity,test_true_12_step_band_power_share,test_pred_12_step_band_power_share,test_abs_12_step_band_error,test_signed_12_step_band_error,test_12_step_power_ratio,test_true_short_period_2_to_6_power_share,test_pred_short_period_2_to_6_power_share,test_abs_short_period_2_to_6_error,test_signed_short_period_2_to_6_error,test_short_period_2_to_6_power_ratio,test_true_dominant_period,test_pred_dominant_period,elapsed_time_sec,elapsed_time_min,max_rss_gb_python,mean_final_reupload_strength,mean_abs_strength_deviation,mean_abs_baseline_deviation,run_dir,checkpoint_path,predictions_path,history_path,metrics_by_split_path,fft_summary_path,fft_power_path,config_path,encoding_metadata_path,learned_encoding_parameters_path
1,ry,Standard Ry,1,42,1,14,False,False,42,0,15,57,16,0.1205498398558034,56.07017422060185,45.666482667444384,0.5219886962183329,0.5012851650100933,0.2890497777739417,0.2685267991963892,2.712055536362441,0.474722665528136,60.76050399382793,50.64877526315488,0.4770370551608104,0.4815151780246697,0.2013401131653507,0.2209350646474528,0.7934834896654952,0.3964366610176001,62.45118456329509,50.97780500495374,0.4012334265729762,0.4229421521874352,0.1786604573753443,0.1594332314045651,0.9869473319579876,0.4379090194681871,0.9448520538715875,0.4044275463617845,0.4191066324679372,0.0146790861061527,0.014679086106152706,1.036295960149612,0.3224819197485198,0.3618456886435746,0.0393637688950547,0.039363768895054774,1.1220650414316304,11.666666666666666,11.666666666666666,2212.809644460678,36.8801607410113,0.8196258544921875,,,,data_reupload/results/final_model_sweep/single_tanh_a1/depth_1/seed_42,data_reupload/results/final_model_sweep/single_tanh_a1/depth_1/seed_42/best_model.pt,data_reupload/results/final_model_sweep/single_tanh_a1/depth_1/seed_42/predictions.npz,data_reupload/results/final_model_sweep/single_tanh_a1/depth_1/seed_42/history.csv,data_reupload/results/final_model_sweep/single_tanh_a1/depth_1/seed_42/metrics_by_split.csv,data_reupload/results/final_model_sweep/single_tanh_a1/depth_1/seed_42/fft_summary_by_split.csv,data_reupload/results/final_model_sweep/single_tanh_a1/depth_1/seed_42/fft_power_by_period.csv,data_reupload/results/final_model_sweep/single_tanh_a1/depth_1/seed_42/config.json,,
1,ry,Standard Ry,1,43,1,14,False,False,42,0,15,57,20,0.1289537899267581,55.608008548301015,44.8801843423089,0.5320794659095338,0.4999579471785775,0.3021451402664736,0.2805356273907371,0.6453199353427902,0.4823196492461484,62.84273877312293,52.09126665999255,0.4086736863234924,0.4103752952497594,0.1681499902746951,0.1666237289661623,1.2861617565117822,0.415106044104607,64.19198449319877,52.186267969489165,0.3433923634409095,0.3415405349367614,0.1188595979655799,0.1119192431868504,-2.312266795583071,0.413011103405244,0.9275330563627234,0.4044275463617845,0.3821864347486702,0.0222411116131142,-0.022241111613114317,0.945005942811773,0.3224819197485198,0.3797123073529831,0.0572303876044632,0.057230387604463306,1.17746851559645,11.666666666666666,11.666666666666666,1981.412780046463,33.023546334107714,0.8187065124511719,,,,data_reupload/results/final_model_sweep/single_tanh_a1/depth_1/seed_43,data_reupload/results/final_model_sweep/single_tanh_a1/depth_1/seed_43/best_model.pt,data_reupload/results/final_model_sweep/single_tanh_a1/depth_1/seed_43/predictions.npz,data_reupload/results/final_model_sweep/single_tanh_a1/depth_1/seed_43/history.csv,data_reupload/results/final_model_sweep/single_tanh_a1/depth_1/seed_43/metrics_by_split.csv,data_reupload/results/final_model_sweep/single_tanh_a1/depth_1/seed_43/fft_summary_by_split.csv,data_reupload/results/final_model_sweep/single_tanh_a1/depth_1/seed_43/fft_power_by_period.csv,data_reupload/results/final_model_sweep/single_tanh_a1/depth_1/seed_43/config.json,,
1,ry,Standard Ry,1,44,1,14,False,False,42,0,15,57,14,0.1251379450796909,56.28288221620759,45.73045259125678,0.5160990938665836,0.5082680325087202,0.2736158417299202,0.2629664340186144,-0.4666048933846277,0.4582961146715671,61.905973605666965,50.836449066101856,0.4403552990851102,0.4252121424197358,0.1741602801119244,0.1912839933236403,-1.3339793805760034,0.3928865778585224,61.047755781113466,49.14543060204011,0.4436799645173473,0.4571843251088534,0.2178943838866613,0.1967878637057712,0.3076256549555633,0.4502869027738078,0.9352212509995176,0.4044275463617845,0.3892219041735726,0.0152056421882119,-0.01520564218821191,0.9624020610737293,0.3224819197485198,0.4272571026775009,0.104775182928981,0.10477518292898108,1.3249025030943986,11.666666666666666,11.666666666666666,2024.538146495819,33.74230244159698,0.8525772094726562,,,,data_reupload/results/final_model_sweep/single_tanh_a1/depth_1/seed_44,data_reupload/results/final_model_sweep/single_tanh_a1/depth_1/seed_44/best_model.pt,data_reupload/results/final_model_sweep/single_tanh_a1/depth_1/seed_44/predictions.npz,data_reupload/results/final_model_sweep/single_tanh_a1/depth_1/seed_44/history.csv,data_reupload/results/final_model_sweep/single_tanh_a1/depth_1/seed_44/metrics_by_split.csv,data_reupload/results/final_model_sweep/single_tanh_a1/depth_1/seed_44/fft_summary_by_split.csv,data_reupload/results/final_model_sweep/single_tanh_a1/depth_1/seed_44/fft_power_by_period.csv,data_reupload/results/final_model_sweep/single_tanh_a1/depth_1/seed_44/config.json,,
1,ry,Standard Ry,1,45,1,14,False,False,42,0,15,57,17,0.1334144367518174,56.866104944368985,46.344941088725776,0.5025291063162021,0.503859833258114,0.2480910033012353,0.2476124982605216,1.5530553785693746,0.4364850582577257,63.92039678791433,51.99075879191237,0.3750084708700137,0.4382643688216254,0.1481324346097906,0.1377963698045726,1.7868237512608487,0.4214976123992091,62.851205277755696,51.96722434264128,0.3865806968444424,0.4119635081899232,0.1467075499312924,0.1486305220667273,1.3533403301840272,0.4070594363351917,0.9421241198490202,0.4044275463617845,0.4251197626544193,0.0206922162926348,0.02069221629263479,1.051164210941567,0.3224819197485198,0.3616825082076869,0.039200588459167,0.039200588459167074,1.121559027215345,11.666666666666666,11.666666666666666,1923.656594991684,32.0609432498614,0.8093719482421875,,,,data_reupload/results/final_model_sweep/single_tanh_a1/depth_1/seed_45,data_reupload/results/final_model_sweep/single_tanh_a1/depth_1/seed_45/best_model.pt,data_reupload/results/final_model_sweep/single_tanh_a1/depth_1/seed_45/predictions.npz,data_reupload/results/final_model_sweep/single_tanh_a1/depth_1/seed_45/history.csv,data_reupload/results/final_model_sweep/single_tanh_a1/depth_1/seed_45/metrics_by_split.csv,data_reupload/results/final_model_sweep/single_tanh_a1/depth_1/seed_45/fft_summary_by_split.csv,data_reupload/results/final_model_sweep/single_tanh_a1/depth_1/seed_45/fft_power_by_period.csv,data_reupload/results/final_model_sweep/single_tanh_a1/depth_1/seed_45/config.json,,
1,ry,Standard Ry,1,46,1,14,False,False,42,0,15,57,14,0.1239171646347924,55.76678474843646,45.021433369869776,0.5281665869842755,0.5028253758339718,0.2984869892247288,0.2764212234863009,1.1720299886791008,0.4810590904429118,61.6032723720138,51.11897940426809,0.4488171935091622,0.4324206106202432,0.187481744075098,0.1991734043715697,0.9083549909002636,0.4031077696138554,63.18736223990822,51.34073070097182,0.377471826839826,0.3923491602736886,0.1543944654200332,0.1394991418921051,-1.4242991845769726,0.4279557344134512,0.9332434952813128,0.4044275463617845,0.3986728148694513,0.0057547314923332,-0.005754731492333243,0.9857706737730835,0.3224819197485198,0.3698336516511665,0.0473517319026466,0.04735173190264669,1.146835307664916,11.666666666666666,11.666666666666666,1914.252214193344,31.904203569889066,0.8485298156738281,,,,data_reupload/results/final_model_sweep/single_tanh_a1/depth_1/seed_46,data_reupload/results/final_model_sweep/single_tanh_a1/depth_1/seed_46/best_model.pt,data_reupload/results/final_model_sweep/single_tanh_a1/depth_1/seed_46/predictions.npz,data_reupload/results/final_model_sweep/single_tanh_a1/depth_1/seed_46/history.csv,data_reupload/results/final_model_sweep/single_tanh_a1/depth_1/seed_46/metrics_by_split.csv,data_reupload/results/final_model_sweep/single_tanh_a1/depth_1/seed_46/fft_summary_by_split.csv,data_reupload/results/final_model_sweep/single_tanh_a1/depth_1/seed_46/fft_power_by_period.csv,data_reupload/results/final_model_sweep/single_tanh_a1/depth_1/seed_46/config.json,,
1,ry,Standard Ry,2,42,1,14,False,False,84,0,15,99,78,0.1207865144273008,43.998004756683386,36.013835349860884,0.7475057254624209,0.7107787468818988,0.575075818177267,0.5495977276094923,2.4713380616321765,0.6594939868532704,60.82012006183552,49.42084626197519,0.4886536989206433,0.4326655585688041,0.3527080173032013,0.2194055324642185,-5.030925463054265,0.6071267104108087,66.70426462543487,55.02372448502483,0.3447026377752791,0.3569044163383786,0.2303589084822767,0.0410453774915163,-6.921899737047388,0.6044107601761931,0.8680137418977567,0.4044275463617845,0.2329961595113855,0.171431386850399,-0.17143138685039902,0.5761134759672294,0.3224819197485198,0.4744463310281714,0.1519644112796516,0.1519644112796516,1.4712338955255464,11.666666666666666,11.666666666666666,4141.389870882034,69.02316451470057,1.3174400329589844,,,,data_reupload/results/final_model_sweep/single_tanh_a1/depth_2/seed_42,data_reupload/results/final_model_sweep/single_tanh_a1/depth_2/seed_42/best_model.pt,data_reupload/results/final_model_sweep/single_tanh_a1/depth_2/seed_42/predictions.npz,data_reupload/results/final_model_sweep/single_tanh_a1/depth_2/seed_42/history.csv,data_reupload/results/final_model_sweep/single_tanh_a1/depth_2/seed_42/metrics_by_split.csv,data_reupload/results/final_model_sweep/single_tanh_a1/depth_2/seed_42/fft_summary_by_split.csv,data_reupload/results/final_model_sweep/single_tanh_a1/depth_2/seed_42/fft_power_by_period.csv,data_reupload/results/final_model_sweep/single_tanh_a1/depth_2/seed_42/config.json,,
1,ry,Standard Ry,2,43,1,14,False,False,84,0,15,99,8,0.1284495057864051,57.5042569627303,47.62394020014303,0.4843652648200882,0.4811412338059902,0.2267038854788383,0.2306311467903671,1.173120322065644,0.423880852318353,62.719742623105965,53.892655913469326,0.4343772439079254,0.4490070859942262,0.1090343279108024,0.1698827137285925,-4.442346456773266,0.3133960705784813,65.21652337263761,55.3905665655962,0.3035650894108088,0.3446506323864814,0.0783995513883781,0.0833445136158403,-0.8917195040015384,0.3964944977000117,0.7704923120635973,0.4044275463617845,0.1782347424392539,0.2261928039225306,-0.2261928039225306,0.44070871047891563,0.3224819197485198,0.3891866659242028,0.066704746175683,0.066704746175683,1.2068480187283095,11.666666666666666,11.666666666666666,3612.644701719284,60.210745028654735,1.3265037536621094,,,,data_reupload/results/final_model_sweep/single_tanh_a1/depth_2/seed_43,data_reupload/results/final_model_sweep/single_tanh_a1/depth_2/seed_43/best_model.pt,data_reupload/results/final_model_sweep/single_tanh_a1/depth_2/seed_43/predictions.npz,data_reupload/results/final_model_sweep/single_tanh_a1/depth_2/seed_43/history.csv,data_reupload/results/final_model_sweep/single_tanh_a1/depth_2/seed_43/metrics_by_split.csv,data_reupload/results/final_model_sweep/single_tanh_a1/depth_2/seed_43/fft_summary_by_split.csv,data_reupload/results/final_model_sweep/single_tanh_a1/depth_2/seed_43/fft_power_by_period.csv,data_reupload/results/final_model_sweep/single_tanh_a1/depth_2/seed_43/config.json,,
1,ry,Standard Ry,2,44,1,14,False,False,84,0,15,99,30,0.126631088663905,51.63241195151922,40.95616277416736,0.6176602893817882,0.6386149857783096,0.4308903594891524,0.3797319167300562,1.0347562084701154,0.5786321566111816,62.27420886958012,50.2708459221747,0.4322546764373078,0.399212667308197,0.2065039482373953,0.1816344092901878,-4.8442958211493785,0.4483034695737863,62.682214986192925,54.510950395127296,0.4083432242043677,0.4173647107609371,0.2312218024894982,0.1532025826081927,-3.729164985588664,0.5110292392661919,0.9081832602430292,0.4044275463617845,0.3575341351745918,0.0468934111871926,-0.0468934111871927,0.8840499080514072,0.3224819197485198,0.3025319167963586,0.0199500029521612,-0.019950002952161205,0.9381360574641866,11.666666666666666,11.666666666666666,3615.34583735466,60.255763955911,1.27935791015625,,,,data_reupload/results/final_model_sweep/single_tanh_a1/depth_2/seed_44,data_reupload/results/final_model_sweep/single_tanh_a1/depth_2/seed_44/best_model.pt,data_reupload/results/final_model_sweep/single_tanh_a1/depth_2/seed_44/predictions.npz,data_reupload/results/final_model_sweep/single_tanh_a1/depth_2/seed_44/history.csv,data_reupload/results/final_model_sweep/single_tanh_a1/depth_2/seed_44/metrics_by_split.csv,data_reupload/results/final_model_sweep/single_tanh_a1/depth_2/seed_44/fft_summary_by_split.csv,data_reupload/results/final_model_sweep/single_tanh_a1/depth_2/seed_44/fft_power_by_period.csv,data_reupload/results/final_model_sweep/single_tanh_a1/depth_2/seed_44/config.json,,
1,ry,Standard Ry,2,45,1,14,False,False,84,0,15,99,15,0.1207348161473461,52.92056081308211,43.064381551589705,0.5963481900567131,0.62046104166448,0.3661473434655152,0.3483963864862568,0.0445920026378751,0.5112934156350091,60.80710274723236,50.51778393054613,0.4711589013886998,0.458140145219141,0.2186146567073692,0.2197396375711098,-0.7022285481611703,0.4248230425633949,64.0863826609422,53.78226186158498,0.3538532849980369,0.4061165249844495,0.1529016808447817,0.1148387919428082,-1.707143196781181,0.4525713305544012,0.9277148435968622,0.4044275463617845,0.3412974675515807,0.0631300788102038,-0.06313007881020383,0.8439026238985952,0.3224819197485198,0.420883068130013,0.0984011483814931,0.09840114838149322,1.3051369467727962,11.666666666666666,11.666666666666666,3448.5193223953247,57.47532203992208,1.3941116333007812,,,,data_reupload/results/final_model_sweep/single_tanh_a1/depth_2/seed_45,data_reupload/results/final_model_sweep/single_tanh_a1/depth_2/seed_45/best_model.pt,data_reupload/results/final_model_sweep/single_tanh_a1/depth_2/seed_45/predictions.npz,data_reupload/results/final_model_sweep/single_tanh_a1/depth_2/seed_45/history.csv,data_reupload/results/final_model_sweep/single_tanh_a1/depth_2/seed_45/metrics_by_split.csv,data_reupload/results/final_model_sweep/single_tanh_a1/depth_2/seed_45/fft_summary_by_split.csv,data_reupload/results/final_model_sweep/single_tanh_a1/depth_2/seed_45/fft_power_by_period.csv,data_reupload/results/final_model_sweep/single_tanh_a1/depth_2/seed_45/config.json,,
1,ry,Standard Ry,2,46,1,14,False,False,84,0,15,99,66,0.1030108527420847,47.08782488739836,37.7463351899366,0.700964332239078,0.6986524204862313,0.5219266541783045,0.4841162267467026,2.933704043466172,0.6286297427016461,56.16678168834624,44.67871654515801,0.5900504789730167,0.5989502230775959,0.3439374174216475,0.3342824558861529,-4.28447868035065,0.490033461810557,62.68414130286639,52.74874815287822,0.4068676463029229,0.4688057225793074,0.2283205099956905,0.1531505351478688,3.203737720141031,0.5077569243001497,0.9554533620321204,0.4044275463617845,0.3919655814704931,0.0124619648912913,-0.012461964891291422,0.9691861620124573,0.3224819197485198,0.356397734460795,0.0339158147122751,0.03391581471227517,1.105171213129479,11.666666666666666,11.666666666666666,3523.2994105815887,58.72165684302648,1.3108558654785156,,,,data_reupload/results/final_model_sweep/single_tanh_a1/depth_2/seed_46,data_reupload/results/final_model_sweep/single_tanh_a1/depth_2/seed_46/best_model.pt,data_reupload/results/final_model_sweep/single_tanh_a1/depth_2/seed_46/predictions.npz,data_reupload/results/final_model_sweep/single_tanh_a1/depth_2/seed_46/history.csv,data_reupload/results/final_model_sweep/single_tanh_a1/depth_2/seed_46/metrics_by_split.csv,data_reupload/results/final_model_sweep/single_tanh_a1/depth_2/seed_46/fft_summary_by_split.csv,data_reupload/results/final_model_sweep/single_tanh_a1/depth_2/seed_46/fft_power_by_period.csv,data_reupload/results/final_model_sweep/single_tanh_a1/depth_2/seed_46/config.json,,
1,ry,Standard Ry,3,42,1,14,False,False,126,0,15,141,34,0.1123020492848591,44.87819215432062,35.74761708721791,0.7375695189002,0.7355181208476337,0.54705055214054,0.5313967289814888,2.517487447367444,0.6320352439713042,58.64512136016782,48.17672810592659,0.5262474179293584,0.5628728895109789,0.2996803872614039,0.2742372045394678,-2.156933433916412,0.4848061048262041,64.72920652407282,54.4683040676046,0.385105478469311,0.4468484345842836,0.2706823512874979,0.0969923653379234,-2.422374762319988,0.6088222748172448,0.737534780976499,0.4044275463617845,0.250173663791322,0.1542538825704624,-0.15425388257046252,0.6185871017982706,0.3224819197485198,0.5868521912588123,0.2643702715102924,0.26437027151029246,1.8197987400858182,11.666666666666666,11.666666666666666,5863.166375398636,97.71943958997727,1.8288307189941408,,,,data_reupload/results/final_model_sweep/single_tanh_a1/depth_3/seed_42,data_reupload/results/final_model_sweep/single_tanh_a1/depth_3/seed_42/best_model.pt,data_reupload/results/final_model_sweep/single_tanh_a1/depth_3/seed_42/predictions.npz,data_reupload/results/final_model_sweep/single_tanh_a1/depth_3/seed_42/history.csv,data_reupload/results/final_model_sweep/single_tanh_a1/depth_3/seed_42/metrics_by_split.csv,data_reupload/results/final_model_sweep/single_tanh_a1/depth_3/seed_42/fft_summary_by_split.csv,data_reupload/results/final_model_sweep/single_tanh_a1/depth_3/seed_42/fft_power_by_period.csv,data_reupload/results/final_model_sweep/single_tanh_a1/depth_3/seed_42/config.json,,
1,ry,Standard Ry,3,43,1,14,False,False,126,0,15,141,99,0.1077968929626348,36.31329837528333,27.966019100682004,0.8379686146145461,0.8250051254062715,0.7055969374393751,0.6931924768934138,3.2715970147375257,0.7572926728143838,57.45676502363053,47.33655463025577,0.5661278502416159,0.6289388504942699,0.4707707736107265,0.3033522106077055,-0.356970626021052,0.6969775422428445,74.41132198917144,61.79747571168955,0.2345197435065094,0.2870930955836616,0.1885740298137935,-0.1933529089542485,2.0900434190536537,0.7319239653592235,0.667882054031662,0.4044275463617845,0.1617865530507564,0.2426409933110281,-0.24264099331102812,0.4000384110978155,0.3224819197485198,0.5645379230971705,0.2420560033486506,0.24205600334865074,1.750603331614413,11.666666666666666,11.666666666666666,5224.676785945892,87.07794643243155,1.8144302368164065,,,,data_reupload/results/final_model_sweep/single_tanh_a1/depth_3/seed_43,data_reupload/results/final_model_sweep/single_tanh_a1/depth_3/seed_43/best_model.pt,data_reupload/results/final_model_sweep/single_tanh_a1/depth_3/seed_43/predictions.npz,data_reupload/results/final_model_sweep/single_tanh_a1/depth_3/seed_43/history.csv,data_reupload/results/final_model_sweep/single_tanh_a1/depth_3/seed_43/metrics_by_split.csv,data_reupload/results/final_model_sweep/single_tanh_a1/depth_3/seed_43/fft_summary_by_split.csv,data_reupload/results/final_model_sweep/single_tanh_a1/depth_3/seed_43/fft_power_by_period.csv,data_reupload/results/final_model_sweep/single_tanh_a1/depth_3/seed_43/config.json,,
1,ry,Standard Ry,3,44,1,14,False,False,126,0,15,141,7,0.1181378981333207,56.89797371903628,47.11976408683422,0.5106720583466846,0.5283302370981454,0.2209197488499051,0.2467689593357364,1.3035424931224744,0.3939602813884272,60.1495896106777,52.19783690522488,0.5474571760610353,0.5273904295337241,0.1632235737185423,0.236522470025575,0.4479563668331064,0.296171393386387,63.87764750370336,54.944760497586046,0.3475536353066791,0.409921210864607,0.0814622515119293,0.1205955021613874,0.8678311956055343,0.3535295234401311,0.6954623448140697,0.4044275463617845,0.2542911860311445,0.15013636033064,-0.15013636033064004,0.6287682140317561,0.3224819197485198,0.5061143314430313,0.1836324116945114,0.1836324116945115,1.569434751063604,11.666666666666666,11.666666666666666,5237.571456432343,87.29285760720572,1.826587677001953,,,,data_reupload/results/final_model_sweep/single_tanh_a1/depth_3/seed_44,data_reupload/results/final_model_sweep/single_tanh_a1/depth_3/seed_44/best_model.pt,data_reupload/results/final_model_sweep/single_tanh_a1/depth_3/seed_44/predictions.npz,data_reupload/results/final_model_sweep/single_tanh_a1/depth_3/seed_44/history.csv,data_reupload/results/final_model_sweep/single_tanh_a1/depth_3/seed_44/metrics_by_split.csv,data_reupload/results/final_model_sweep/single_tanh_a1/depth_3/seed_44/fft_summary_by_split.csv,data_reupload/results/final_model_sweep/single_tanh_a1/depth_3/seed_44/fft_power_by_period.csv,data_reupload/results/final_model_sweep/single_tanh_a1/depth_3/seed_44/config.json,,
1,ry,Standard Ry,3,45,1,14,False,False,126,0,15,141,12,0.1486772691148687,59.33138761689709,50.58094427589656,0.5066106215919265,0.4970104712225056,0.0884232442213907,0.1809628152824967,2.4516497242360527,0.2340431214866865,67.47771014670587,59.46461297757613,0.2192987276462202,0.3814714373195695,-0.1484410438700478,0.0391588475777451,-5.045146394228369,0.1596179433446937,67.1107687523162,58.36270078360705,0.1802559958210633,0.109610201119635,-0.1926988810310679,0.0293217848058087,-2.189838819613396,0.134029076197635,0.3502184814618074,0.4044275463617845,0.1193894264094344,0.28503811995235,-0.2850381199523501,0.29520597071949556,0.3224819197485198,0.5164957818473165,0.1940138620987966,0.19401386209879667,1.6016270997459143,11.666666666666666,35.0,5121.408658504486,85.35681097507477,1.790771484375,,,,data_reupload/results/final_model_sweep/single_tanh_a1/depth_3/seed_45,data_reupload/results/final_model_sweep/single_tanh_a1/depth_3/seed_45/best_model.pt,data_reupload/results/final_model_sweep/single_tanh_a1/depth_3/seed_45/predictions.npz,data_reupload/results/final_model_sweep/single_tanh_a1/depth_3/seed_45/history.csv,data_reupload/results/final_model_sweep/single_tanh_a1/depth_3/seed_45/metrics_by_split.csv,data_reupload/results/final_model_sweep/single_tanh_a1/depth_3/seed_45/fft_summary_by_split.csv,data_reupload/results/final_model_sweep/single_tanh_a1/depth_3/seed_45/fft_power_by_period.csv,data_reupload/results/final_model_sweep/single_tanh_a1/depth_3/seed_45/config.json,,
1,ry,Standard Ry,3,46,1,14,False,False,126,0,15,141,99,0.1193709121769587,34.63529139935835,26.776260406239537,0.8513088326985391,0.8301645377863143,0.7441311777003363,0.7208919901641834,1.2274068321124918,0.7922815561908383,60.46266770015496,48.7707336043529,0.5221905453748957,0.4672032193158953,0.4487733345602782,0.2285539981690825,3.1096606265834934,0.7273450531681637,71.78259824689161,57.99814533501776,0.2570773031688011,0.2360978643997512,0.188516437263471,-0.1105272089144453,-2.858381878001406,0.6752340468122304,0.5983998623489153,0.4044275463617845,0.0965444934697541,0.3078830528920304,-0.30788305289203044,0.23871888633270621,0.3224819197485198,0.6102492939580113,0.2877673742094914,0.2877673742094915,1.8923519632787487,11.666666666666666,11.666666666666666,5242.881282329559,87.38135470549265,1.8174896240234373,,,,data_reupload/results/final_model_sweep/single_tanh_a1/depth_3/seed_46,data_reupload/results/final_model_sweep/single_tanh_a1/depth_3/seed_46/best_model.pt,data_reupload/results/final_model_sweep/single_tanh_a1/depth_3/seed_46/predictions.npz,data_reupload/results/final_model_sweep/single_tanh_a1/depth_3/seed_46/history.csv,data_reupload/results/final_model_sweep/single_tanh_a1/depth_3/seed_46/metrics_by_split.csv,data_reupload/results/final_model_sweep/single_tanh_a1/depth_3/seed_46/fft_summary_by_split.csv,data_reupload/results/final_model_sweep/single_tanh_a1/depth_3/seed_46/fft_power_by_period.csv,data_reupload/results/final_model_sweep/single_tanh_a1/depth_3/seed_46/config.json,,
1,ry,Standard Ry,4,42,1,14,False,False,168,0,15,183,43,0.1054535757633558,43.30048437040955,33.63251539155877,0.7536783925232081,0.7647345459379843,0.6033911447180833,0.5637653913592355,0.7100712810422111,0.6892701860583845,56.82882857980421,47.37284537183294,0.5675399431975777,0.587367684367072,0.3859881435878161,0.3184961234038613,4.132942562887159,0.5665780315452952,69.59208838640237,58.56885362535337,0.2665481084267895,0.2894982376114451,0.1670255026508099,-0.0437839016011556,0.7179324063207569,0.6052525667007955,0.919535552494988,0.4044275463617845,0.3169877538936093,0.0874397924681751,-0.08743979246817524,0.7837936776196863,0.3224819197485198,0.4491609224999133,0.1266790027513934,0.1266790027513935,1.3928251321816156,11.666666666666666,11.666666666666666,7585.34690952301,126.42244849205017,2.329456329345703,,,,data_reupload/results/final_model_sweep/single_tanh_a1/depth_4/seed_42,data_reupload/results/final_model_sweep/single_tanh_a1/depth_4/seed_42/best_model.pt,data_reupload/results/final_model_sweep/single_tanh_a1/depth_4/seed_42/predictions.npz,data_reupload/results/final_model_sweep/single_tanh_a1/depth_4/seed_42/history.csv,data_reupload/results/final_model_sweep/single_tanh_a1/depth_4/seed_42/metrics_by_split.csv,data_reupload/results/final_model_sweep/single_tanh_a1/depth_4/seed_42/fft_summary_by_split.csv,data_reupload/results/final_model_sweep/single_tanh_a1/depth_4/seed_42/fft_power_by_period.csv,data_reupload/results/final_model_sweep/single_tanh_a1/depth_4/seed_42/config.json,,
1,ry,Standard Ry,4,43,1,14,False,False,168,0,15,183,14,0.1063095111935132,52.173293172740586,41.513177733236205,0.6112103535493838,0.6463048444710335,0.3886922014815108,0.3666684713237972,-0.3712977252902413,0.5282793639408462,57.0589938598758,48.5286685270401,0.586071101539747,0.58159391129385,0.2825618867644153,0.3129645583569131,2.285566059008556,0.4145705758511387,63.44021111576997,53.61103814374723,0.3715037404522103,0.4185154468173336,0.1594652976164945,0.1325986481397818,1.4106728455446749,0.4421259285473519,0.905234440610266,0.4044275463617845,0.3230916663060024,0.081335880055782,-0.08133588005578213,0.7988863993378376,0.3224819197485198,0.3210984261444184,0.0013834936041014,-0.0013834936041013934,0.9957098568342055,11.666666666666666,11.666666666666666,7261.252437829971,121.02087396383286,2.3332176208496094,,,,data_reupload/results/final_model_sweep/single_tanh_a1/depth_4/seed_43,data_reupload/results/final_model_sweep/single_tanh_a1/depth_4/seed_43/best_model.pt,data_reupload/results/final_model_sweep/single_tanh_a1/depth_4/seed_43/predictions.npz,data_reupload/results/final_model_sweep/single_tanh_a1/depth_4/seed_43/history.csv,data_reupload/results/final_model_sweep/single_tanh_a1/depth_4/seed_43/metrics_by_split.csv,data_reupload/results/final_model_sweep/single_tanh_a1/depth_4/seed_43/fft_summary_by_split.csv,data_reupload/results/final_model_sweep/single_tanh_a1/depth_4/seed_43/fft_power_by_period.csv,data_reupload/results/final_model_sweep/single_tanh_a1/depth_4/seed_43/config.json,,
1,ry,Standard Ry,4,44,1,14,False,False,168,0,15,183,18,0.1158785849062565,50.85572373764533,40.79471065513026,0.6353313472738339,0.6459367948193163,0.4300074917259961,0.3982525109385928,0.1572023516290245,0.5619306654588965,59.57165150265777,50.64285466365924,0.5066162609190406,0.5411075146531361,0.2488702393871009,0.2511234990712319,-1.038885588977208,0.433754868048506,65.71892355279867,56.08206584846967,0.2997627475509692,0.3017831225378395,0.1049242671159937,0.0691670716906185,1.1356364597909436,0.4426357027121605,0.8927638360326267,0.4044275463617845,0.3041298439416371,0.1002977024201473,-0.1002977024201474,0.7520008136873418,0.3224819197485198,0.3431623753469136,0.0206804555983937,0.020680455598393765,1.0641290389691334,11.666666666666666,11.666666666666666,7110.885385990143,118.51475643316904,2.3262863159179688,,,,data_reupload/results/final_model_sweep/single_tanh_a1/depth_4/seed_44,data_reupload/results/final_model_sweep/single_tanh_a1/depth_4/seed_44/best_model.pt,data_reupload/results/final_model_sweep/single_tanh_a1/depth_4/seed_44/predictions.npz,data_reupload/results/final_model_sweep/single_tanh_a1/depth_4/seed_44/history.csv,data_reupload/results/final_model_sweep/single_tanh_a1/depth_4/seed_44/metrics_by_split.csv,data_reupload/results/final_model_sweep/single_tanh_a1/depth_4/seed_44/fft_summary_by_split.csv,data_reupload/results/final_model_sweep/single_tanh_a1/depth_4/seed_44/fft_power_by_period.csv,data_reupload/results/final_model_sweep/single_tanh_a1/depth_4/seed_44/config.json,,
1,ry,Standard Ry,4,45,1,14,False,False,168,0,15,183,15,0.1084028474972973,50.87293748058645,40.326001490493816,0.6351660250246887,0.6773273717686324,0.4296192733314511,0.3978450807071899,0.909440339400773,0.561692464515241,57.61802846856818,49.47831447854957,0.56151579828509,0.6167614381943837,0.2930770051599859,0.2994361711427163,3.604571488052992,0.4469644770496758,65.2421626794932,56.29312722179306,0.3274481571915367,0.3071117561683599,0.1431633402597656,0.0826236217324793,4.2419449914085865,0.4713945249791147,0.9189616001329528,0.4044275463617845,0.3342988585834385,0.0701286877783459,-0.07012868777834602,0.8265976479366425,0.3224819197485198,0.3167666135528164,0.0057153061957034,-0.005715306195703429,0.9822771267295841,11.666666666666666,11.666666666666666,6943.107762336731,115.71846270561218,2.3253746032714844,,,,data_reupload/results/final_model_sweep/single_tanh_a1/depth_4/seed_45,data_reupload/results/final_model_sweep/single_tanh_a1/depth_4/seed_45/best_model.pt,data_reupload/results/final_model_sweep/single_tanh_a1/depth_4/seed_45/predictions.npz,data_reupload/results/final_model_sweep/single_tanh_a1/depth_4/seed_45/history.csv,data_reupload/results/final_model_sweep/single_tanh_a1/depth_4/seed_45/metrics_by_split.csv,data_reupload/results/final_model_sweep/single_tanh_a1/depth_4/seed_45/fft_summary_by_split.csv,data_reupload/results/final_model_sweep/single_tanh_a1/depth_4/seed_45/fft_power_by_period.csv,data_reupload/results/final_model_sweep/single_tanh_a1/depth_4/seed_45/config.json,,
1,ry,Standard Ry,4,46,1,14,False,False,168,0,15,183,42,0.1204892109992194,42.842650307542655,34.39688587385618,0.7641701074556803,0.772943872428113,0.5874250463784297,0.5729416021357929,1.568424646798142,0.6619839993999097,60.74522274920962,50.42505835090658,0.4757916699448019,0.4896334528912606,0.2892458709671973,0.2213268844648132,-3.7267493080089698,0.5218350659452818,70.17488564144466,58.94411539172833,0.2751189463948917,0.3239373833713456,0.1929366697562448,-0.0613393899887744,-0.4920864841129188,0.6452238454230925,0.8018281718696461,0.4044275463617845,0.1842906819214448,0.2201368644403397,-0.22013686444033972,0.45568281285317247,0.3224819197485198,0.5547942352532603,0.2323123155047404,0.23231231550474052,1.7203886521325102,11.666666666666666,11.666666666666666,7086.46067905426,118.10767798423767,2.311138153076172,,,,data_reupload/results/final_model_sweep/single_tanh_a1/depth_4/seed_46,data_reupload/results/final_model_sweep/single_tanh_a1/depth_4/seed_46/best_model.pt,data_reupload/results/final_model_sweep/single_tanh_a1/depth_4/seed_46/predictions.npz,data_reupload/results/final_model_sweep/single_tanh_a1/depth_4/seed_46/history.csv,data_reupload/results/final_model_sweep/single_tanh_a1/depth_4/seed_46/metrics_by_split.csv,data_reupload/results/final_model_sweep/single_tanh_a1/depth_4/seed_46/fft_summary_by_split.csv,data_reupload/results/final_model_sweep/single_tanh_a1/depth_4/seed_46/fft_power_by_period.csv,data_reupload/results/final_model_sweep/single_tanh_a1/depth_4/seed_46/config.json,,
1,ry,Standard Ry,5,42,1,14,False,False,210,0,15,225,31,0.1252211709076263,43.58987526586226,34.75116244228642,0.7707864888590974,0.8029688872095748,0.5258191025487251,0.5579149171834517,3.1126881198419043,0.5865512458158884,61.92655616975689,53.03396286434295,0.4383536263594789,0.4030618493570115,0.1788779947431247,0.190746138405395,-0.2515772178463218,0.4010118611989828,69.90912824365157,58.172386279933285,0.216627309507845,0.2384719054530375,0.0847243249182799,-0.0533158726492901,3.6842627404045976,0.528585348608628,0.4628422484173875,0.4044275463617845,0.0857349693131256,0.3186925770486588,-0.31869257704865894,0.21199092417021112,0.3224819197485198,0.575008062725826,0.2525261429773062,0.25252614297730624,1.783070701062041,11.666666666666666,7.499999999999998,9624.029133319857,160.40048555533093,2.796344757080078,,,,data_reupload/results/final_model_sweep/single_tanh_a1/depth_5/seed_42,data_reupload/results/final_model_sweep/single_tanh_a1/depth_5/seed_42/best_model.pt,data_reupload/results/final_model_sweep/single_tanh_a1/depth_5/seed_42/predictions.npz,data_reupload/results/final_model_sweep/single_tanh_a1/depth_5/seed_42/history.csv,data_reupload/results/final_model_sweep/single_tanh_a1/depth_5/seed_42/metrics_by_split.csv,data_reupload/results/final_model_sweep/single_tanh_a1/depth_5/seed_42/fft_summary_by_split.csv,data_reupload/results/final_model_sweep/single_tanh_a1/depth_5/seed_42/fft_power_by_period.csv,data_reupload/results/final_model_sweep/single_tanh_a1/depth_5/seed_42/config.json,,
1,ry,Standard Ry,5,43,1,14,False,False,210,0,15,225,37,0.1337477075892865,40.14736711442361,31.88644605620575,0.8097701831663406,0.8069446631051215,0.5910585806594619,0.6249849069811957,2.731658335304104,0.639456672014736,64.000183944438,52.39544073402541,0.3801670091965481,0.4209080570378795,0.1856260895529528,0.1356425749612253,-1.452006776672252,0.4720336188816547,66.39601957765507,56.034067415172565,0.3341161997099978,0.3386481443085216,0.2114705337357343,0.0498876917618058,2.881552709304767,0.5789761443916099,0.6206814464490227,0.4044275463617845,0.1285808120707194,0.2758467342910651,-0.2758467342910651,0.3179328738297569,0.3224819197485198,0.6275252608220692,0.3050433410735493,0.30504334107354936,1.9459238561697676,11.666666666666666,11.666666666666666,8588.834041595459,143.14723402659098,2.804901123046875,,,,data_reupload/results/final_model_sweep/single_tanh_a1/depth_5/seed_43,data_reupload/results/final_model_sweep/single_tanh_a1/depth_5/seed_43/best_model.pt,data_reupload/results/final_model_sweep/single_tanh_a1/depth_5/seed_43/predictions.npz,data_reupload/results/final_model_sweep/single_tanh_a1/depth_5/seed_43/history.csv,data_reupload/results/final_model_sweep/single_tanh_a1/depth_5/seed_43/metrics_by_split.csv,data_reupload/results/final_model_sweep/single_tanh_a1/depth_5/seed_43/fft_summary_by_split.csv,data_reupload/results/final_model_sweep/single_tanh_a1/depth_5/seed_43/fft_power_by_period.csv,data_reupload/results/final_model_sweep/single_tanh_a1/depth_5/seed_43/config.json,,
1,ry,Standard Ry,5,44,1,14,False,False,210,0,15,225,16,0.1211482908129682,51.90978501322457,42.31182213083666,0.6489589331840556,0.717006482851755,0.3331025668915078,0.3730497660541906,2.8437218215354934,0.4339789086543223,60.91113532144308,51.711326535597,0.4749274379852441,0.4794156241798617,0.1896884060033296,0.2170675177737868,-0.1749468918855448,0.3828291486247394,66.5662152866884,56.05428343714973,0.2643842704454694,0.2749740825212523,0.0591665643879357,0.0450105231708664,3.267020224912696,0.4146778704538756,0.6061254041049837,0.4044275463617845,0.10640735385363,0.2980201925081545,-0.29802019250815454,0.26310609851101063,0.3224819197485198,0.5951922115767243,0.2727102918282044,0.2727102918282045,1.845660718098154,11.666666666666666,11.666666666666666,8575.8514316082,142.93085719347,2.8134918212890625,,,,data_reupload/results/final_model_sweep/single_tanh_a1/depth_5/seed_44,data_reupload/results/final_model_sweep/single_tanh_a1/depth_5/seed_44/best_model.pt,data_reupload/results/final_model_sweep/single_tanh_a1/depth_5/seed_44/predictions.npz,data_reupload/results/final_model_sweep/single_tanh_a1/depth_5/seed_44/history.csv,data_reupload/results/final_model_sweep/single_tanh_a1/depth_5/seed_44/metrics_by_split.csv,data_reupload/results/final_model_sweep/single_tanh_a1/depth_5/seed_44/fft_summary_by_split.csv,data_reupload/results/final_model_sweep/single_tanh_a1/depth_5/seed_44/fft_power_by_period.csv,data_reupload/results/final_model_sweep/single_tanh_a1/depth_5/seed_44/config.json,,
1,ry,Standard Ry,5,45,1,14,False,False,210,0,15,225,11,0.1307781647057952,52.367188878911634,43.07060383553485,0.6349087698384097,0.6945644104383359,0.3267288275583818,0.3619523247038194,2.241960320283509,0.4349404032553653,63.28571161103412,54.52131775320629,0.3981268671005437,0.3932989239786545,0.1085545441429246,0.1548335314761495,1.682071855818806,0.3426795224038786,66.60695734469572,56.67538061986097,0.2358801385707616,0.2330188679245282,-0.0069215469478101,0.0438411568955862,0.4804557080878708,0.3442707855969878,0.6072350083781037,0.4044275463617845,0.1136544332575823,0.2907731131042022,-0.29077311310420223,0.2810254501208274,0.3224819197485198,0.5843079661645014,0.2618260464159815,0.2618260464159816,1.8119092277178228,11.666666666666666,26.25,8682.522755146027,144.7087125857671,2.816368103027344,,,,data_reupload/results/final_model_sweep/single_tanh_a1/depth_5/seed_45,data_reupload/results/final_model_sweep/single_tanh_a1/depth_5/seed_45/best_model.pt,data_reupload/results/final_model_sweep/single_tanh_a1/depth_5/seed_45/predictions.npz,data_reupload/results/final_model_sweep/single_tanh_a1/depth_5/seed_45/history.csv,data_reupload/results/final_model_sweep/single_tanh_a1/depth_5/seed_45/metrics_by_split.csv,data_reupload/results/final_model_sweep/single_tanh_a1/depth_5/seed_45/fft_summary_by_split.csv,data_reupload/results/final_model_sweep/single_tanh_a1/depth_5/seed_45/fft_power_by_period.csv,data_reupload/results/final_model_sweep/single_tanh_a1/depth_5/seed_45/config.json,,
1,ry,Standard Ry,5,46,1,14,False,False,210,0,15,225,14,0.1287160274347367,51.7640856384026,42.372029202080334,0.6400643361330803,0.7017963761803304,0.3507738776247843,0.3765642503718713,1.7698998291966346,0.4600941597680462,62.78477793373815,53.46350243640146,0.4109701174088626,0.3776572478348351,0.1479154836584003,0.1681602919404264,0.3460308675924043,0.3843078208142624,65.17784888321857,55.600878478474215,0.336023503312406,0.3122848849263943,0.1625266019293526,0.0844313753344354,4.367582851743904,0.4921298014625918,0.6319339741480835,0.4044275463617845,0.1318088985278309,0.2726186478339535,-0.2726186478339536,0.3259147397687891,0.3224819197485198,0.618892666268252,0.2964107465197321,0.2964107465197322,1.9191546203609846,11.666666666666666,11.666666666666666,8764.270507335663,146.07117512226105,2.8085289001464844,,,,data_reupload/results/final_model_sweep/single_tanh_a1/depth_5/seed_46,data_reupload/results/final_model_sweep/single_tanh_a1/depth_5/seed_46/best_model.pt,data_reupload/results/final_model_sweep/single_tanh_a1/depth_5/seed_46/predictions.npz,data_reupload/results/final_model_sweep/single_tanh_a1/depth_5/seed_46/history.csv,data_reupload/results/final_model_sweep/single_tanh_a1/depth_5/seed_46/metrics_by_split.csv,data_reupload/results/final_model_sweep/single_tanh_a1/depth_5/seed_46/fft_summary_by_split.csv,data_reupload/results/final_model_sweep/single_tanh_a1/depth_5/seed_46/fft_power_by_period.csv,data_reupload/results/final_model_sweep/single_tanh_a1/depth_5/seed_46/config.json,,
1,ry,Standard Ry,6,42,1,14,False,False,252,0,15,267,3,0.1557058279664259,65.01683673036926,55.2945335099782,0.4837398370684899,0.481185175855663,-0.1085671175181146,0.0164730150416124,3.0393838342811472,0.0196473117816749,69.0542611391346,60.91385973094184,-0.1376446222616253,-0.0682529962382993,-0.5028512264492704,-0.0062638900539249,-2.065732783262914,0.0182702309260724,68.24190308454092,59.505297579274405,-0.1189515887210184,-0.0765498652291105,-0.4916419840458934,-0.0036750188807386,1.0323512722155608,0.0136938309138098,0.1585153848744833,0.4044275463617845,0.0152806369557633,0.3891469094060212,-0.3891469094060212,0.03778337329696593,0.3224819197485198,0.7538770933613735,0.4313951736128537,0.43139517361285373,2.3377344501957427,11.666666666666666,2.441860465116279,11986.350215435028,199.7725035905838,3.3263893127441406,,,,data_reupload/results/final_model_sweep/single_tanh_a1/depth_6/seed_42,data_reupload/results/final_model_sweep/single_tanh_a1/depth_6/seed_42/best_model.pt,data_reupload/results/final_model_sweep/single_tanh_a1/depth_6/seed_42/predictions.npz,data_reupload/results/final_model_sweep/single_tanh_a1/depth_6/seed_42/history.csv,data_reupload/results/final_model_sweep/single_tanh_a1/depth_6/seed_42/metrics_by_split.csv,data_reupload/results/final_model_sweep/single_tanh_a1/depth_6/seed_42/fft_summary_by_split.csv,data_reupload/results/final_model_sweep/single_tanh_a1/depth_6/seed_42/fft_power_by_period.csv,data_reupload/results/final_model_sweep/single_tanh_a1/depth_6/seed_42/config.json,,
1,ry,Standard Ry,6,43,1,14,False,False,252,0,15,267,14,0.1554097724777818,57.937251952005546,48.871815272634265,0.7242159989173691,0.7471070667632272,0.1279389350752736,0.2190011532466435,3.07792459336966,0.17350422124658,68.98858080966784,60.90795611998305,0.0453282590652696,-0.0440381418948473,-0.3032030792544802,-0.0043506029819788,-2.8872370407683663,0.1134908051123511,68.5044264140491,59.36911773710764,-0.0096034744441589,-0.0112585527679867,-0.3541693891324904,-0.0114120516663804,-0.3568761597680343,0.0975264906709253,0.2720310391246288,0.4044275463617845,0.0339213972425349,0.3705061491192496,-0.3705061491192496,0.0838750909716476,0.3224819197485198,0.6765333800820621,0.3540514603335422,0.3540514603335423,2.0978955366230805,11.666666666666666,3.0882352941176467,10543.149183988571,175.7191530664762,2.268451690673828,,,,data_reupload/results/final_model_sweep/single_tanh_a1/depth_6/seed_43,data_reupload/results/final_model_sweep/single_tanh_a1/depth_6/seed_43/best_model.pt,data_reupload/results/final_model_sweep/single_tanh_a1/depth_6/seed_43/predictions.npz,data_reupload/results/final_model_sweep/single_tanh_a1/depth_6/seed_43/history.csv,data_reupload/results/final_model_sweep/single_tanh_a1/depth_6/seed_43/metrics_by_split.csv,data_reupload/results/final_model_sweep/single_tanh_a1/depth_6/seed_43/fft_summary_by_split.csv,data_reupload/results/final_model_sweep/single_tanh_a1/depth_6/seed_43/fft_power_by_period.csv,data_reupload/results/final_model_sweep/single_tanh_a1/depth_6/seed_43/config.json,,
1,ry,Standard Ry,6,44,1,14,False,False,252,0,15,267,9,0.1552613939038075,62.95189860639719,53.373796878052296,0.6316310171272178,0.6348082608254527,-0.0042047941356611,0.07795466710525,2.385538498981629,0.0662293764373308,68.95563927848181,61.00412157196389,-0.0100553152612701,-0.0721021782871139,-0.3954756842331808,-0.0033916921756325,-2.415797722815926,0.0374973031164504,67.82022500604356,58.915961338445975,0.1159524544863457,0.0906282396848434,-0.2994153561465067,0.0086904087218895,0.6666968917870355,0.047697294210433,0.2924708860414926,0.4044275463617845,0.0321207624478792,0.3723067839139052,-0.3723067839139053,0.079422785952234,0.3224819197485198,0.6983147358269097,0.3758328160783898,0.3758328160783899,2.165438410846334,11.666666666666666,2.0588235294117645,10411.03134083748,173.51718901395802,3.318389892578125,,,,data_reupload/results/final_model_sweep/single_tanh_a1/depth_6/seed_44,data_reupload/results/final_model_sweep/single_tanh_a1/depth_6/seed_44/best_model.pt,data_reupload/results/final_model_sweep/single_tanh_a1/depth_6/seed_44/predictions.npz,data_reupload/results/final_model_sweep/single_tanh_a1/depth_6/seed_44/history.csv,data_reupload/results/final_model_sweep/single_tanh_a1/depth_6/seed_44/metrics_by_split.csv,data_reupload/results/final_model_sweep/single_tanh_a1/depth_6/seed_44/fft_summary_by_split.csv,data_reupload/results/final_model_sweep/single_tanh_a1/depth_6/seed_44/fft_power_by_period.csv,data_reupload/results/final_model_sweep/single_tanh_a1/depth_6/seed_44/config.json,,
1,ry,Standard Ry,6,45,1,14,False,False,252,0,15,267,28,0.1379270494398173,48.06020640693035,40.08898952933565,0.7547017903478437,0.774743817150694,0.3805046386865128,0.4625898413505018,3.877782696794803,0.4330089359487256,64.99242947524277,55.26855698125168,0.3469837021322132,0.36317032630566,0.0077601876812346,0.1086331762553075,3.86514383217648,0.2541830479837187,67.86162381363079,59.97031757922396,0.1960784880169501,0.1751088534107402,-0.0473624057564037,0.0074798093602791,7.425727066055349,0.3342189783039287,0.5469858793691615,0.4044275463617845,0.1233417503822271,0.2810857959795573,-0.2810857959795574,0.3049786086328812,0.3224819197485198,0.6414042469707645,0.3189223272222446,0.3189223272222447,1.9889618849669122,11.666666666666666,11.666666666666666,10474.91271853447,174.58187864224115,3.31899642944336,,,,data_reupload/results/final_model_sweep/single_tanh_a1/depth_6/seed_45,data_reupload/results/final_model_sweep/single_tanh_a1/depth_6/seed_45/best_model.pt,data_reupload/results/final_model_sweep/single_tanh_a1/depth_6/seed_45/predictions.npz,data_reupload/results/final_model_sweep/single_tanh_a1/depth_6/seed_45/history.csv,data_reupload/results/final_model_sweep/single_tanh_a1/depth_6/seed_45/metrics_by_split.csv,data_reupload/results/final_model_sweep/single_tanh_a1/depth_6/seed_45/fft_summary_by_split.csv,data_reupload/results/final_model_sweep/single_tanh_a1/depth_6/seed_45/fft_power_by_period.csv,data_reupload/results/final_model_sweep/single_tanh_a1/depth_6/seed_45/config.json,,
1,ry,Standard Ry,6,46,1,14,False,False,252,0,15,267,35,0.1257131857403948,40.4062610040206,33.345866402016604,0.8244993541881709,0.8292006115501817,0.550614877329132,0.6201326754643255,4.395492123013089,0.5896136301283095,62.04809677419277,53.6327132623515,0.4361063739866304,0.4189484734493919,0.176528481771612,0.1875664452233734,2.5377200043456605,0.4005630520049802,66.02119760864721,55.36308681761904,0.2930704831008819,0.2691270993157785,0.1008828407142991,0.0605846512257758,3.082214215038819,0.4455768495433919,0.6264582521602104,0.4044275463617845,0.1466965159186277,0.2577310304431568,-0.2577310304431568,0.36272632079170725,0.3224819197485198,0.5420717110716361,0.2195897913231162,0.2195897913231163,1.6809367529638821,11.666666666666666,8.076923076923077,10049.319008111954,167.48865013519924,3.303478240966797,,,,data_reupload/results/final_model_sweep/single_tanh_a1/depth_6/seed_46,data_reupload/results/final_model_sweep/single_tanh_a1/depth_6/seed_46/best_model.pt,data_reupload/results/final_model_sweep/single_tanh_a1/depth_6/seed_46/predictions.npz,data_reupload/results/final_model_sweep/single_tanh_a1/depth_6/seed_46/history.csv,data_reupload/results/final_model_sweep/single_tanh_a1/depth_6/seed_46/metrics_by_split.csv,data_reupload/results/final_model_sweep/single_tanh_a1/depth_6/seed_46/fft_summary_by_split.csv,data_reupload/results/final_model_sweep/single_tanh_a1/depth_6/seed_46/fft_power_by_period.csv,data_reupload/results/final_model_sweep/single_tanh_a1/depth_6/seed_46/config.json,,
2,same_scalar_rxryrz,Same-scalar RxRyRz,1,42,1,14,False,False,42,0,15,57,21,0.1247692843462781,58.74052867542046,47.92559244461757,0.447545416845339,0.4439651402402118,0.1901318737911363,0.1971945535893021,2.612591853935989,0.4086320911317262,61.814717770970766,51.98591234362126,0.453140369848856,0.4061411949960632,0.1560984118652258,0.1936664987735586,-3.5870204309051927,0.3585120652571451,63.143462599671565,52.89077845693499,0.3842718760467957,0.3834750155504873,0.1458439895418286,0.1406943984865758,-5.380799480584553,0.4112992312586243,0.805239971065863,0.4044275463617845,0.2772888453704127,0.1271387009913717,-0.1271387009913718,0.6856329344153065,0.3224819197485198,0.1751276828333887,0.147354236915131,-0.1473542369151311,0.543062020252044,11.666666666666666,11.666666666666666,2605.468208789825,43.424470146497086,0.80987548828125,,,,data_reupload/results/encoding_sweep/same_scalar_rxryrz_tanh_a1/depth_1/seed_42,data_reupload/results/encoding_sweep/same_scalar_rxryrz_tanh_a1/depth_1/seed_42/best_model.pt,data_reupload/results/encoding_sweep/same_scalar_rxryrz_tanh_a1/depth_1/seed_42/predictions.npz,data_reupload/results/encoding_sweep/same_scalar_rxryrz_tanh_a1/depth_1/seed_42/history.csv,data_reupload/results/encoding_sweep/same_scalar_rxryrz_tanh_a1/depth_1/seed_42/metrics_by_split.csv,data_reupload/results/encoding_sweep/same_scalar_rxryrz_tanh_a1/depth_1/seed_42/fft_summary_by_split.csv,data_reupload/results/encoding_sweep/same_scalar_rxryrz_tanh_a1/depth_1/seed_42/fft_power_by_period.csv,data_reupload/results/encoding_sweep/same_scalar_rxryrz_tanh_a1/depth_1/seed_42/config.json,data_reupload/results/encoding_sweep/same_scalar_rxryrz_tanh_a1/depth_1/seed_42/encoding_metadata.json,
2,same_scalar_rxryrz,Same-scalar RxRyRz,1,43,1,14,False,False,42,0,15,57,27,0.1168655266051403,58.58009575512346,47.61772758261579,0.4495140655011514,0.451192627811539,0.2064659671179266,0.2015738310605774,0.4480361445110212,0.4284817258918468,59.82480047841717,49.62277559812419,0.5137424087336268,0.4858542559706063,0.2186397269766276,0.2447452934115864,-4.3246107221378844,0.3902946372479016,63.44292373362704,53.324160355508525,0.3722158265662533,0.3705784781256479,0.1275140584850601,0.1325244687302578,-5.010821317220211,0.3968889828607791,0.7788635475373451,0.4044275463617845,0.2435026910846877,0.1609248552770968,-0.16092485527709682,0.6020922493416412,0.3224819197485198,0.202098786843095,0.1203831329054248,-0.1203831329054248,0.6266980393837185,11.666666666666666,11.666666666666666,2599.157201051712,43.3192866841952,0.8497467041015625,,,,data_reupload/results/encoding_sweep/same_scalar_rxryrz_tanh_a1/depth_1/seed_43,data_reupload/results/encoding_sweep/same_scalar_rxryrz_tanh_a1/depth_1/seed_43/best_model.pt,data_reupload/results/encoding_sweep/same_scalar_rxryrz_tanh_a1/depth_1/seed_43/predictions.npz,data_reupload/results/encoding_sweep/same_scalar_rxryrz_tanh_a1/depth_1/seed_43/history.csv,data_reupload/results/encoding_sweep/same_scalar_rxryrz_tanh_a1/depth_1/seed_43/metrics_by_split.csv,data_reupload/results/encoding_sweep/same_scalar_rxryrz_tanh_a1/depth_1/seed_43/fft_summary_by_split.csv,data_reupload/results/encoding_sweep/same_scalar_rxryrz_tanh_a1/depth_1/seed_43/fft_power_by_period.csv,data_reupload/results/encoding_sweep/same_scalar_rxryrz_tanh_a1/depth_1/seed_43/config.json,data_reupload/results/encoding_sweep/same_scalar_rxryrz_tanh_a1/depth_1/seed_43/encoding_metadata.json,
2,same_scalar_rxryrz,Same-scalar RxRyRz,1,44,1,14,False,False,42,0,15,57,29,0.1240896436111907,57.90235735295842,46.93733002885773,0.4709935773321514,0.4491589785572593,0.2284307352030075,0.2199416339839869,1.918717333380091,0.4387948469470047,61.64612993199748,51.97177328946486,0.4523495642364804,0.4096404514040766,0.1865421059424943,0.1980587423964223,-4.279079654625886,0.4004127334978336,65.01477569626563,55.06790262133696,0.3053690139791279,0.3140680074642339,0.0552875401053152,0.0890070990790234,-2.383894769360644,0.360308399420702,0.7364317193594624,0.4044275463617845,0.1904777129037987,0.2139498334579858,-0.21394983345798582,0.4709810561059188,0.3224819197485198,0.3181389343433926,0.0043429854051272,-0.004342985405127231,0.986532623569985,11.666666666666666,11.666666666666666,2546.1543440818787,42.435905734697975,0.8518829345703125,,,,data_reupload/results/encoding_sweep/same_scalar_rxryrz_tanh_a1/depth_1/seed_44,data_reupload/results/encoding_sweep/same_scalar_rxryrz_tanh_a1/depth_1/seed_44/best_model.pt,data_reupload/results/encoding_sweep/same_scalar_rxryrz_tanh_a1/depth_1/seed_44/predictions.npz,data_reupload/results/encoding_sweep/same_scalar_rxryrz_tanh_a1/depth_1/seed_44/history.csv,data_reupload/results/encoding_sweep/same_scalar_rxryrz_tanh_a1/depth_1/seed_44/metrics_by_split.csv,data_reupload/results/encoding_sweep/same_scalar_rxryrz_tanh_a1/depth_1/seed_44/fft_summary_by_split.csv,data_reupload/results/encoding_sweep/same_scalar_rxryrz_tanh_a1/depth_1/seed_44/fft_power_by_period.csv,data_reupload/results/encoding_sweep/same_scalar_rxryrz_tanh_a1/depth_1/seed_44/config.json,data_reupload/results/encoding_sweep/same_scalar_rxryrz_tanh_a1/depth_1/seed_44/encoding_metadata.json,
2,same_scalar_rxryrz,Same-scalar RxRyRz,1,45,1,14,False,False,42,0,15,57,96,0.1087657730987324,53.81141048773434,43.31953328831421,0.5733247896512452,0.6203163407747935,0.3618890935452113,0.3262739190351902,0.805810929353275,0.5256140204072781,57.71439856005328,45.24328569067522,0.5637742808303821,0.528160265943487,0.3465211354238656,0.2970907295348474,-9.556270351151014,0.5253093135439353,64.45356375868509,54.57647350519094,0.3365333891386984,0.3902239270163798,0.1212838825345952,0.1046667232111572,-2.0218756153665747,0.4243226281129393,0.8030660386796813,0.4044275463617845,0.2439038902665468,0.1605236560952377,-0.16052365609523772,0.603084266788198,0.3224819197485198,0.14709742881273,0.1753844909357897,-0.1753844909357898,0.45614163090892224,11.666666666666666,11.666666666666666,2565.074627637863,42.751243793964385,0.8718795776367188,,,,data_reupload/results/encoding_sweep/same_scalar_rxryrz_tanh_a1/depth_1/seed_45,data_reupload/results/encoding_sweep/same_scalar_rxryrz_tanh_a1/depth_1/seed_45/best_model.pt,data_reupload/results/encoding_sweep/same_scalar_rxryrz_tanh_a1/depth_1/seed_45/predictions.npz,data_reupload/results/encoding_sweep/same_scalar_rxryrz_tanh_a1/depth_1/seed_45/history.csv,data_reupload/results/encoding_sweep/same_scalar_rxryrz_tanh_a1/depth_1/seed_45/metrics_by_split.csv,data_reupload/results/encoding_sweep/same_scalar_rxryrz_tanh_a1/depth_1/seed_45/fft_summary_by_split.csv,data_reupload/results/encoding_sweep/same_scalar_rxryrz_tanh_a1/depth_1/seed_45/fft_power_by_period.csv,data_reupload/results/encoding_sweep/same_scalar_rxryrz_tanh_a1/depth_1/seed_45/config.json,data_reupload/results/encoding_sweep/same_scalar_rxryrz_tanh_a1/depth_1/seed_45/encoding_metadata.json,
2,same_scalar_rxryrz,Same-scalar RxRyRz,1,46,1,14,False,False,42,0,15,57,32,0.1268786140368445,58.1599108874042,46.71846295576211,0.462420633507035,0.4673020071300873,0.2215094658575004,0.212986697369205,0.9306972868154386,0.4370314734479809,62.33504275187726,51.60151914285264,0.4289340295694241,0.3924241098766512,0.1504625010015012,0.1800347527589311,-1.7300920302598204,0.3713318647908522,63.51290962421987,52.527204100758816,0.3698629173516624,0.3942048517520215,0.1494386129641749,0.1306095338506994,-3.4467355022625443,0.4301011938805195,0.8697172927233295,0.4044275463617845,0.32093886390826,0.0834886824535245,-0.08348868245352453,0.7935633138628027,0.3224819197485198,0.2269491669891102,0.0955327527594096,-0.09553275275940962,0.7037578018826337,11.666666666666666,11.666666666666666,2652.419806957245,44.20699678262075,0.8513259887695312,,,,data_reupload/results/encoding_sweep/same_scalar_rxryrz_tanh_a1/depth_1/seed_46,data_reupload/results/encoding_sweep/same_scalar_rxryrz_tanh_a1/depth_1/seed_46/best_model.pt,data_reupload/results/encoding_sweep/same_scalar_rxryrz_tanh_a1/depth_1/seed_46/predictions.npz,data_reupload/results/encoding_sweep/same_scalar_rxryrz_tanh_a1/depth_1/seed_46/history.csv,data_reupload/results/encoding_sweep/same_scalar_rxryrz_tanh_a1/depth_1/seed_46/metrics_by_split.csv,data_reupload/results/encoding_sweep/same_scalar_rxryrz_tanh_a1/depth_1/seed_46/fft_summary_by_split.csv,data_reupload/results/encoding_sweep/same_scalar_rxryrz_tanh_a1/depth_1/seed_46/fft_power_by_period.csv,data_reupload/results/encoding_sweep/same_scalar_rxryrz_tanh_a1/depth_1/seed_46/config.json,data_reupload/results/encoding_sweep/same_scalar_rxryrz_tanh_a1/depth_1/seed_46/encoding_metadata.json,
2,same_scalar_rxryrz,Same-scalar RxRyRz,2,42,1,14,False,False,84,0,15,99,9,0.144526449341299,58.18375779753372,48.63491241555843,0.4786223362587719,0.4927044302402468,0.1680323273227505,0.2123411777033147,1.73969277689397,0.3519969459183959,66.52911025316122,56.87820730499185,0.264270187562081,0.3029831160878313,-0.0389900483503842,0.0659839196178594,-4.266586991209056,0.2679293426376848,65.76414081117848,56.764711426524826,0.261657926933569,0.290566037735849,-0.0442961203517557,0.0678857301695479,-1.6392480231624436,0.2617289920897335,0.57392671204119,0.4044275463617845,0.1799862294395494,0.224441316922235,-0.22444131692223512,0.4450394911491538,0.3224819197485198,0.34188643521952,0.0194045154710001,0.019404515471000194,1.0601724136538642,11.666666666666666,14.999999999999996,4744.634983778,79.07724972963334,1.5218429565429688,,,,data_reupload/results/encoding_sweep/same_scalar_rxryrz_tanh_a1/depth_2/seed_42,data_reupload/results/encoding_sweep/same_scalar_rxryrz_tanh_a1/depth_2/seed_42/best_model.pt,data_reupload/results/encoding_sweep/same_scalar_rxryrz_tanh_a1/depth_2/seed_42/predictions.npz,data_reupload/results/encoding_sweep/same_scalar_rxryrz_tanh_a1/depth_2/seed_42/history.csv,data_reupload/results/encoding_sweep/same_scalar_rxryrz_tanh_a1/depth_2/seed_42/metrics_by_split.csv,data_reupload/results/encoding_sweep/same_scalar_rxryrz_tanh_a1/depth_2/seed_42/fft_summary_by_split.csv,data_reupload/results/encoding_sweep/same_scalar_rxryrz_tanh_a1/depth_2/seed_42/fft_power_by_period.csv,data_reupload/results/encoding_sweep/same_scalar_rxryrz_tanh_a1/depth_2/seed_42/config.json,data_reupload/results/encoding_sweep/same_scalar_rxryrz_tanh_a1/depth_2/seed_42/encoding_metadata.json,
2,same_scalar_rxryrz,Same-scalar RxRyRz,2,43,1,14,False,False,84,0,15,99,32,0.1293978550826241,51.378382915998,42.21548735286475,0.627286470403496,0.6212654330705907,0.4138504850005933,0.3858202820848152,2.519534839110176,0.5486032359464644,62.950848381140695,52.49283426887259,0.407158468582169,0.4732919254658385,0.1676706386097597,0.1637539151832417,-3.0256960929241563,0.4167614469464181,70.2623492616527,58.6698947652093,0.2044951752278717,0.2481857764876632,0.0740527701161775,-0.063986674232533,-2.769089930091859,0.5272216251403727,0.5828688024604858,0.4044275463617845,0.1741130000459978,0.2303145463157866,-0.2303145463157867,0.4305171633641477,0.3224819197485198,0.4929541792113819,0.1704722594628621,0.1704722594628621,1.5286257896126425,11.666666666666666,11.666666666666666,4832.657848596573,80.54429747660954,1.5549850463867188,,,,data_reupload/results/encoding_sweep/same_scalar_rxryrz_tanh_a1/depth_2/seed_43,data_reupload/results/encoding_sweep/same_scalar_rxryrz_tanh_a1/depth_2/seed_43/best_model.pt,data_reupload/results/encoding_sweep/same_scalar_rxryrz_tanh_a1/depth_2/seed_43/predictions.npz,data_reupload/results/encoding_sweep/same_scalar_rxryrz_tanh_a1/depth_2/seed_43/history.csv,data_reupload/results/encoding_sweep/same_scalar_rxryrz_tanh_a1/depth_2/seed_43/metrics_by_split.csv,data_reupload/results/encoding_sweep/same_scalar_rxryrz_tanh_a1/depth_2/seed_43/fft_summary_by_split.csv,data_reupload/results/encoding_sweep/same_scalar_rxryrz_tanh_a1/depth_2/seed_43/fft_power_by_period.csv,data_reupload/results/encoding_sweep/same_scalar_rxryrz_tanh_a1/depth_2/seed_43/config.json,data_reupload/results/encoding_sweep/same_scalar_rxryrz_tanh_a1/depth_2/seed_43/encoding_metadata.json,
2,same_scalar_rxryrz,Same-scalar RxRyRz,2,44,1,14,False,False,84,0,15,99,40,0.1420796851966618,50.65367560960734,40.9308200008329,0.6458457828808637,0.6319640626803951,0.4092867330102948,0.4030244588820914,-0.3281490061819772,0.5272402922872494,65.96355326350886,55.65572410500882,0.3231541513676153,0.2930102353249934,0.1371445370546278,0.0817963682486062,-3.2360566704738254,0.4660610631878426,70.95332646881634,60.15673275873543,0.1416589293750248,0.1415820029027576,-0.0113586422990832,-0.0850165877095567,-1.2406653557235034,0.4653132174739133,0.3553158314351438,0.4044275463617845,0.0957830208314614,0.308644525530323,-0.3086445255303231,0.23683604564803254,0.3224819197485198,0.6906168681661532,0.3681349484176333,0.3681349484176334,2.1415677155008104,11.666666666666666,2.8378378378378377,5013.730708599091,83.56217847665151,1.510150909423828,,,,data_reupload/results/encoding_sweep/same_scalar_rxryrz_tanh_a1/depth_2/seed_44,data_reupload/results/encoding_sweep/same_scalar_rxryrz_tanh_a1/depth_2/seed_44/best_model.pt,data_reupload/results/encoding_sweep/same_scalar_rxryrz_tanh_a1/depth_2/seed_44/predictions.npz,data_reupload/results/encoding_sweep/same_scalar_rxryrz_tanh_a1/depth_2/seed_44/history.csv,data_reupload/results/encoding_sweep/same_scalar_rxryrz_tanh_a1/depth_2/seed_44/metrics_by_split.csv,data_reupload/results/encoding_sweep/same_scalar_rxryrz_tanh_a1/depth_2/seed_44/fft_summary_by_split.csv,data_reupload/results/encoding_sweep/same_scalar_rxryrz_tanh_a1/depth_2/seed_44/fft_power_by_period.csv,data_reupload/results/encoding_sweep/same_scalar_rxryrz_tanh_a1/depth_2/seed_44/config.json,data_reupload/results/encoding_sweep/same_scalar_rxryrz_tanh_a1/depth_2/seed_44/encoding_metadata.json,
2,same_scalar_rxryrz,Same-scalar RxRyRz,2,45,1,14,False,False,84,0,15,99,32,0.1303993418637106,52.2100870938905,42.4605506196412,0.6079348237747746,0.6119516777396434,0.4007102258050642,0.3657748736321937,-0.5584764981905371,0.5468012941053481,63.19398582599563,52.73589785752182,0.3975687695995195,0.4524713498381594,0.1638610881719905,0.1572817105308188,-1.1151204855148666,0.4203022158180662,66.52969694582768,56.41041468991869,0.2879141705388351,0.2999585320340037,0.11579281685247,0.0460580535116432,2.4039947180037333,0.4765698768601693,0.5210404643247721,0.4044275463617845,0.1393304758041895,0.265097070557595,-0.265097070557595,0.34451282326736,0.3224819197485198,0.5636100152312393,0.2411280954827194,0.24112809548271952,1.7477259366067956,11.666666666666666,11.666666666666666,4408.169468402863,73.46949114004771,1.5503654479980469,,,,data_reupload/results/encoding_sweep/same_scalar_rxryrz_tanh_a1/depth_2/seed_45,data_reupload/results/encoding_sweep/same_scalar_rxryrz_tanh_a1/depth_2/seed_45/best_model.pt,data_reupload/results/encoding_sweep/same_scalar_rxryrz_tanh_a1/depth_2/seed_45/predictions.npz,data_reupload/results/encoding_sweep/same_scalar_rxryrz_tanh_a1/depth_2/seed_45/history.csv,data_reupload/results/encoding_sweep/same_scalar_rxryrz_tanh_a1/depth_2/seed_45/metrics_by_split.csv,data_reupload/results/encoding_sweep/same_scalar_rxryrz_tanh_a1/depth_2/seed_45/fft_summary_by_split.csv,data_reupload/results/encoding_sweep/same_scalar_rxryrz_tanh_a1/depth_2/seed_45/fft_power_by_period.csv,data_reupload/results/encoding_sweep/same_scalar_rxryrz_tanh_a1/depth_2/seed_45/config.json,data_reupload/results/encoding_sweep/same_scalar_rxryrz_tanh_a1/depth_2/seed_45/encoding_metadata.json,
2,same_scalar_rxryrz,Same-scalar RxRyRz,2,46,1,14,False,False,84,0,15,99,9,0.1398648255036408,59.01272101877504,49.31559677632802,0.4549217109352201,0.4553864346414489,0.1318428321065442,0.1897372226889225,-0.8586516737655663,0.324365213165553,65.4473855936889,56.40231387117821,0.3421601113467126,0.3821362960370921,-0.0124187944742519,0.0961101120546737,-6.626202240453967,0.2340022986606649,64.46296927245949,55.37207029018336,0.3296408893803975,0.3919863155712212,0.0161375648482665,0.1044053975867229,-2.9369229926245137,0.2806640276456817,0.7226386998333619,0.4044275463617845,0.1887544489008821,0.2156730974609024,-0.2156730974609024,0.4667200604877444,0.3224819197485198,0.4495736304547082,0.1270917107061883,0.1270917107061884,1.3941049185185266,11.666666666666666,11.666666666666666,4528.968536615372,75.48280894358953,1.5392074584960938,,,,data_reupload/results/encoding_sweep/same_scalar_rxryrz_tanh_a1/depth_2/seed_46,data_reupload/results/encoding_sweep/same_scalar_rxryrz_tanh_a1/depth_2/seed_46/best_model.pt,data_reupload/results/encoding_sweep/same_scalar_rxryrz_tanh_a1/depth_2/seed_46/predictions.npz,data_reupload/results/encoding_sweep/same_scalar_rxryrz_tanh_a1/depth_2/seed_46/history.csv,data_reupload/results/encoding_sweep/same_scalar_rxryrz_tanh_a1/depth_2/seed_46/metrics_by_split.csv,data_reupload/results/encoding_sweep/same_scalar_rxryrz_tanh_a1/depth_2/seed_46/fft_summary_by_split.csv,data_reupload/results/encoding_sweep/same_scalar_rxryrz_tanh_a1/depth_2/seed_46/fft_power_by_period.csv,data_reupload/results/encoding_sweep/same_scalar_rxryrz_tanh_a1/depth_2/seed_46/config.json,data_reupload/results/encoding_sweep/same_scalar_rxryrz_tanh_a1/depth_2/seed_46/encoding_metadata.json,
2,same_scalar_rxryrz,Same-scalar RxRyRz,3,42,1,14,False,False,126,0,15,141,29,0.0899118405480416,46.14566307145027,37.795491623990905,0.7229476860430273,0.7084344245375764,0.5054397147411545,0.5045539276589925,1.6534566217528617,0.5907987674822015,52.47428052659488,44.7775666833044,0.67037872235773,0.667640626366897,0.4015994949563126,0.4189360821401671,-3.114320637828475,0.5017820636771104,67.96570760071826,57.87685367864346,0.2583999109831439,0.2880261248185776,0.1097596677427003,0.0044328889539689,1.0064612576833247,0.5076373667090367,0.6945466960417293,0.4044275463617845,0.149516118206084,0.2549114281557004,-0.25491142815570056,0.3696981561991154,0.3224819197485198,0.4353244728816531,0.1128425531331332,0.1128425531331333,1.3499190069977598,11.666666666666666,11.666666666666666,6626.911428689957,110.44852381149927,2.2727508544921875,,,,data_reupload/results/encoding_sweep/same_scalar_rxryrz_tanh_a1/depth_3/seed_42,data_reupload/results/encoding_sweep/same_scalar_rxryrz_tanh_a1/depth_3/seed_42/best_model.pt,data_reupload/results/encoding_sweep/same_scalar_rxryrz_tanh_a1/depth_3/seed_42/predictions.npz,data_reupload/results/encoding_sweep/same_scalar_rxryrz_tanh_a1/depth_3/seed_42/history.csv,data_reupload/results/encoding_sweep/same_scalar_rxryrz_tanh_a1/depth_3/seed_42/metrics_by_split.csv,data_reupload/results/encoding_sweep/same_scalar_rxryrz_tanh_a1/depth_3/seed_42/fft_summary_by_split.csv,data_reupload/results/encoding_sweep/same_scalar_rxryrz_tanh_a1/depth_3/seed_42/fft_power_by_period.csv,data_reupload/results/encoding_sweep/same_scalar_rxryrz_tanh_a1/depth_3/seed_42/config.json,data_reupload/results/encoding_sweep/same_scalar_rxryrz_tanh_a1/depth_3/seed_42/encoding_metadata.json,
2,same_scalar_rxryrz,Same-scalar RxRyRz,3,43,1,14,False,False,126,0,15,141,9,0.1335497866503235,57.18262119984784,46.98739020510151,0.4983012962528574,0.4826372226945292,0.2206294510873744,0.2392136242543331,0.750533465663096,0.4036466808645448,63.95281241795515,53.723709427178,0.3741958491521687,0.3081970081357711,0.0915329137214402,0.1369216580666244,-3.1467630356840006,0.342394977192108,68.1403680575779,56.60327858454145,0.1827738794063172,0.1795873937383371,-0.0425075149953335,-0.00069056644062,-4.55634645268677,0.3548859513952055,0.6877179098020175,0.4044275463617845,0.1967405376786571,0.2076870086831274,-0.20768700868312742,0.4864667094230544,0.3224819197485198,0.4588308616640433,0.1363489419155234,0.1363489419155235,1.4228111207656295,11.666666666666666,11.666666666666666,7064.085587501526,117.7347597916921,2.2579078674316406,,,,data_reupload/results/encoding_sweep/same_scalar_rxryrz_tanh_a1/depth_3/seed_43,data_reupload/results/encoding_sweep/same_scalar_rxryrz_tanh_a1/depth_3/seed_43/best_model.pt,data_reupload/results/encoding_sweep/same_scalar_rxryrz_tanh_a1/depth_3/seed_43/predictions.npz,data_reupload/results/encoding_sweep/same_scalar_rxryrz_tanh_a1/depth_3/seed_43/history.csv,data_reupload/results/encoding_sweep/same_scalar_rxryrz_tanh_a1/depth_3/seed_43/metrics_by_split.csv,data_reupload/results/encoding_sweep/same_scalar_rxryrz_tanh_a1/depth_3/seed_43/fft_summary_by_split.csv,data_reupload/results/encoding_sweep/same_scalar_rxryrz_tanh_a1/depth_3/seed_43/fft_power_by_period.csv,data_reupload/results/encoding_sweep/same_scalar_rxryrz_tanh_a1/depth_3/seed_43/config.json,data_reupload/results/encoding_sweep/same_scalar_rxryrz_tanh_a1/depth_3/seed_43/encoding_metadata.json,
2,same_scalar_rxryrz,Same-scalar RxRyRz,3,44,1,14,False,False,126,0,15,141,83,0.1135265691268666,38.243067761941774,29.47758502197196,0.8164064599592672,0.8011487907189913,0.6768307427460379,0.6597171556535701,0.3173731892259055,0.7340722831951473,58.96398205269291,47.69460294571864,0.5438469445259874,0.55527950310559,0.4622495778283811,0.2663236272780414,-0.5196816372378313,0.715278799420309,77.24972932591999,63.31137643020567,0.1648549249815023,0.1940389798880365,0.1205270317379935,-0.2861297622439702,0.8065912576409277,0.7244679094956301,0.7526909828085273,0.4044275463617845,0.181705890073873,0.2227216562879114,-0.22272165628791152,0.4492915769672283,0.3224819197485198,0.4574692735552266,0.1349873538067067,0.1349873538067068,1.4185889054244456,11.666666666666666,11.666666666666666,6496.399305105209,108.27332175175349,2.2580299377441406,,,,data_reupload/results/encoding_sweep/same_scalar_rxryrz_tanh_a1/depth_3/seed_44,data_reupload/results/encoding_sweep/same_scalar_rxryrz_tanh_a1/depth_3/seed_44/best_model.pt,data_reupload/results/encoding_sweep/same_scalar_rxryrz_tanh_a1/depth_3/seed_44/predictions.npz,data_reupload/results/encoding_sweep/same_scalar_rxryrz_tanh_a1/depth_3/seed_44/history.csv,data_reupload/results/encoding_sweep/same_scalar_rxryrz_tanh_a1/depth_3/seed_44/metrics_by_split.csv,data_reupload/results/encoding_sweep/same_scalar_rxryrz_tanh_a1/depth_3/seed_44/fft_summary_by_split.csv,data_reupload/results/encoding_sweep/same_scalar_rxryrz_tanh_a1/depth_3/seed_44/fft_power_by_period.csv,data_reupload/results/encoding_sweep/same_scalar_rxryrz_tanh_a1/depth_3/seed_44/config.json,data_reupload/results/encoding_sweep/same_scalar_rxryrz_tanh_a1/depth_3/seed_44/encoding_metadata.json,
2,same_scalar_rxryrz,Same-scalar RxRyRz,3,45,1,14,False,False,126,0,15,141,7,0.1362353008717842,57.9198805334591,47.75174889535866,0.4887515757297554,0.4908026071349853,0.1726854497732356,0.2194694192923371,-0.4093022374483507,0.3495764874765026,64.59261636749507,54.96414241779469,0.356523234408948,0.3040678855743154,0.0453150700145895,0.119566264099837,-4.315131931887664,0.2964131906048152,67.37502245813778,56.6150968029246,0.1922831226619851,0.1785403275969314,-0.0709633313218025,0.0216624977852106,-4.318878869230068,0.2985386546159254,0.7289750738065168,0.4044275463617845,0.1996283441778106,0.2047992021839739,-0.2047992021839739,0.4936071886637296,0.3224819197485198,0.4574426646997807,0.1349607449512608,0.13496074495126087,1.4185063927196506,11.666666666666666,11.666666666666666,6640.794377565384,110.6799062927564,2.26910400390625,,,,data_reupload/results/encoding_sweep/same_scalar_rxryrz_tanh_a1/depth_3/seed_45,data_reupload/results/encoding_sweep/same_scalar_rxryrz_tanh_a1/depth_3/seed_45/best_model.pt,data_reupload/results/encoding_sweep/same_scalar_rxryrz_tanh_a1/depth_3/seed_45/predictions.npz,data_reupload/results/encoding_sweep/same_scalar_rxryrz_tanh_a1/depth_3/seed_45/history.csv,data_reupload/results/encoding_sweep/same_scalar_rxryrz_tanh_a1/depth_3/seed_45/metrics_by_split.csv,data_reupload/results/encoding_sweep/same_scalar_rxryrz_tanh_a1/depth_3/seed_45/fft_summary_by_split.csv,data_reupload/results/encoding_sweep/same_scalar_rxryrz_tanh_a1/depth_3/seed_45/fft_power_by_period.csv,data_reupload/results/encoding_sweep/same_scalar_rxryrz_tanh_a1/depth_3/seed_45/config.json,data_reupload/results/encoding_sweep/same_scalar_rxryrz_tanh_a1/depth_3/seed_45/encoding_metadata.json,
2,same_scalar_rxryrz,Same-scalar RxRyRz,3,46,1,14,False,False,126,0,15,141,60,0.1149806067231028,42.406487244554015,33.50919354049298,0.7684923476308271,0.7409358676980453,0.602431203661539,0.5815927450474572,1.732407163896358,0.6774459014310782,59.34038322167312,49.48751952271182,0.5079958994295495,0.4699676318782258,0.2916389663308344,0.2569267694533697,-1.9950012526539167,0.4908732732076111,68.03179765522553,55.22878820221729,0.281757064440956,0.3273481235745387,0.1517518662231725,0.0024957627884921,-4.359721882348737,0.5515622225265052,0.5078713710109178,0.4044275463617845,0.1365853732309462,0.2678421731308382,-0.26784217313083836,0.33772519814652396,0.3224819197485198,0.5167623033056873,0.1942803835571674,0.19428038355716748,1.6024535692068338,11.666666666666666,21.0,6804.610288619995,113.41017147699992,2.2560386657714844,,,,data_reupload/results/encoding_sweep/same_scalar_rxryrz_tanh_a1/depth_3/seed_46,data_reupload/results/encoding_sweep/same_scalar_rxryrz_tanh_a1/depth_3/seed_46/best_model.pt,data_reupload/results/encoding_sweep/same_scalar_rxryrz_tanh_a1/depth_3/seed_46/predictions.npz,data_reupload/results/encoding_sweep/same_scalar_rxryrz_tanh_a1/depth_3/seed_46/history.csv,data_reupload/results/encoding_sweep/same_scalar_rxryrz_tanh_a1/depth_3/seed_46/metrics_by_split.csv,data_reupload/results/encoding_sweep/same_scalar_rxryrz_tanh_a1/depth_3/seed_46/fft_summary_by_split.csv,data_reupload/results/encoding_sweep/same_scalar_rxryrz_tanh_a1/depth_3/seed_46/fft_power_by_period.csv,data_reupload/results/encoding_sweep/same_scalar_rxryrz_tanh_a1/depth_3/seed_46/config.json,data_reupload/results/encoding_sweep/same_scalar_rxryrz_tanh_a1/depth_3/seed_46/encoding_metadata.json,
2,same_scalar_rxryrz,Same-scalar RxRyRz,4,42,1,14,False,False,168,0,15,183,8,0.1368138616521745,59.91547445819885,49.94791341154936,0.4600232512883944,0.4765877738943641,0.0707978837687424,0.1647574438300483,0.7581793344790458,0.2438515542353699,64.72962623944191,56.66404505330801,0.396284831296637,0.3782871139882774,-0.0045515119490049,0.1158272594067452,-2.9234970657100043,0.1977632338937738,67.27454670357052,57.72696077469881,0.1618359297718752,0.1891353929089778,-0.1575710243661245,0.0245782935452675,0.3785681615591167,0.2016063633274573,0.4888034992020574,0.4044275463617845,0.1003909720398171,0.3040365743219674,-0.3040365743219674,0.2482298076452275,0.3224819197485198,0.5213911896922556,0.1989092699437357,0.1989092699437358,1.616807510011261,11.666666666666666,21.0,8965.622503757477,149.4270417292913,2.989208221435547,,,,data_reupload/results/encoding_sweep/same_scalar_rxryrz_tanh_a1/depth_4/seed_42,data_reupload/results/encoding_sweep/same_scalar_rxryrz_tanh_a1/depth_4/seed_42/best_model.pt,data_reupload/results/encoding_sweep/same_scalar_rxryrz_tanh_a1/depth_4/seed_42/predictions.npz,data_reupload/results/encoding_sweep/same_scalar_rxryrz_tanh_a1/depth_4/seed_42/history.csv,data_reupload/results/encoding_sweep/same_scalar_rxryrz_tanh_a1/depth_4/seed_42/metrics_by_split.csv,data_reupload/results/encoding_sweep/same_scalar_rxryrz_tanh_a1/depth_4/seed_42/fft_summary_by_split.csv,data_reupload/results/encoding_sweep/same_scalar_rxryrz_tanh_a1/depth_4/seed_42/fft_power_by_period.csv,data_reupload/results/encoding_sweep/same_scalar_rxryrz_tanh_a1/depth_4/seed_42/config.json,data_reupload/results/encoding_sweep/same_scalar_rxryrz_tanh_a1/depth_4/seed_42/encoding_metadata.json,
2,same_scalar_rxryrz,Same-scalar RxRyRz,4,43,1,14,False,False,168,0,15,183,8,0.1429213218096444,59.283527700755286,48.81984545304177,0.4676894745135434,0.4668846976010299,0.1020584815683932,0.1822836419987038,0.3949651245547336,0.2768662392180628,66.15863874370723,56.49332266249537,0.2863374357662671,0.3279328142769661,-0.0529729417556408,0.076357210683006,-3.1227497122536456,0.2265536049877914,65.90637946841592,55.825008820578496,0.2557005856870163,0.2752228903172299,-0.0725626083429309,0.0638493036485527,-1.887843212227916,0.2280351353514205,0.6870179476522242,0.4044275463617845,0.1564990284295221,0.2479285179322623,-0.24792851793226242,0.38696431496168265,0.3224819197485198,0.3626756054648008,0.0401936857162809,0.040193685716281013,1.1246385712030775,11.666666666666666,11.666666666666666,9519.587374687197,158.65978957811996,3.0030517578125,,,,data_reupload/results/encoding_sweep/same_scalar_rxryrz_tanh_a1/depth_4/seed_43,data_reupload/results/encoding_sweep/same_scalar_rxryrz_tanh_a1/depth_4/seed_43/best_model.pt,data_reupload/results/encoding_sweep/same_scalar_rxryrz_tanh_a1/depth_4/seed_43/predictions.npz,data_reupload/results/encoding_sweep/same_scalar_rxryrz_tanh_a1/depth_4/seed_43/history.csv,data_reupload/results/encoding_sweep/same_scalar_rxryrz_tanh_a1/depth_4/seed_43/metrics_by_split.csv,data_reupload/results/encoding_sweep/same_scalar_rxryrz_tanh_a1/depth_4/seed_43/fft_summary_by_split.csv,data_reupload/results/encoding_sweep/same_scalar_rxryrz_tanh_a1/depth_4/seed_43/fft_power_by_period.csv,data_reupload/results/encoding_sweep/same_scalar_rxryrz_tanh_a1/depth_4/seed_43/config.json,data_reupload/results/encoding_sweep/same_scalar_rxryrz_tanh_a1/depth_4/seed_43/encoding_metadata.json,
2,same_scalar_rxryrz,Same-scalar RxRyRz,4,44,1,14,False,False,168,0,15,183,35,0.1483735177352647,43.84411683472488,35.67189975542822,0.7658662074014679,0.7597111579919602,0.5223403895377565,0.5527428819333607,1.887112802860018,0.5842633617228533,67.40874557980204,52.9512476225349,0.3182259239820671,0.373948036042341,0.1898293542062713,0.0411218700852613,1.414998088216458,0.5626095427567088,71.63448850810906,57.960471374431634,0.18260677490223,0.2658303960190752,0.0688792177926688,-0.1059492133459858,1.999483318648965,0.5546723691828482,0.6803795671697103,0.4044275463617845,0.1391498608613952,0.2652776855003892,-0.2652776855003893,0.3440662292002171,0.3224819197485198,0.5457551828611964,0.2232732631126765,0.2232732631126766,1.6923590112797369,11.666666666666666,11.666666666666666,9578.563930511476,159.64273217519127,2.986469268798828,,,,data_reupload/results/encoding_sweep/same_scalar_rxryrz_tanh_a1/depth_4/seed_44,data_reupload/results/encoding_sweep/same_scalar_rxryrz_tanh_a1/depth_4/seed_44/best_model.pt,data_reupload/results/encoding_sweep/same_scalar_rxryrz_tanh_a1/depth_4/seed_44/predictions.npz,data_reupload/results/encoding_sweep/same_scalar_rxryrz_tanh_a1/depth_4/seed_44/history.csv,data_reupload/results/encoding_sweep/same_scalar_rxryrz_tanh_a1/depth_4/seed_44/metrics_by_split.csv,data_reupload/results/encoding_sweep/same_scalar_rxryrz_tanh_a1/depth_4/seed_44/fft_summary_by_split.csv,data_reupload/results/encoding_sweep/same_scalar_rxryrz_tanh_a1/depth_4/seed_44/fft_power_by_period.csv,data_reupload/results/encoding_sweep/same_scalar_rxryrz_tanh_a1/depth_4/seed_44/config.json,data_reupload/results/encoding_sweep/same_scalar_rxryrz_tanh_a1/depth_4/seed_44/encoding_metadata.json,
2,same_scalar_rxryrz,Same-scalar RxRyRz,4,45,1,14,False,False,168,0,15,183,13,0.1267945839837005,52.44221809761547,42.44850322254822,0.6265994627792436,0.6443045016110919,0.3345729685145231,0.3601226861794557,2.355267140447082,0.4499259465075126,62.314397489671904,52.74557334683208,0.4343950976351581,0.3988627416673956,0.1500334966478067,0.1805778050599435,4.136240003327807,0.3672310943694732,60.63671799500141,51.89249135943964,0.4630459129076596,0.4590814845531826,0.1988743883268209,0.2075675909375103,4.171540400161469,0.4074269124594553,0.8984670428488455,0.4044275463617845,0.3525789418041498,0.0518486045576346,-0.051848604557634737,0.8717975443956207,0.3224819197485198,0.4148455187081433,0.0923635989596234,0.09236359895962348,1.2864148136790154,11.666666666666666,11.666666666666666,9433.987894296646,157.23313157161076,2.981555938720703,,,,data_reupload/results/encoding_sweep/same_scalar_rxryrz_tanh_a1/depth_4/seed_45,data_reupload/results/encoding_sweep/same_scalar_rxryrz_tanh_a1/depth_4/seed_45/best_model.pt,data_reupload/results/encoding_sweep/same_scalar_rxryrz_tanh_a1/depth_4/seed_45/predictions.npz,data_reupload/results/encoding_sweep/same_scalar_rxryrz_tanh_a1/depth_4/seed_45/history.csv,data_reupload/results/encoding_sweep/same_scalar_rxryrz_tanh_a1/depth_4/seed_45/metrics_by_split.csv,data_reupload/results/encoding_sweep/same_scalar_rxryrz_tanh_a1/depth_4/seed_45/fft_summary_by_split.csv,data_reupload/results/encoding_sweep/same_scalar_rxryrz_tanh_a1/depth_4/seed_45/fft_power_by_period.csv,data_reupload/results/encoding_sweep/same_scalar_rxryrz_tanh_a1/depth_4/seed_45/config.json,data_reupload/results/encoding_sweep/same_scalar_rxryrz_tanh_a1/depth_4/seed_45/encoding_metadata.json,
2,same_scalar_rxryrz,Same-scalar RxRyRz,4,46,1,14,False,False,168,0,15,183,25,0.1165267052425996,47.20534915998969,38.63492356510607,0.7151627441859758,0.7202033369368612,0.4636504250698404,0.4815378733954745,2.523269295456606,0.5465255205949184,59.738014262734026,50.42880933378188,0.5033043370669193,0.4956171813489634,0.2389892620918092,0.2469349590570954,0.059775122520593,0.4234322978268858,65.01159460907446,54.33609262445201,0.3205131765328919,0.3252436243002281,0.1128760152176112,0.0890962442593596,-2.668843722070526,0.4305011322613219,0.875282041818639,0.4044275463617845,0.3045263659283374,0.0999011804334471,-0.09990118043344715,0.7529812661571782,0.3224819197485198,0.447960076593058,0.1254781568445381,0.12547815684453817,1.3891013702175596,11.666666666666666,11.666666666666666,9948.155987024307,165.80259978373846,2.984058380126953,,,,data_reupload/results/encoding_sweep/same_scalar_rxryrz_tanh_a1/depth_4/seed_46,data_reupload/results/encoding_sweep/same_scalar_rxryrz_tanh_a1/depth_4/seed_46/best_model.pt,data_reupload/results/encoding_sweep/same_scalar_rxryrz_tanh_a1/depth_4/seed_46/predictions.npz,data_reupload/results/encoding_sweep/same_scalar_rxryrz_tanh_a1/depth_4/seed_46/history.csv,data_reupload/results/encoding_sweep/same_scalar_rxryrz_tanh_a1/depth_4/seed_46/metrics_by_split.csv,data_reupload/results/encoding_sweep/same_scalar_rxryrz_tanh_a1/depth_4/seed_46/fft_summary_by_split.csv,data_reupload/results/encoding_sweep/same_scalar_rxryrz_tanh_a1/depth_4/seed_46/fft_power_by_period.csv,data_reupload/results/encoding_sweep/same_scalar_rxryrz_tanh_a1/depth_4/seed_46/config.json,data_reupload/results/encoding_sweep/same_scalar_rxryrz_tanh_a1/depth_4/seed_46/encoding_metadata.json,
2,same_scalar_rxryrz,Same-scalar RxRyRz,5,42,1,14,False,False,210,0,15,225,2,0.1541569995633558,65.27624973250765,55.55985022628503,0.3990769322658339,0.3964721811140149,-0.1526021015231939,0.0086089387133508,4.886619831535567,0.0181601516342671,68.70995642283417,60.467932072283006,0.1751661827708747,0.1699063948910856,-0.287757516557152,0.0037455624775206,-0.2551322741333444,0.0110811649800108,68.06756656892651,59.40583542356648,0.1274057567798781,0.1763321584076301,-0.3174490184688778,0.0014465762666882,2.904931317392595,0.0135332657935275,0.2493397010244176,0.4044275463617845,0.0551371505836978,0.3492903957780867,-0.34929039577808674,0.1363338157346343,0.3224819197485198,0.6938724695722921,0.3713905498237722,0.3713905498237723,2.1516631695612354,11.666666666666666,3.5,12074.659409046171,201.24432348410286,3.6945571899414062,,,,data_reupload/results/encoding_sweep/same_scalar_rxryrz_tanh_a1/depth_5/seed_42,data_reupload/results/encoding_sweep/same_scalar_rxryrz_tanh_a1/depth_5/seed_42/best_model.pt,data_reupload/results/encoding_sweep/same_scalar_rxryrz_tanh_a1/depth_5/seed_42/predictions.npz,data_reupload/results/encoding_sweep/same_scalar_rxryrz_tanh_a1/depth_5/seed_42/history.csv,data_reupload/results/encoding_sweep/same_scalar_rxryrz_tanh_a1/depth_5/seed_42/metrics_by_split.csv,data_reupload/results/encoding_sweep/same_scalar_rxryrz_tanh_a1/depth_5/seed_42/fft_summary_by_split.csv,data_reupload/results/encoding_sweep/same_scalar_rxryrz_tanh_a1/depth_5/seed_42/fft_power_by_period.csv,data_reupload/results/encoding_sweep/same_scalar_rxryrz_tanh_a1/depth_5/seed_42/config.json,data_reupload/results/encoding_sweep/same_scalar_rxryrz_tanh_a1/depth_5/seed_42/encoding_metadata.json,
2,same_scalar_rxryrz,Same-scalar RxRyRz,5,43,1,14,False,False,210,0,15,225,12,0.1356933950800464,56.9081110778885,47.26708731423367,0.5599398407211202,0.6340738408360184,0.1778762736416673,0.2465005331306785,3.585983886745818,0.3068782609676662,64.46402271287776,55.88181616509538,0.3759394457786054,0.3912343626979266,0.0201583617567796,0.1230683824030417,-2.3102406689903883,0.2450356372688036,63.973490075127486,54.202028352150776,0.3510984464853005,0.3472423802612482,0.0302483848344364,0.1179545902868434,-0.90849116884771,0.2794210670256908,0.8395330405452058,0.4044275463617845,0.2360103042510514,0.168417242110733,-0.1684172421107331,0.5835663430302696,0.3224819197485198,0.4180400406770969,0.095558120928577,0.09555812092857707,1.296320863517235,11.666666666666666,11.666666666666666,13019.035338401794,216.98392230669657,3.677505493164064,,,,data_reupload/results/encoding_sweep/same_scalar_rxryrz_tanh_a1/depth_5/seed_43,data_reupload/results/encoding_sweep/same_scalar_rxryrz_tanh_a1/depth_5/seed_43/best_model.pt,data_reupload/results/encoding_sweep/same_scalar_rxryrz_tanh_a1/depth_5/seed_43/predictions.npz,data_reupload/results/encoding_sweep/same_scalar_rxryrz_tanh_a1/depth_5/seed_43/history.csv,data_reupload/results/encoding_sweep/same_scalar_rxryrz_tanh_a1/depth_5/seed_43/metrics_by_split.csv,data_reupload/results/encoding_sweep/same_scalar_rxryrz_tanh_a1/depth_5/seed_43/fft_summary_by_split.csv,data_reupload/results/encoding_sweep/same_scalar_rxryrz_tanh_a1/depth_5/seed_43/fft_power_by_period.csv,data_reupload/results/encoding_sweep/same_scalar_rxryrz_tanh_a1/depth_5/seed_43/config.json,data_reupload/results/encoding_sweep/same_scalar_rxryrz_tanh_a1/depth_5/seed_43/encoding_metadata.json,
2,same_scalar_rxryrz,Same-scalar RxRyRz,5,44,1,14,False,False,210,0,15,225,10,0.14249303657026,58.16925608088195,48.54952122541342,0.5257333148188077,0.6241756842329907,0.132400563201943,0.2127337608581924,0.4721332358888844,0.2735232957449934,66.05943721349897,57.11591033402655,0.2966388609584944,0.2152217653748578,-0.0587510561724529,0.0791250452378472,-2.39115219031503,0.2091001924000033,64.42627359815512,55.0862437169934,0.3480765478025034,0.3362430022807381,-0.0120773699354987,0.1054247454117879,-2.022757017457129,0.2262130131391008,0.6863301235032103,0.4044275463617845,0.2072027822115597,0.1972247641502247,-0.19722476415022483,0.5123359772981548,0.3224819197485198,0.2854222473209694,0.0370596724275504,-0.03705967242755043,0.8850798443011919,11.666666666666666,11.666666666666666,12101.686885595322,201.6947814265887,3.716693878173828,,,,data_reupload/results/encoding_sweep/same_scalar_rxryrz_tanh_a1/depth_5/seed_44,data_reupload/results/encoding_sweep/same_scalar_rxryrz_tanh_a1/depth_5/seed_44/best_model.pt,data_reupload/results/encoding_sweep/same_scalar_rxryrz_tanh_a1/depth_5/seed_44/predictions.npz,data_reupload/results/encoding_sweep/same_scalar_rxryrz_tanh_a1/depth_5/seed_44/history.csv,data_reupload/results/encoding_sweep/same_scalar_rxryrz_tanh_a1/depth_5/seed_44/metrics_by_split.csv,data_reupload/results/encoding_sweep/same_scalar_rxryrz_tanh_a1/depth_5/seed_44/fft_summary_by_split.csv,data_reupload/results/encoding_sweep/same_scalar_rxryrz_tanh_a1/depth_5/seed_44/fft_power_by_period.csv,data_reupload/results/encoding_sweep/same_scalar_rxryrz_tanh_a1/depth_5/seed_44/config.json,data_reupload/results/encoding_sweep/same_scalar_rxryrz_tanh_a1/depth_5/seed_44/encoding_metadata.json,
2,same_scalar_rxryrz,Same-scalar RxRyRz,5,45,1,14,False,False,210,0,15,225,17,0.1489934327222598,54.35347541507326,44.4794368799761,0.6046782128419712,0.6938898859815764,0.2604473096600685,0.3126321022246885,1.1501479265540793,0.3751224293888592,67.54941803686548,56.21207611628612,0.2172724270665944,0.1485609308022045,-0.0473072922451556,0.0371156098542637,-3.348286179041837,0.3051695738366254,65.30148279324361,54.14316428250547,0.2899280620717955,0.2681733360978643,-0.003518811803874,0.0809546515910115,-3.7915179332831697,0.2922464923237704,0.853851486183577,0.4044275463617845,0.244371882305442,0.1600556640563424,-0.16005566405634253,0.6042414383090433,0.3224819197485198,0.3845215644803417,0.0620396447318218,0.062039644731821886,1.192381776876676,11.666666666666666,11.666666666666666,12642.12575006485,210.70209583441417,3.708599090576172,,,,data_reupload/results/encoding_sweep/same_scalar_rxryrz_tanh_a1/depth_5/seed_45,data_reupload/results/encoding_sweep/same_scalar_rxryrz_tanh_a1/depth_5/seed_45/best_model.pt,data_reupload/results/encoding_sweep/same_scalar_rxryrz_tanh_a1/depth_5/seed_45/predictions.npz,data_reupload/results/encoding_sweep/same_scalar_rxryrz_tanh_a1/depth_5/seed_45/history.csv,data_reupload/results/encoding_sweep/same_scalar_rxryrz_tanh_a1/depth_5/seed_45/metrics_by_split.csv,data_reupload/results/encoding_sweep/same_scalar_rxryrz_tanh_a1/depth_5/seed_45/fft_summary_by_split.csv,data_reupload/results/encoding_sweep/same_scalar_rxryrz_tanh_a1/depth_5/seed_45/fft_power_by_period.csv,data_reupload/results/encoding_sweep/same_scalar_rxryrz_tanh_a1/depth_5/seed_45/config.json,data_reupload/results/encoding_sweep/same_scalar_rxryrz_tanh_a1/depth_5/seed_45/encoding_metadata.json,
2,same_scalar_rxryrz,Same-scalar RxRyRz,5,46,1,14,False,False,210,0,15,225,42,0.1478687789625866,43.05193344340736,35.005692239184874,0.8000412776955548,0.7927152758098316,0.4955695801255643,0.5687591149234077,3.675738835675568,0.5389601494123595,67.29399197349802,56.53662309605938,0.2533895613464471,0.2239349138308109,0.0324693111455554,0.0443837929528215,-3.3066642943224243,0.3857343356831435,65.74334330199717,53.75181137827433,0.3074951525008402,0.3042608335061165,0.124420658662979,0.0684751878754659,2.4416961191028954,0.4649536132956975,0.6512363846543212,0.4044275463617845,0.1572928500436618,0.2471346963181226,-0.2471346963181227,0.38892714271978396,0.3224819197485198,0.4690730273104267,0.1465911075619069,0.1465911075619069,1.4545715545114053,11.666666666666666,11.666666666666666,11834.290304660795,197.2381717443466,3.712711334228516,,,,data_reupload/results/encoding_sweep/same_scalar_rxryrz_tanh_a1/depth_5/seed_46,data_reupload/results/encoding_sweep/same_scalar_rxryrz_tanh_a1/depth_5/seed_46/best_model.pt,data_reupload/results/encoding_sweep/same_scalar_rxryrz_tanh_a1/depth_5/seed_46/predictions.npz,data_reupload/results/encoding_sweep/same_scalar_rxryrz_tanh_a1/depth_5/seed_46/history.csv,data_reupload/results/encoding_sweep/same_scalar_rxryrz_tanh_a1/depth_5/seed_46/metrics_by_split.csv,data_reupload/results/encoding_sweep/same_scalar_rxryrz_tanh_a1/depth_5/seed_46/fft_summary_by_split.csv,data_reupload/results/encoding_sweep/same_scalar_rxryrz_tanh_a1/depth_5/seed_46/fft_power_by_period.csv,data_reupload/results/encoding_sweep/same_scalar_rxryrz_tanh_a1/depth_5/seed_46/config.json,data_reupload/results/encoding_sweep/same_scalar_rxryrz_tanh_a1/depth_5/seed_46/encoding_metadata.json,
2,same_scalar_rxryrz,Same-scalar RxRyRz,6,42,1,14,False,False,252,0,15,267,7,0.1530324837294501,63.06855303630911,53.52627220924368,0.6888881570054068,0.676295993086824,0.0064786651971252,0.0745342672791754,0.5995888981323962,0.056472960920882,68.45889141824027,60.24177259831659,0.2247966940272854,0.1713760825824512,-0.2386391988111074,0.0110128542175388,-4.072551292238834,0.0350054096306283,68.2404867919844,59.352067814084286,-0.0252486936087356,-0.0282707858179556,-0.4053641337994811,-0.0036333587674275,-0.8680596080595006,0.0388485280762343,0.1757368093712815,0.4044275463617845,0.0138571962124048,0.3905703501493797,-0.39057035014937974,0.034263729899369204,0.3224819197485198,0.7479670606700317,0.4254851409215118,0.4254851409215119,2.319407739985289,11.666666666666666,5.0,14681.084931850432,244.68474886417386,2.855987548828125,,,,data_reupload/results/encoding_sweep/same_scalar_rxryrz_tanh_a1/depth_6/seed_42,data_reupload/results/encoding_sweep/same_scalar_rxryrz_tanh_a1/depth_6/seed_42/best_model.pt,data_reupload/results/encoding_sweep/same_scalar_rxryrz_tanh_a1/depth_6/seed_42/predictions.npz,data_reupload/results/encoding_sweep/same_scalar_rxryrz_tanh_a1/depth_6/seed_42/history.csv,data_reupload/results/encoding_sweep/same_scalar_rxryrz_tanh_a1/depth_6/seed_42/metrics_by_split.csv,data_reupload/results/encoding_sweep/same_scalar_rxryrz_tanh_a1/depth_6/seed_42/fft_summary_by_split.csv,data_reupload/results/encoding_sweep/same_scalar_rxryrz_tanh_a1/depth_6/seed_42/fft_power_by_period.csv,data_reupload/results/encoding_sweep/same_scalar_rxryrz_tanh_a1/depth_6/seed_42/config.json,data_reupload/results/encoding_sweep/same_scalar_rxryrz_tanh_a1/depth_6/seed_42/encoding_metadata.json,
2,same_scalar_rxryrz,Same-scalar RxRyRz,6,43,1,14,False,False,252,0,15,267,12,0.1535533543958076,60.02702966380272,50.85714091506717,0.7102070697343209,0.7004683186918144,0.0781638231259248,0.1616443116483926,1.0897005772992945,0.1249947231833355,68.57529787300679,60.87662850190904,0.1144025731919834,0.1531449566967019,-0.2813920232762286,0.0076466774354028,-4.298656748095313,0.0751357519096756,68.1308009845556,59.17104878567217,0.0337601541674821,0.0207028820236367,-0.3406959895502064,-0.0004095873995368,-0.9387257307226232,0.0706304194125469,0.247122556178716,0.4044275463617845,0.0640959314441725,0.340331614917612,-0.340331614917612,0.15848557305449928,0.3224819197485198,0.542466954225767,0.2199850344772471,0.21998503447724715,1.6821623818439106,11.666666666666666,17.5,14883.08773636818,248.05146227280298,4.444728851318359,,,,data_reupload/results/encoding_sweep/same_scalar_rxryrz_tanh_a1/depth_6/seed_43,data_reupload/results/encoding_sweep/same_scalar_rxryrz_tanh_a1/depth_6/seed_43/best_model.pt,data_reupload/results/encoding_sweep/same_scalar_rxryrz_tanh_a1/depth_6/seed_43/predictions.npz,data_reupload/results/encoding_sweep/same_scalar_rxryrz_tanh_a1/depth_6/seed_43/history.csv,data_reupload/results/encoding_sweep/same_scalar_rxryrz_tanh_a1/depth_6/seed_43/metrics_by_split.csv,data_reupload/results/encoding_sweep/same_scalar_rxryrz_tanh_a1/depth_6/seed_43/fft_summary_by_split.csv,data_reupload/results/encoding_sweep/same_scalar_rxryrz_tanh_a1/depth_6/seed_43/fft_power_by_period.csv,data_reupload/results/encoding_sweep/same_scalar_rxryrz_tanh_a1/depth_6/seed_43/config.json,data_reupload/results/encoding_sweep/same_scalar_rxryrz_tanh_a1/depth_6/seed_43/encoding_metadata.json,
2,same_scalar_rxryrz,Same-scalar RxRyRz,6,44,1,14,False,False,252,0,15,267,76,0.1469281292800957,31.884765239560213,26.44966249661312,0.9202820707994211,0.8936202161417061,0.6308594169745785,0.763461926280993,6.154651333193394,0.6470718890757877,67.07960911635467,56.20920610890499,0.2872165533577161,0.2800279940512641,0.1094685709599153,0.0504628320038543,-0.1992502337682737,0.46616386053382,72.27201706583506,61.3647604563153,0.0485447719422772,0.0354136429608127,-0.1235195761074341,-0.1257221386887816,-3.0833852784199176,0.4035514090711075,0.1946571572748944,0.4044275463617845,0.0508109116374715,0.353616634724313,-0.35361663472431304,0.1256366241482921,0.3224819197485198,0.6908113803646533,0.3683294606161334,0.3683294606161335,2.1421708879163424,11.666666666666666,21.0,13171.00945854187,219.51682430903116,4.409191131591797,,,,data_reupload/results/encoding_sweep/same_scalar_rxryrz_tanh_a1/depth_6/seed_44,data_reupload/results/encoding_sweep/same_scalar_rxryrz_tanh_a1/depth_6/seed_44/best_model.pt,data_reupload/results/encoding_sweep/same_scalar_rxryrz_tanh_a1/depth_6/seed_44/predictions.npz,data_reupload/results/encoding_sweep/same_scalar_rxryrz_tanh_a1/depth_6/seed_44/history.csv,data_reupload/results/encoding_sweep/same_scalar_rxryrz_tanh_a1/depth_6/seed_44/metrics_by_split.csv,data_reupload/results/encoding_sweep/same_scalar_rxryrz_tanh_a1/depth_6/seed_44/fft_summary_by_split.csv,data_reupload/results/encoding_sweep/same_scalar_rxryrz_tanh_a1/depth_6/seed_44/fft_power_by_period.csv,data_reupload/results/encoding_sweep/same_scalar_rxryrz_tanh_a1/depth_6/seed_44/config.json,data_reupload/results/encoding_sweep/same_scalar_rxryrz_tanh_a1/depth_6/seed_44/encoding_metadata.json,
2,same_scalar_rxryrz,Same-scalar RxRyRz,6,45,1,14,False,False,252,0,15,267,6,0.1541981776653625,64.17123660649727,54.41142246946228,0.6181182221971988,0.6210608366482292,-0.0367832828809402,0.0418898850393885,3.131746317117213,0.0368280253219033,68.71913264151205,60.62542786083607,0.0932488615896155,0.0940075234012772,-0.3307661463788938,0.003479445032519,-1.845025408536808,0.0261850417323822,68.202112658229,59.44719230684773,-0.0243514299806396,-0.0308521667012233,-0.4136936054610185,-0.0025049162909618,1.630521266909824,0.0258971791856242,0.1857524409639626,0.4044275463617845,0.0366010444059767,0.3678265019558077,-0.3678265019558078,0.09050086903139602,0.3224819197485198,0.6135784840992842,0.2910965643507643,0.29109656435076436,1.902675612256865,11.666666666666666,35.0,12927.99232506752,215.46653875112534,4.424594879150391,,,,data_reupload/results/encoding_sweep/same_scalar_rxryrz_tanh_a1/depth_6/seed_45,data_reupload/results/encoding_sweep/same_scalar_rxryrz_tanh_a1/depth_6/seed_45/best_model.pt,data_reupload/results/encoding_sweep/same_scalar_rxryrz_tanh_a1/depth_6/seed_45/predictions.npz,data_reupload/results/encoding_sweep/same_scalar_rxryrz_tanh_a1/depth_6/seed_45/history.csv,data_reupload/results/encoding_sweep/same_scalar_rxryrz_tanh_a1/depth_6/seed_45/metrics_by_split.csv,data_reupload/results/encoding_sweep/same_scalar_rxryrz_tanh_a1/depth_6/seed_45/fft_summary_by_split.csv,data_reupload/results/encoding_sweep/same_scalar_rxryrz_tanh_a1/depth_6/seed_45/fft_power_by_period.csv,data_reupload/results/encoding_sweep/same_scalar_rxryrz_tanh_a1/depth_6/seed_45/config.json,data_reupload/results/encoding_sweep/same_scalar_rxryrz_tanh_a1/depth_6/seed_45/encoding_metadata.json,
2,same_scalar_rxryrz,Same-scalar RxRyRz,6,46,1,14,False,False,252,0,15,267,3,0.1556328529409486,64.77217097926074,55.09459899596583,0.527627220629481,0.5389608544909404,-0.0841407509023497,0.0238613350971262,2.587446569684972,0.0246645262702693,69.03807732922861,60.83940022714943,-0.1096517562394106,-0.0721721634152742,-0.48203397875893,-0.0057922819325546,-2.671016649076804,0.0180599423464521,67.99660390127532,59.12702617047056,0.1034743296766638,0.1085424009952311,-0.3287620835330169,0.0035275402666413,0.6545460755025416,0.019289648271615,0.3545477719602772,0.4044275463617845,0.0482379990694972,0.3561895472922873,-0.3561895472922873,0.11927476133474212,0.3224819197485198,0.6304441244873303,0.3079622047388105,0.30796220473881053,1.9549751036553238,11.666666666666666,2.8378378378378377,12780.317889213562,213.00529815355938,4.44622802734375,,,,data_reupload/results/encoding_sweep/same_scalar_rxryrz_tanh_a1/depth_6/seed_46,data_reupload/results/encoding_sweep/same_scalar_rxryrz_tanh_a1/depth_6/seed_46/best_model.pt,data_reupload/results/encoding_sweep/same_scalar_rxryrz_tanh_a1/depth_6/seed_46/predictions.npz,data_reupload/results/encoding_sweep/same_scalar_rxryrz_tanh_a1/depth_6/seed_46/history.csv,data_reupload/results/encoding_sweep/same_scalar_rxryrz_tanh_a1/depth_6/seed_46/metrics_by_split.csv,data_reupload/results/encoding_sweep/same_scalar_rxryrz_tanh_a1/depth_6/seed_46/fft_summary_by_split.csv,data_reupload/results/encoding_sweep/same_scalar_rxryrz_tanh_a1/depth_6/seed_46/fft_power_by_period.csv,data_reupload/results/encoding_sweep/same_scalar_rxryrz_tanh_a1/depth_6/seed_46/config.json,data_reupload/results/encoding_sweep/same_scalar_rxryrz_tanh_a1/depth_6/seed_46/encoding_metadata.json,
3,seasonal_meridian,Fixed seasonal CDF,1,42,1,14,True,False,42,0,15,57,27,0.0756661283230115,45.43835474528424,34.58682083518521,0.721724276997249,0.7530378440407093,0.6135927546131295,0.5196256564645032,2.2026478875434514,0.7331896757818883,48.13808450584867,36.19308565940001,0.7251051303363264,0.7572215904120374,0.5205642281042675,0.5110003676416612,-2.2457495683322533,0.6080034304992494,55.85043740417188,46.18097546051544,0.5772716309730197,0.6079411154882852,0.4365596455481226,0.3277295639433981,3.574492342047597,0.629800224448405,0.9583593004593526,0.4044275463617845,0.7165586172224364,0.3121310708606519,0.3121310708606519,1.7717848936566554,0.3224819197485198,0.1272301365854886,0.1952517831630312,-0.1952517831630312,0.3945341701162847,11.666666666666666,11.666666666666666,2302.287939786911,38.37146566311518,0.8246498107910156,,,,data_reupload/results/encoding_sweep/seasonal_meridian_tanh_a1/depth_1/seed_42,data_reupload/results/encoding_sweep/seasonal_meridian_tanh_a1/depth_1/seed_42/best_model.pt,data_reupload/results/encoding_sweep/seasonal_meridian_tanh_a1/depth_1/seed_42/predictions.npz,data_reupload/results/encoding_sweep/seasonal_meridian_tanh_a1/depth_1/seed_42/history.csv,data_reupload/results/encoding_sweep/seasonal_meridian_tanh_a1/depth_1/seed_42/metrics_by_split.csv,data_reupload/results/encoding_sweep/seasonal_meridian_tanh_a1/depth_1/seed_42/fft_summary_by_split.csv,data_reupload/results/encoding_sweep/seasonal_meridian_tanh_a1/depth_1/seed_42/fft_power_by_period.csv,data_reupload/results/encoding_sweep/seasonal_meridian_tanh_a1/depth_1/seed_42/config.json,data_reupload/results/encoding_sweep/seasonal_meridian_tanh_a1/depth_1/seed_42/encoding_metadata.json,
3,seasonal_meridian,Fixed seasonal CDF,1,43,1,14,True,False,42,0,15,57,54,0.069891544248878,43.4969730961476,33.528930049127034,0.7483460315817396,0.7637420713638478,0.6396934294727746,0.5597973220597341,0.9005027507865033,0.7423635469605783,46.26476567131721,35.40647696328205,0.7549959559976545,0.7838859242410987,0.5408117460607369,0.5483191726586057,-2.637080962915744,0.6127559412580176,54.59576319981768,45.35112450280797,0.598249050062785,0.6222579307484968,0.4377515311912854,0.3575952575446448,-1.0394289609973943,0.6068406787375134,0.9642596043143042,0.4044275463617845,0.656861874723943,0.2524343283621584,0.25243432836215846,1.6241768906026517,0.3224819197485198,0.1880257183163174,0.1344562014322024,-0.1344562014322024,0.5830581710222544,11.666666666666666,11.666666666666666,2537.556264400482,42.292604406674705,0.8214454650878906,,,,data_reupload/results/encoding_sweep/seasonal_meridian_tanh_a1/depth_1/seed_43,data_reupload/results/encoding_sweep/seasonal_meridian_tanh_a1/depth_1/seed_43/best_model.pt,data_reupload/results/encoding_sweep/seasonal_meridian_tanh_a1/depth_1/seed_43/predictions.npz,data_reupload/results/encoding_sweep/seasonal_meridian_tanh_a1/depth_1/seed_43/history.csv,data_reupload/results/encoding_sweep/seasonal_meridian_tanh_a1/depth_1/seed_43/metrics_by_split.csv,data_reupload/results/encoding_sweep/seasonal_meridian_tanh_a1/depth_1/seed_43/fft_summary_by_split.csv,data_reupload/results/encoding_sweep/seasonal_meridian_tanh_a1/depth_1/seed_43/fft_power_by_period.csv,data_reupload/results/encoding_sweep/seasonal_meridian_tanh_a1/depth_1/seed_43/config.json,data_reupload/results/encoding_sweep/seasonal_meridian_tanh_a1/depth_1/seed_43/encoding_metadata.json,
3,seasonal_meridian,Fixed seasonal CDF,1,44,1,14,True,False,42,0,15,57,97,0.0755857012422286,44.21330195981487,33.60184556470543,0.7390924408878461,0.7675182887790338,0.6533010531776315,0.5451789997821919,0.2540112764668817,0.7717056947062781,48.11249422492304,36.31508208896283,0.7290405533573964,0.7587612632315632,0.5245075616393219,0.5115201353872313,-5.701533080841567,0.6144973328387263,54.91714590363837,44.20122627921743,0.5949332926563824,0.6350404312668463,0.4693683986709844,0.3500098543282923,0.4779324995584404,0.6572754055987912,0.9601944090300004,0.4044275463617845,0.6673075174581518,0.2628799710963672,0.26287997109636724,1.6500051083592744,0.3224819197485198,0.1785788267371263,0.1439030930113935,-0.1439030930113935,0.5537638416330036,11.666666666666666,11.666666666666666,2358.2402691841125,39.30400448640187,0.8422622680664062,,,,data_reupload/results/encoding_sweep/seasonal_meridian_tanh_a1/depth_1/seed_44,data_reupload/results/encoding_sweep/seasonal_meridian_tanh_a1/depth_1/seed_44/best_model.pt,data_reupload/results/encoding_sweep/seasonal_meridian_tanh_a1/depth_1/seed_44/predictions.npz,data_reupload/results/encoding_sweep/seasonal_meridian_tanh_a1/depth_1/seed_44/history.csv,data_reupload/results/encoding_sweep/seasonal_meridian_tanh_a1/depth_1/seed_44/metrics_by_split.csv,data_reupload/results/encoding_sweep/seasonal_meridian_tanh_a1/depth_1/seed_44/fft_summary_by_split.csv,data_reupload/results/encoding_sweep/seasonal_meridian_tanh_a1/depth_1/seed_44/fft_power_by_period.csv,data_reupload/results/encoding_sweep/seasonal_meridian_tanh_a1/depth_1/seed_44/config.json,data_reupload/results/encoding_sweep/seasonal_meridian_tanh_a1/depth_1/seed_44/encoding_metadata.json,
3,seasonal_meridian,Fixed seasonal CDF,1,45,1,14,True,False,42,0,15,57,59,0.0745839368878666,44.22617541200856,33.66938108086249,0.7409264584942619,0.7687637799958716,0.659971665261623,0.544914103538229,3.1383211778842464,0.7829545814328617,47.7926047332735,34.826267983076264,0.7225590358490842,0.7645700288688653,0.5621644239333348,0.517994133883646,-1.3493573845023374,0.661622987098672,55.83362677528768,45.98510080315922,0.5848800857907875,0.6214493054115696,0.4761118180600627,0.3281342013474104,4.333890609696479,0.6843911667016209,0.962484044369324,0.4044275463617845,0.688951472194842,0.2845239258330574,0.28452392583305747,1.7035226170735014,0.3224819197485198,0.1614818499031144,0.1610000698454054,-0.1610000698454054,0.5007469877041242,11.666666666666666,11.666666666666666,2365.2599070072174,39.42099845012029,0.8268013000488281,,,,data_reupload/results/encoding_sweep/seasonal_meridian_tanh_a1/depth_1/seed_45,data_reupload/results/encoding_sweep/seasonal_meridian_tanh_a1/depth_1/seed_45/best_model.pt,data_reupload/results/encoding_sweep/seasonal_meridian_tanh_a1/depth_1/seed_45/predictions.npz,data_reupload/results/encoding_sweep/seasonal_meridian_tanh_a1/depth_1/seed_45/history.csv,data_reupload/results/encoding_sweep/seasonal_meridian_tanh_a1/depth_1/seed_45/metrics_by_split.csv,data_reupload/results/encoding_sweep/seasonal_meridian_tanh_a1/depth_1/seed_45/fft_summary_by_split.csv,data_reupload/results/encoding_sweep/seasonal_meridian_tanh_a1/depth_1/seed_45/fft_power_by_period.csv,data_reupload/results/encoding_sweep/seasonal_meridian_tanh_a1/depth_1/seed_45/config.json,data_reupload/results/encoding_sweep/seasonal_meridian_tanh_a1/depth_1/seed_45/encoding_metadata.json,
3,seasonal_meridian,Fixed seasonal CDF,1,46,1,14,True,False,42,0,15,57,42,0.0753829905531342,44.746887673520845,33.998327358656844,0.7310268389349688,0.7566785967932099,0.615983084576128,0.5341347937088301,1.0198328238008572,0.726183469132959,48.04793529060052,36.48718440576392,0.7294271021864251,0.7797917942437232,0.5156349598031318,0.5128301727135649,-3.4490743724485227,0.6001082540246927,55.65767459635172,45.22965937833479,0.5786576772205358,0.6087497408252125,0.4296436868363338,0.3323621187054605,2.2126240864284323,0.6164393966396015,0.9631123399222372,0.4044275463617845,0.6738598976762356,0.269432351314451,0.26943235131445104,1.6662067253782653,0.3224819197485198,0.1835051303640844,0.1389767893844354,-0.13897678938443542,0.5690400581439936,11.666666666666666,11.666666666666666,2366.8032698631287,39.44672116438548,0.8345985412597656,,,,data_reupload/results/encoding_sweep/seasonal_meridian_tanh_a1/depth_1/seed_46,data_reupload/results/encoding_sweep/seasonal_meridian_tanh_a1/depth_1/seed_46/best_model.pt,data_reupload/results/encoding_sweep/seasonal_meridian_tanh_a1/depth_1/seed_46/predictions.npz,data_reupload/results/encoding_sweep/seasonal_meridian_tanh_a1/depth_1/seed_46/history.csv,data_reupload/results/encoding_sweep/seasonal_meridian_tanh_a1/depth_1/seed_46/metrics_by_split.csv,data_reupload/results/encoding_sweep/seasonal_meridian_tanh_a1/depth_1/seed_46/fft_summary_by_split.csv,data_reupload/results/encoding_sweep/seasonal_meridian_tanh_a1/depth_1/seed_46/fft_power_by_period.csv,data_reupload/results/encoding_sweep/seasonal_meridian_tanh_a1/depth_1/seed_46/config.json,data_reupload/results/encoding_sweep/seasonal_meridian_tanh_a1/depth_1/seed_46/encoding_metadata.json,
3,seasonal_meridian,Fixed seasonal CDF,2,42,1,14,True,False,84,0,15,99,63,0.0852233464699517,37.24155912348516,28.638718935260343,0.8321288675028399,0.8427960578103844,0.785951745967781,0.6773064258622234,6.907378367006436,0.8956194328251297,51.08781641098268,39.45681672659982,0.681617226389257,0.6999737555769397,0.4609801956584569,0.4492359260903296,-3.165032957337236,0.5664990139893208,59.70571943186245,50.85394017645332,0.5015286669115252,0.5134148869997927,0.3758349014328246,0.231714340049675,4.263132279915776,0.6276227178142949,0.973171851797589,0.4044275463617845,0.4863646489953848,0.0819371026336003,0.08193710263360027,1.2026002021145776,0.3224819197485198,0.2413576452981975,0.0811242744503223,-0.0811242744503223,0.7484377588871177,11.666666666666666,11.666666666666666,4437.290214538574,73.95483690897623,1.4393463134765625,,,,data_reupload/results/encoding_sweep/seasonal_meridian_tanh_a1/depth_2/seed_42,data_reupload/results/encoding_sweep/seasonal_meridian_tanh_a1/depth_2/seed_42/best_model.pt,data_reupload/results/encoding_sweep/seasonal_meridian_tanh_a1/depth_2/seed_42/predictions.npz,data_reupload/results/encoding_sweep/seasonal_meridian_tanh_a1/depth_2/seed_42/history.csv,data_reupload/results/encoding_sweep/seasonal_meridian_tanh_a1/depth_2/seed_42/metrics_by_split.csv,data_reupload/results/encoding_sweep/seasonal_meridian_tanh_a1/depth_2/seed_42/fft_summary_by_split.csv,data_reupload/results/encoding_sweep/seasonal_meridian_tanh_a1/depth_2/seed_42/fft_power_by_period.csv,data_reupload/results/encoding_sweep/seasonal_meridian_tanh_a1/depth_2/seed_42/config.json,data_reupload/results/encoding_sweep/seasonal_meridian_tanh_a1/depth_2/seed_42/encoding_metadata.json,
3,seasonal_meridian,Fixed seasonal CDF,2,43,1,14,True,False,84,0,15,99,16,0.0948522585995416,43.11960438859246,33.932051294384365,0.7569890810982424,0.7802267773614479,0.6051057778177499,0.567402362224107,2.193360838609661,0.6898267006211636,53.89666427165008,41.9119710394177,0.6301532553887261,0.6678505817513778,0.447690832442475,0.3870081552801206,-6.5086906395223805,0.5963099690392742,56.733095554992886,47.19437047266157,0.555434058100415,0.6066867095168981,0.3900794072464364,0.3063125822914869,2.5556502198727467,0.583483369204406,0.9571818010234924,0.4044275463617845,0.7155764716505915,0.3111489252888069,0.31114892528880694,1.7693564102838477,0.3224819197485198,0.1399562611218752,0.1825256586266446,-0.1825256586266446,0.4339972338015629,11.666666666666666,11.666666666666666,4131.826494693756,68.8637749115626,1.4090232849121094,,,,data_reupload/results/encoding_sweep/seasonal_meridian_tanh_a1/depth_2/seed_43,data_reupload/results/encoding_sweep/seasonal_meridian_tanh_a1/depth_2/seed_43/best_model.pt,data_reupload/results/encoding_sweep/seasonal_meridian_tanh_a1/depth_2/seed_43/predictions.npz,data_reupload/results/encoding_sweep/seasonal_meridian_tanh_a1/depth_2/seed_43/history.csv,data_reupload/results/encoding_sweep/seasonal_meridian_tanh_a1/depth_2/seed_43/metrics_by_split.csv,data_reupload/results/encoding_sweep/seasonal_meridian_tanh_a1/depth_2/seed_43/fft_summary_by_split.csv,data_reupload/results/encoding_sweep/seasonal_meridian_tanh_a1/depth_2/seed_43/fft_power_by_period.csv,data_reupload/results/encoding_sweep/seasonal_meridian_tanh_a1/depth_2/seed_43/config.json,data_reupload/results/encoding_sweep/seasonal_meridian_tanh_a1/depth_2/seed_43/encoding_metadata.json,
3,seasonal_meridian,Fixed seasonal CDF,2,44,1,14,True,False,84,0,15,99,9,0.0934835419310337,44.47016459479392,35.341660097268736,0.7442064493855125,0.7697705287390101,0.5848677583273314,0.5398789713105894,6.611972378104405,0.682623214946743,53.506387204126455,43.9343262189436,0.665396155472975,0.6658560055988102,0.3567955412579405,0.3958536184026147,-2.2144156518659,0.4512381705628147,57.438017339541936,48.99045886840074,0.5656731704833858,0.6082935931992536,0.2582483205972403,0.2889670344173742,4.196444538175686,0.4006770071416352,0.975114791175324,0.4044275463617845,0.4545910386703153,0.0501634923085307,0.05016349230853079,1.1240357951870483,0.3224819197485198,0.2578219875957849,0.0646599321527349,-0.06465993215273491,0.7994928453565444,11.666666666666666,11.666666666666666,3997.9831364154816,66.63305227359136,1.425945281982422,,,,data_reupload/results/encoding_sweep/seasonal_meridian_tanh_a1/depth_2/seed_44,data_reupload/results/encoding_sweep/seasonal_meridian_tanh_a1/depth_2/seed_44/best_model.pt,data_reupload/results/encoding_sweep/seasonal_meridian_tanh_a1/depth_2/seed_44/predictions.npz,data_reupload/results/encoding_sweep/seasonal_meridian_tanh_a1/depth_2/seed_44/history.csv,data_reupload/results/encoding_sweep/seasonal_meridian_tanh_a1/depth_2/seed_44/metrics_by_split.csv,data_reupload/results/encoding_sweep/seasonal_meridian_tanh_a1/depth_2/seed_44/fft_summary_by_split.csv,data_reupload/results/encoding_sweep/seasonal_meridian_tanh_a1/depth_2/seed_44/fft_power_by_period.csv,data_reupload/results/encoding_sweep/seasonal_meridian_tanh_a1/depth_2/seed_44/config.json,data_reupload/results/encoding_sweep/seasonal_meridian_tanh_a1/depth_2/seed_44/encoding_metadata.json,
3,seasonal_meridian,Fixed seasonal CDF,2,45,1,14,True,False,84,0,15,99,99,0.0961599001544187,37.01737527725813,28.827665154750804,0.8336990010901975,0.8362646458921531,0.7856494090963315,0.6811797838448843,6.744040194178445,0.8910755322573612,54.266904667845886,43.48233925649652,0.6182543887904458,0.6693202694427434,0.4792717858620361,0.3785573959540759,-3.633286790585935,0.648177947364762,62.210296922412205,51.16859678757967,0.4437629522788913,0.4638503006427534,0.3262896915003461,0.165905218724824,0.0492746832671129,0.6198873850108361,0.9374485794183328,0.4044275463617845,0.3564898489206684,0.047937697441116,-0.047937697441116145,0.8814677737153122,0.3224819197485198,0.3811241552521937,0.0586422355036738,0.05864223550367387,1.1818465839864905,11.666666666666666,11.666666666666666,3929.807182073593,65.49678636789322,1.4321784973144531,,,,data_reupload/results/encoding_sweep/seasonal_meridian_tanh_a1/depth_2/seed_45,data_reupload/results/encoding_sweep/seasonal_meridian_tanh_a1/depth_2/seed_45/best_model.pt,data_reupload/results/encoding_sweep/seasonal_meridian_tanh_a1/depth_2/seed_45/predictions.npz,data_reupload/results/encoding_sweep/seasonal_meridian_tanh_a1/depth_2/seed_45/history.csv,data_reupload/results/encoding_sweep/seasonal_meridian_tanh_a1/depth_2/seed_45/metrics_by_split.csv,data_reupload/results/encoding_sweep/seasonal_meridian_tanh_a1/depth_2/seed_45/fft_summary_by_split.csv,data_reupload/results/encoding_sweep/seasonal_meridian_tanh_a1/depth_2/seed_45/fft_power_by_period.csv,data_reupload/results/encoding_sweep/seasonal_meridian_tanh_a1/depth_2/seed_45/config.json,data_reupload/results/encoding_sweep/seasonal_meridian_tanh_a1/depth_2/seed_45/encoding_metadata.json,
3,seasonal_meridian,Fixed seasonal CDF,2,46,1,14,True,False,84,0,15,99,21,0.0931790545222111,41.11580436519746,32.502521042064174,0.7802539288567065,0.7954427616318733,0.6670142796509893,0.6066744213800594,2.353221421120433,0.7513862306949534,53.41917768688241,40.50489957543677,0.6488802013540748,0.7022832648062286,0.4714744750427639,0.3978213975697522,-10.328808592093798,0.6222114688426336,57.492449510793854,46.943556172855295,0.547858442810969,0.5897055774414265,0.4314804039880853,0.2876187494740021,1.9456721141242128,0.6560907697795851,0.9621544729809732,0.4044275463617845,0.6719085909232807,0.2674810445614962,0.2674810445614962,1.66138186423686,0.3224819197485198,0.1942949199005729,0.1281869998479469,-0.1281869998479469,0.6024986456669862,11.666666666666666,11.666666666666666,3973.665362358093,66.22775603930155,1.4120750427246094,,,,data_reupload/results/encoding_sweep/seasonal_meridian_tanh_a1/depth_2/seed_46,data_reupload/results/encoding_sweep/seasonal_meridian_tanh_a1/depth_2/seed_46/best_model.pt,data_reupload/results/encoding_sweep/seasonal_meridian_tanh_a1/depth_2/seed_46/predictions.npz,data_reupload/results/encoding_sweep/seasonal_meridian_tanh_a1/depth_2/seed_46/history.csv,data_reupload/results/encoding_sweep/seasonal_meridian_tanh_a1/depth_2/seed_46/metrics_by_split.csv,data_reupload/results/encoding_sweep/seasonal_meridian_tanh_a1/depth_2/seed_46/fft_summary_by_split.csv,data_reupload/results/encoding_sweep/seasonal_meridian_tanh_a1/depth_2/seed_46/fft_power_by_period.csv,data_reupload/results/encoding_sweep/seasonal_meridian_tanh_a1/depth_2/seed_46/config.json,data_reupload/results/encoding_sweep/seasonal_meridian_tanh_a1/depth_2/seed_46/encoding_metadata.json,
3,seasonal_meridian,Fixed seasonal CDF,3,42,1,14,True,False,126,0,15,141,15,0.112022975226832,40.98909985087992,33.33191935181552,0.7878371451656155,0.7901915467531514,0.6190431821111113,0.6090948695959723,1.9731286815500149,0.6844607921598677,58.57220856619401,47.965389774351614,0.5358229518505401,0.5967806841046277,0.3066963074229204,0.276040747482665,-6.525045775891886,0.4902060394154472,59.8764535789804,49.50867796224806,0.4769826957684026,0.5089778146381919,0.2567971368471611,0.2273140866614539,-0.8995933963525389,0.4720846772433303,0.9619587996458588,0.4044275463617845,0.4416176416957276,0.037190095333943,0.037190095333943074,1.0919573744877267,0.3224819197485198,0.357705552573401,0.0352236328248811,0.03522363282488117,1.109226690452443,11.666666666666666,11.666666666666666,5779.750631570816,96.32917719284693,2.03558349609375,,,,data_reupload/results/encoding_sweep/seasonal_meridian_tanh_a1/depth_3/seed_42,data_reupload/results/encoding_sweep/seasonal_meridian_tanh_a1/depth_3/seed_42/best_model.pt,data_reupload/results/encoding_sweep/seasonal_meridian_tanh_a1/depth_3/seed_42/predictions.npz,data_reupload/results/encoding_sweep/seasonal_meridian_tanh_a1/depth_3/seed_42/history.csv,data_reupload/results/encoding_sweep/seasonal_meridian_tanh_a1/depth_3/seed_42/metrics_by_split.csv,data_reupload/results/encoding_sweep/seasonal_meridian_tanh_a1/depth_3/seed_42/fft_summary_by_split.csv,data_reupload/results/encoding_sweep/seasonal_meridian_tanh_a1/depth_3/seed_42/fft_power_by_period.csv,data_reupload/results/encoding_sweep/seasonal_meridian_tanh_a1/depth_3/seed_42/config.json,data_reupload/results/encoding_sweep/seasonal_meridian_tanh_a1/depth_3/seed_42/encoding_metadata.json,
3,seasonal_meridian,Fixed seasonal CDF,3,43,1,14,True,False,126,0,15,141,53,0.0896129590427365,33.20771745703019,25.84848379086534,0.864524254696491,0.8491360279325895,0.760562333288566,0.7434259917837506,0.8572691534366513,0.8028379041156871,52.386991426152775,41.28395482567656,0.6561782791463457,0.6580876563730207,0.4649316357874286,0.4208676326166103,-5.274578634968857,0.5942801587031724,58.15422990703956,47.85094822783423,0.5269460880391165,0.5488285299606054,0.3838408743883977,0.2711242963547909,-1.3249059504995622,0.6054926468595616,0.949725260868879,0.4044275463617845,0.4388575953765412,0.0344300490147566,0.03443004901475666,1.0851327990006816,0.3224819197485198,0.3468053546427225,0.0243234348942026,0.02432343489420269,1.075425732125295,11.666666666666666,11.666666666666666,5948.662660598755,99.14437767664592,2.025840759277344,,,,data_reupload/results/encoding_sweep/seasonal_meridian_tanh_a1/depth_3/seed_43,data_reupload/results/encoding_sweep/seasonal_meridian_tanh_a1/depth_3/seed_43/best_model.pt,data_reupload/results/encoding_sweep/seasonal_meridian_tanh_a1/depth_3/seed_43/predictions.npz,data_reupload/results/encoding_sweep/seasonal_meridian_tanh_a1/depth_3/seed_43/history.csv,data_reupload/results/encoding_sweep/seasonal_meridian_tanh_a1/depth_3/seed_43/metrics_by_split.csv,data_reupload/results/encoding_sweep/seasonal_meridian_tanh_a1/depth_3/seed_43/fft_summary_by_split.csv,data_reupload/results/encoding_sweep/seasonal_meridian_tanh_a1/depth_3/seed_43/fft_power_by_period.csv,data_reupload/results/encoding_sweep/seasonal_meridian_tanh_a1/depth_3/seed_43/config.json,data_reupload/results/encoding_sweep/seasonal_meridian_tanh_a1/depth_3/seed_43/encoding_metadata.json,
3,seasonal_meridian,Fixed seasonal CDF,3,44,1,14,True,False,126,0,15,141,6,0.0960049682149564,46.85674497593055,37.541720014507966,0.7151136608026756,0.7414486182394492,0.4866186914409498,0.4891671234070173,3.281034578835735,0.5747009778528757,54.22316987767352,45.60387212458771,0.6305109276749947,0.6525938238124399,0.3863955440061762,0.3795586585152339,-4.396495298538555,0.5125852682169574,60.167183776607786,50.92492444906985,0.4694601150980392,0.5154157163591127,0.2577256265287622,0.2197923150023679,1.467155458322433,0.4811462024004364,0.9515753848481888,0.4044275463617845,0.5376671795462425,0.133239633184458,0.13323963318445803,1.3294524183208511,0.3224819197485198,0.2225838780382092,0.0998980417103106,-0.09989804171031061,0.6902212632937257,11.666666666666666,11.666666666666666,5960.1236782073975,99.33539463678996,2.038227081298828,,,,data_reupload/results/encoding_sweep/seasonal_meridian_tanh_a1/depth_3/seed_44,data_reupload/results/encoding_sweep/seasonal_meridian_tanh_a1/depth_3/seed_44/best_model.pt,data_reupload/results/encoding_sweep/seasonal_meridian_tanh_a1/depth_3/seed_44/predictions.npz,data_reupload/results/encoding_sweep/seasonal_meridian_tanh_a1/depth_3/seed_44/history.csv,data_reupload/results/encoding_sweep/seasonal_meridian_tanh_a1/depth_3/seed_44/metrics_by_split.csv,data_reupload/results/encoding_sweep/seasonal_meridian_tanh_a1/depth_3/seed_44/fft_summary_by_split.csv,data_reupload/results/encoding_sweep/seasonal_meridian_tanh_a1/depth_3/seed_44/fft_power_by_period.csv,data_reupload/results/encoding_sweep/seasonal_meridian_tanh_a1/depth_3/seed_44/config.json,data_reupload/results/encoding_sweep/seasonal_meridian_tanh_a1/depth_3/seed_44/encoding_metadata.json,
3,seasonal_meridian,Fixed seasonal CDF,3,45,1,14,True,False,126,0,15,141,11,0.104525929988526,44.54853995719736,35.55358896871819,0.7415959390561515,0.7524369295142933,0.5557626986925502,0.5382556838262946,2.401799944963138,0.6397790411221845,56.57832275614584,47.30595156122809,0.5749204363734592,0.6356574227976556,0.3751868563964928,0.3244911234508318,-4.950932140491239,0.5454275109185582,57.16273263123946,47.07797280382131,0.5470131151079307,0.5751295873937383,0.3167771647294258,0.2957662749136948,0.4322540624931196,0.4885596776099103,0.9591189496028494,0.4044275463617845,0.6002724253029692,0.1958448789411846,0.19584487894118469,1.4842520760591065,0.3224819197485198,0.2244598598170364,0.0980220599314833,-0.09802205993148341,0.6960385871929698,11.666666666666666,11.666666666666666,5961.300699234009,99.35501165390015,1.99200439453125,,,,data_reupload/results/encoding_sweep/seasonal_meridian_tanh_a1/depth_3/seed_45,data_reupload/results/encoding_sweep/seasonal_meridian_tanh_a1/depth_3/seed_45/best_model.pt,data_reupload/results/encoding_sweep/seasonal_meridian_tanh_a1/depth_3/seed_45/predictions.npz,data_reupload/results/encoding_sweep/seasonal_meridian_tanh_a1/depth_3/seed_45/history.csv,data_reupload/results/encoding_sweep/seasonal_meridian_tanh_a1/depth_3/seed_45/metrics_by_split.csv,data_reupload/results/encoding_sweep/seasonal_meridian_tanh_a1/depth_3/seed_45/fft_summary_by_split.csv,data_reupload/results/encoding_sweep/seasonal_meridian_tanh_a1/depth_3/seed_45/fft_power_by_period.csv,data_reupload/results/encoding_sweep/seasonal_meridian_tanh_a1/depth_3/seed_45/config.json,data_reupload/results/encoding_sweep/seasonal_meridian_tanh_a1/depth_3/seed_45/encoding_metadata.json,
3,seasonal_meridian,Fixed seasonal CDF,3,46,1,14,True,False,126,0,15,141,8,0.0991531517519276,46.66579878072916,38.325811604133975,0.725923167195197,0.7574144162109779,0.4817225628403604,0.4933220363468336,5.846684717885987,0.5656453223062161,55.10503853916431,44.83397822616352,0.607420732123234,0.6666258420085732,0.3736765173913435,0.3592132195943516,-1.848864646550885,0.5124187094087976,59.20149044550796,50.71557252824016,0.499586871459004,0.519987559610201,0.2510349644692777,0.2446362542281228,2.918244677733143,0.4437713451491554,0.963340066685156,0.4044275463617845,0.5465171157954651,0.1420895694336806,0.14208956943368062,1.3513350431045392,0.3224819197485198,0.2530024332477958,0.069479486500724,-0.069479486500724,0.7845476529198723,11.666666666666666,11.666666666666666,5993.16162443161,99.88602707386016,2.0370025634765625,,,,data_reupload/results/encoding_sweep/seasonal_meridian_tanh_a1/depth_3/seed_46,data_reupload/results/encoding_sweep/seasonal_meridian_tanh_a1/depth_3/seed_46/best_model.pt,data_reupload/results/encoding_sweep/seasonal_meridian_tanh_a1/depth_3/seed_46/predictions.npz,data_reupload/results/encoding_sweep/seasonal_meridian_tanh_a1/depth_3/seed_46/history.csv,data_reupload/results/encoding_sweep/seasonal_meridian_tanh_a1/depth_3/seed_46/metrics_by_split.csv,data_reupload/results/encoding_sweep/seasonal_meridian_tanh_a1/depth_3/seed_46/fft_summary_by_split.csv,data_reupload/results/encoding_sweep/seasonal_meridian_tanh_a1/depth_3/seed_46/fft_power_by_period.csv,data_reupload/results/encoding_sweep/seasonal_meridian_tanh_a1/depth_3/seed_46/config.json,data_reupload/results/encoding_sweep/seasonal_meridian_tanh_a1/depth_3/seed_46/encoding_metadata.json,
3,seasonal_meridian,Fixed seasonal CDF,4,42,1,14,True,False,168,0,15,183,8,0.1103445872118171,46.28898813654638,36.62017384928367,0.7172352548333585,0.7731716993608112,0.5243454118972759,0.5014715094411173,3.917653658348184,0.6203645815446086,58.13177258059399,47.35751469838914,0.5582139852623523,0.5298399090193334,0.2599547371258299,0.2868874914682078,-3.020576916601738,0.4072503893177527,57.4332561599036,48.58938275802906,0.5799602872291899,0.5610097449720091,0.244787438352001,0.2890849081018938,4.939205456655614,0.3749939123557341,0.971516402940072,0.4044275463617845,0.5184799344583177,0.1140523880965332,0.11405238809653323,1.282009445505244,0.3224819197485198,0.2303706259399424,0.0921112938085774,-0.09211129380857741,0.7143675717373293,11.666666666666666,11.666666666666666,7815.854706525803,130.2642451087634,2.6574668884277344,,,,data_reupload/results/encoding_sweep/seasonal_meridian_tanh_a1/depth_4/seed_42,data_reupload/results/encoding_sweep/seasonal_meridian_tanh_a1/depth_4/seed_42/best_model.pt,data_reupload/results/encoding_sweep/seasonal_meridian_tanh_a1/depth_4/seed_42/predictions.npz,data_reupload/results/encoding_sweep/seasonal_meridian_tanh_a1/depth_4/seed_42/history.csv,data_reupload/results/encoding_sweep/seasonal_meridian_tanh_a1/depth_4/seed_42/metrics_by_split.csv,data_reupload/results/encoding_sweep/seasonal_meridian_tanh_a1/depth_4/seed_42/fft_summary_by_split.csv,data_reupload/results/encoding_sweep/seasonal_meridian_tanh_a1/depth_4/seed_42/fft_power_by_period.csv,data_reupload/results/encoding_sweep/seasonal_meridian_tanh_a1/depth_4/seed_42/config.json,data_reupload/results/encoding_sweep/seasonal_meridian_tanh_a1/depth_4/seed_42/encoding_metadata.json,
3,seasonal_meridian,Fixed seasonal CDF,4,43,1,14,True,False,168,0,15,183,27,0.0960357548009177,36.08978586117273,28.10033611444599,0.8360884983896588,0.8392781748655674,0.733934775442215,0.6969577243050256,-0.0568578353337151,0.7904212161652976,54.23186324272941,43.862934403670536,0.618111429339722,0.6466450879188171,0.4766251794304893,0.379359697242201,-3.110558796432078,0.6438070991504553,61.05124095009961,51.76644386416576,0.4544498531074579,0.4671781049139539,0.2892272594356558,0.1966961515733046,2.678332887078143,0.5454579853279538,0.975128600364965,0.4044275463617845,0.4260108852985623,0.0215833389367777,0.021583338936777774,1.0533676282215212,0.3224819197485198,0.2914348888951635,0.0310470308533563,-0.031047030853356306,0.903724739428593,11.666666666666666,11.666666666666666,7783.538016557693,129.72563360929487,2.478214263916016,,,,data_reupload/results/encoding_sweep/seasonal_meridian_tanh_a1/depth_4/seed_43,data_reupload/results/encoding_sweep/seasonal_meridian_tanh_a1/depth_4/seed_43/best_model.pt,data_reupload/results/encoding_sweep/seasonal_meridian_tanh_a1/depth_4/seed_43/predictions.npz,data_reupload/results/encoding_sweep/seasonal_meridian_tanh_a1/depth_4/seed_43/history.csv,data_reupload/results/encoding_sweep/seasonal_meridian_tanh_a1/depth_4/seed_43/metrics_by_split.csv,data_reupload/results/encoding_sweep/seasonal_meridian_tanh_a1/depth_4/seed_43/fft_summary_by_split.csv,data_reupload/results/encoding_sweep/seasonal_meridian_tanh_a1/depth_4/seed_43/fft_power_by_period.csv,data_reupload/results/encoding_sweep/seasonal_meridian_tanh_a1/depth_4/seed_43/config.json,data_reupload/results/encoding_sweep/seasonal_meridian_tanh_a1/depth_4/seed_43/encoding_metadata.json,
3,seasonal_meridian,Fixed seasonal CDF,4,44,1,14,True,False,168,0,15,183,57,0.1027386106113487,29.71839074385513,23.43156558507445,0.8928825985507859,0.8810998107273179,0.8462020058713632,0.7945126054926326,3.410793100942269,0.8973543613283448,56.09251242342916,41.62480846867585,0.6037780333430938,0.6514040766337154,0.4353825595631848,0.3360418468420912,-11.57445142545198,0.6191298917820504,63.763897055928574,51.98357765515797,0.4043777769333325,0.447843665768194,0.2845195913387319,0.1237247216138391,-0.6343377895847351,0.6036513133516603,0.919653022295365,0.4044275463617845,0.2929984874399143,0.1114290589218701,-0.11142905892187022,0.7244770789619006,0.3224819197485198,0.3569921103054934,0.0345101905569735,0.034510190556973575,1.1070143423354883,11.666666666666666,11.666666666666666,7533.502638339996,125.55837730566661,2.661388397216797,,,,data_reupload/results/encoding_sweep/seasonal_meridian_tanh_a1/depth_4/seed_44,data_reupload/results/encoding_sweep/seasonal_meridian_tanh_a1/depth_4/seed_44/best_model.pt,data_reupload/results/encoding_sweep/seasonal_meridian_tanh_a1/depth_4/seed_44/predictions.npz,data_reupload/results/encoding_sweep/seasonal_meridian_tanh_a1/depth_4/seed_44/history.csv,data_reupload/results/encoding_sweep/seasonal_meridian_tanh_a1/depth_4/seed_44/metrics_by_split.csv,data_reupload/results/encoding_sweep/seasonal_meridian_tanh_a1/depth_4/seed_44/fft_summary_by_split.csv,data_reupload/results/encoding_sweep/seasonal_meridian_tanh_a1/depth_4/seed_44/fft_power_by_period.csv,data_reupload/results/encoding_sweep/seasonal_meridian_tanh_a1/depth_4/seed_44/config.json,data_reupload/results/encoding_sweep/seasonal_meridian_tanh_a1/depth_4/seed_44/encoding_metadata.json,
3,seasonal_meridian,Fixed seasonal CDF,4,45,1,14,True,False,168,0,15,183,20,0.1065845880923614,37.36811521846575,30.10209349522449,0.8251086432021814,0.8293287991855328,0.7047164793826003,0.675109513066174,2.965711182343888,0.7647070572671792,57.13276652087284,46.21184235017002,0.567400077744109,0.6106377394803604,0.3440314727867062,0.3111868474393836,-6.013479342064211,0.5114985466581911,60.063008471126366,52.02934092107408,0.4746181515662127,0.4927016379846569,0.271786624146253,0.222491727037062,3.240333050836218,0.4971511890563966,0.9497220356927432,0.4044275463617845,0.4119813484051826,0.0075538020433981,0.007553802043398061,1.0186777634494777,0.3224819197485198,0.2201645566603165,0.1023173630882033,-0.1023173630882033,0.6827190709854581,11.666666666666666,11.666666666666666,7891.600904464722,131.5266817410787,2.661602020263672,,,,data_reupload/results/encoding_sweep/seasonal_meridian_tanh_a1/depth_4/seed_45,data_reupload/results/encoding_sweep/seasonal_meridian_tanh_a1/depth_4/seed_45/best_model.pt,data_reupload/results/encoding_sweep/seasonal_meridian_tanh_a1/depth_4/seed_45/predictions.npz,data_reupload/results/encoding_sweep/seasonal_meridian_tanh_a1/depth_4/seed_45/history.csv,data_reupload/results/encoding_sweep/seasonal_meridian_tanh_a1/depth_4/seed_45/metrics_by_split.csv,data_reupload/results/encoding_sweep/seasonal_meridian_tanh_a1/depth_4/seed_45/fft_summary_by_split.csv,data_reupload/results/encoding_sweep/seasonal_meridian_tanh_a1/depth_4/seed_45/fft_power_by_period.csv,data_reupload/results/encoding_sweep/seasonal_meridian_tanh_a1/depth_4/seed_45/config.json,data_reupload/results/encoding_sweep/seasonal_meridian_tanh_a1/depth_4/seed_45/encoding_metadata.json,
3,seasonal_meridian,Fixed seasonal CDF,4,46,1,14,True,False,168,0,15,183,35,0.1107046541557072,34.518022993194215,26.651937957397053,0.8541028260742975,0.8612897831235939,0.7317638784034384,0.722778802168852,1.5529954937644048,0.7756701130903236,58.22654062812365,48.28512830893796,0.5352278559861768,0.5505205143906919,0.344474435123874,0.2845605242096876,-2.9963345835048294,0.5389372728312374,61.09255695664668,51.91576769304069,0.4622918324573167,0.5073812979473357,0.2483707239119614,0.1956085229891313,9.029799364509875,0.4853606190984263,0.9366972407232516,0.4044275463617845,0.3509325761513968,0.0534949702103876,-0.05349497021038774,0.8677266900051034,0.3224819197485198,0.336856031047265,0.0143741112987451,0.014374111298745218,1.0445733866566986,11.666666666666666,11.666666666666666,7931.51696228981,132.19194937149683,2.650707244873047,,,,data_reupload/results/encoding_sweep/seasonal_meridian_tanh_a1/depth_4/seed_46,data_reupload/results/encoding_sweep/seasonal_meridian_tanh_a1/depth_4/seed_46/best_model.pt,data_reupload/results/encoding_sweep/seasonal_meridian_tanh_a1/depth_4/seed_46/predictions.npz,data_reupload/results/encoding_sweep/seasonal_meridian_tanh_a1/depth_4/seed_46/history.csv,data_reupload/results/encoding_sweep/seasonal_meridian_tanh_a1/depth_4/seed_46/metrics_by_split.csv,data_reupload/results/encoding_sweep/seasonal_meridian_tanh_a1/depth_4/seed_46/fft_summary_by_split.csv,data_reupload/results/encoding_sweep/seasonal_meridian_tanh_a1/depth_4/seed_46/fft_power_by_period.csv,data_reupload/results/encoding_sweep/seasonal_meridian_tanh_a1/depth_4/seed_46/config.json,data_reupload/results/encoding_sweep/seasonal_meridian_tanh_a1/depth_4/seed_46/encoding_metadata.json,
3,seasonal_meridian,Fixed seasonal CDF,5,42,1,14,True,False,210,0,15,225,25,0.1238586775013459,34.16477111988944,27.315551681625564,0.8635438365692241,0.867832950239827,0.7139412750705224,0.728423842335854,4.9047752116687455,0.7554379182600011,61.58873272343504,50.81561704859972,0.4622021265543996,0.5421922841396203,0.3157769452835447,0.199551383097149,-1.9190554853122528,0.5775375966585292,60.08159207342215,50.62937130216651,0.4721571665232046,0.4920070495542193,0.2659144627980102,0.2220105277048031,-1.6631695844857912,0.4902043462822746,0.9217732604917932,0.4044275463617845,0.314362043212129,0.0900655031496555,-0.0900655031496555,0.7773012645654791,0.3224819197485198,0.3509355847184811,0.0284536649699612,0.028453664969961268,1.088233365120594,11.666666666666666,11.666666666666666,9829.398393392565,163.82330655654275,3.2779617309570312,,,,data_reupload/results/encoding_sweep/seasonal_meridian_tanh_a1/depth_5/seed_42,data_reupload/results/encoding_sweep/seasonal_meridian_tanh_a1/depth_5/seed_42/best_model.pt,data_reupload/results/encoding_sweep/seasonal_meridian_tanh_a1/depth_5/seed_42/predictions.npz,data_reupload/results/encoding_sweep/seasonal_meridian_tanh_a1/depth_5/seed_42/history.csv,data_reupload/results/encoding_sweep/seasonal_meridian_tanh_a1/depth_5/seed_42/metrics_by_split.csv,data_reupload/results/encoding_sweep/seasonal_meridian_tanh_a1/depth_5/seed_42/fft_summary_by_split.csv,data_reupload/results/encoding_sweep/seasonal_meridian_tanh_a1/depth_5/seed_42/fft_power_by_period.csv,data_reupload/results/encoding_sweep/seasonal_meridian_tanh_a1/depth_5/seed_42/config.json,data_reupload/results/encoding_sweep/seasonal_meridian_tanh_a1/depth_5/seed_42/encoding_metadata.json,
3,seasonal_meridian,Fixed seasonal CDF,5,43,1,14,True,False,210,0,15,225,9,0.122025545649501,45.73629700154401,37.6324342675011,0.7459477502491941,0.8100376796078801,0.4791697422597651,0.5133053109033328,4.113956191833788,0.547970648877048,61.131271338947066,51.80813077873139,0.479865436448542,0.5428221502930628,0.1653466819701292,0.2113981740124952,-2.626550933691758,0.3478924839267367,63.30642837022285,54.32104476691051,0.3706029868281139,0.3880986937590711,0.0911456988850811,0.1362531434886056,1.386951252112028,0.3445483197313072,0.9245803680445353,0.4044275463617845,0.2697066480324818,0.1347208983293026,-0.13472089832930273,0.6668849598865185,0.3224819197485198,0.4778797829111438,0.155397863162624,0.155397863162624,1.4818808548516689,11.666666666666666,11.666666666666666,9639.817915678024,160.66363192796706,3.290756225585937,,,,data_reupload/results/encoding_sweep/seasonal_meridian_tanh_a1/depth_5/seed_43,data_reupload/results/encoding_sweep/seasonal_meridian_tanh_a1/depth_5/seed_43/best_model.pt,data_reupload/results/encoding_sweep/seasonal_meridian_tanh_a1/depth_5/seed_43/predictions.npz,data_reupload/results/encoding_sweep/seasonal_meridian_tanh_a1/depth_5/seed_43/history.csv,data_reupload/results/encoding_sweep/seasonal_meridian_tanh_a1/depth_5/seed_43/metrics_by_split.csv,data_reupload/results/encoding_sweep/seasonal_meridian_tanh_a1/depth_5/seed_43/fft_summary_by_split.csv,data_reupload/results/encoding_sweep/seasonal_meridian_tanh_a1/depth_5/seed_43/fft_power_by_period.csv,data_reupload/results/encoding_sweep/seasonal_meridian_tanh_a1/depth_5/seed_43/config.json,data_reupload/results/encoding_sweep/seasonal_meridian_tanh_a1/depth_5/seed_43/encoding_metadata.json,
3,seasonal_meridian,Fixed seasonal CDF,5,44,1,14,True,False,210,0,15,225,46,0.1054258022244712,28.75942143179331,22.67867352846935,0.9067090388964364,0.8944651909694891,0.7697955502670263,0.8075601994786218,2.3248382239019443,0.7913680369408383,56.821344520562256,45.19785793310285,0.5759562975826594,0.5756801679643075,0.3558870431136903,0.3186756125703467,-6.907281867017963,0.5213486415925638,67.08599681902466,56.60597364637145,0.3080451119734312,0.3066037735849056,0.1726124046856888,0.0300382462199358,-5.294660406977956,0.5505564202027327,0.8162577224691354,0.4044275463617845,0.1964659303545882,0.2079616160071963,-0.20796161600719631,0.48578770690075035,0.3224819197485198,0.5189587481894009,0.196476828440881,0.1964768284408811,1.6092646328640658,11.666666666666666,11.666666666666666,10319.217865943909,171.98696443239848,3.294750213623047,,,,data_reupload/results/encoding_sweep/seasonal_meridian_tanh_a1/depth_5/seed_44,data_reupload/results/encoding_sweep/seasonal_meridian_tanh_a1/depth_5/seed_44/best_model.pt,data_reupload/results/encoding_sweep/seasonal_meridian_tanh_a1/depth_5/seed_44/predictions.npz,data_reupload/results/encoding_sweep/seasonal_meridian_tanh_a1/depth_5/seed_44/history.csv,data_reupload/results/encoding_sweep/seasonal_meridian_tanh_a1/depth_5/seed_44/metrics_by_split.csv,data_reupload/results/encoding_sweep/seasonal_meridian_tanh_a1/depth_5/seed_44/fft_summary_by_split.csv,data_reupload/results/encoding_sweep/seasonal_meridian_tanh_a1/depth_5/seed_44/fft_power_by_period.csv,data_reupload/results/encoding_sweep/seasonal_meridian_tanh_a1/depth_5/seed_44/config.json,data_reupload/results/encoding_sweep/seasonal_meridian_tanh_a1/depth_5/seed_44/encoding_metadata.json,
3,seasonal_meridian,Fixed seasonal CDF,5,45,1,14,True,False,210,0,15,225,24,0.1177367379635003,35.30896652015899,28.86205118417306,0.8597174903495857,0.8570984952646845,0.6656684643146533,0.709928794023581,4.031037890977496,0.7003289628822083,60.04737796217414,50.17439357412722,0.4934944762494141,0.5814539410375296,0.2510684597260713,0.2391150062092893,-3.4424053553222125,0.4496637770344567,64.1489966084831,54.48347498651539,0.3439458945677914,0.3570806551938628,0.1044134725324151,0.1131082991246984,-3.6661993389352703,0.3918379533495922,0.9050088577828868,0.4044275463617845,0.2752769824889287,0.1291505638728558,-0.12915056387285584,0.6806583403264945,0.3224819197485198,0.4252089200155609,0.102727000267041,0.10272700026704107,1.318551193031691,11.666666666666666,11.666666666666666,9855.082958221436,164.25138263702394,3.294231414794922,,,,data_reupload/results/encoding_sweep/seasonal_meridian_tanh_a1/depth_5/seed_45,data_reupload/results/encoding_sweep/seasonal_meridian_tanh_a1/depth_5/seed_45/best_model.pt,data_reupload/results/encoding_sweep/seasonal_meridian_tanh_a1/depth_5/seed_45/predictions.npz,data_reupload/results/encoding_sweep/seasonal_meridian_tanh_a1/depth_5/seed_45/history.csv,data_reupload/results/encoding_sweep/seasonal_meridian_tanh_a1/depth_5/seed_45/metrics_by_split.csv,data_reupload/results/encoding_sweep/seasonal_meridian_tanh_a1/depth_5/seed_45/fft_summary_by_split.csv,data_reupload/results/encoding_sweep/seasonal_meridian_tanh_a1/depth_5/seed_45/fft_power_by_period.csv,data_reupload/results/encoding_sweep/seasonal_meridian_tanh_a1/depth_5/seed_45/config.json,data_reupload/results/encoding_sweep/seasonal_meridian_tanh_a1/depth_5/seed_45/encoding_metadata.json,
3,seasonal_meridian,Fixed seasonal CDF,5,46,1,14,True,False,210,0,15,225,23,0.122705480845171,35.80868253592427,28.942089927890088,0.8539338791244153,0.8479551903047605,0.6595907374498688,0.7016601314687934,3.06261985037584,0.6946837407246009,61.30134868731162,51.137868055924095,0.4569255895391595,0.4749015834135245,0.2611292057193642,0.2070040274097944,0.1732208375531653,0.4990045047766041,62.31903052410493,52.70025626435377,0.4164154870125914,0.4527679867302508,0.2250862402486481,0.1629869433397579,4.596903974630057,0.4929701315569142,0.9000985615596683,0.4044275463617845,0.2425658205600636,0.1618617258017208,-0.16186172580172092,0.5997757144442234,0.3224819197485198,0.5128330875103413,0.1903511677618214,0.19035116776182148,1.590269271251742,11.666666666666666,11.666666666666666,9663.555555343628,161.05925925572714,3.2670860290527344,,,,data_reupload/results/encoding_sweep/seasonal_meridian_tanh_a1/depth_5/seed_46,data_reupload/results/encoding_sweep/seasonal_meridian_tanh_a1/depth_5/seed_46/best_model.pt,data_reupload/results/encoding_sweep/seasonal_meridian_tanh_a1/depth_5/seed_46/predictions.npz,data_reupload/results/encoding_sweep/seasonal_meridian_tanh_a1/depth_5/seed_46/history.csv,data_reupload/results/encoding_sweep/seasonal_meridian_tanh_a1/depth_5/seed_46/metrics_by_split.csv,data_reupload/results/encoding_sweep/seasonal_meridian_tanh_a1/depth_5/seed_46/fft_summary_by_split.csv,data_reupload/results/encoding_sweep/seasonal_meridian_tanh_a1/depth_5/seed_46/fft_power_by_period.csv,data_reupload/results/encoding_sweep/seasonal_meridian_tanh_a1/depth_5/seed_46/config.json,data_reupload/results/encoding_sweep/seasonal_meridian_tanh_a1/depth_5/seed_46/encoding_metadata.json,
3,seasonal_meridian,Fixed seasonal CDF,6,42,1,14,True,False,252,0,15,267,52,0.1169450010303545,26.463815266956946,21.59158534675616,0.922455328092358,0.922339844173655,0.8215689728955842,0.8370555694624218,6.510448905913202,0.8591587536475254,59.845138955094825,50.76322831202357,0.4988348746069183,0.5653223689965882,0.3304208036345364,0.2442316822942617,-2.429344951203912,0.5567930369862882,61.69527615733859,51.72892326519004,0.4246986110732828,0.4180904001658718,0.2026484969925073,0.1796585035115648,-0.880291410155023,0.4480094719143583,0.8917375757036148,0.4044275463617845,0.2879605286685587,0.1164670176932257,-0.11646701769322582,0.7120200670281763,0.3224819197485198,0.4570890989657653,0.1346071792172454,0.13460717921724547,1.4174100033955883,11.666666666666666,11.666666666666666,11517.512485265732,191.95854142109553,3.897247314453125,,,,data_reupload/results/encoding_sweep/seasonal_meridian_tanh_a1/depth_6/seed_42,data_reupload/results/encoding_sweep/seasonal_meridian_tanh_a1/depth_6/seed_42/best_model.pt,data_reupload/results/encoding_sweep/seasonal_meridian_tanh_a1/depth_6/seed_42/predictions.npz,data_reupload/results/encoding_sweep/seasonal_meridian_tanh_a1/depth_6/seed_42/history.csv,data_reupload/results/encoding_sweep/seasonal_meridian_tanh_a1/depth_6/seed_42/metrics_by_split.csv,data_reupload/results/encoding_sweep/seasonal_meridian_tanh_a1/depth_6/seed_42/fft_summary_by_split.csv,data_reupload/results/encoding_sweep/seasonal_meridian_tanh_a1/depth_6/seed_42/fft_power_by_period.csv,data_reupload/results/encoding_sweep/seasonal_meridian_tanh_a1/depth_6/seed_42/config.json,data_reupload/results/encoding_sweep/seasonal_meridian_tanh_a1/depth_6/seed_42/encoding_metadata.json,
3,seasonal_meridian,Fixed seasonal CDF,6,43,1,14,True,False,252,0,15,267,23,0.1238269716674059,37.6347806802053,30.78038263917465,0.8385800482278711,0.85934569728266,0.6266923987225517,0.6704560163662352,3.604391602710196,0.6661336607497327,61.580849355252525,51.24702034225139,0.4579194802341132,0.4725920741842359,0.1724325584628415,0.199756285098664,-3.9312084348501206,0.3762327432732311,61.7299530373079,52.18054518250403,0.4334089176224227,0.3896537424839311,0.1301289014779534,0.1787360705504888,-1.3812095913193816,0.3401562495065244,0.7760077706304646,0.4044275463617845,0.2525817290241063,0.1518458173376781,-0.1518458173376782,0.6245413580165899,0.3224819197485198,0.4546943190045443,0.1322123992560244,0.13221239925602452,1.4099839127698301,11.666666666666666,11.666666666666666,12332.37353515625,205.53955891927083,3.913284301757813,,,,data_reupload/results/encoding_sweep/seasonal_meridian_tanh_a1/depth_6/seed_43,data_reupload/results/encoding_sweep/seasonal_meridian_tanh_a1/depth_6/seed_43/best_model.pt,data_reupload/results/encoding_sweep/seasonal_meridian_tanh_a1/depth_6/seed_43/predictions.npz,data_reupload/results/encoding_sweep/seasonal_meridian_tanh_a1/depth_6/seed_43/history.csv,data_reupload/results/encoding_sweep/seasonal_meridian_tanh_a1/depth_6/seed_43/metrics_by_split.csv,data_reupload/results/encoding_sweep/seasonal_meridian_tanh_a1/depth_6/seed_43/fft_summary_by_split.csv,data_reupload/results/encoding_sweep/seasonal_meridian_tanh_a1/depth_6/seed_43/fft_power_by_period.csv,data_reupload/results/encoding_sweep/seasonal_meridian_tanh_a1/depth_6/seed_43/config.json,data_reupload/results/encoding_sweep/seasonal_meridian_tanh_a1/depth_6/seed_43/encoding_metadata.json,
3,seasonal_meridian,Fixed seasonal CDF,6,44,1,14,True,False,252,0,15,267,34,0.1152897267037461,30.958560365701214,25.35704807779732,0.8880532662414452,0.8863459876640393,0.7826771306655913,0.7770044881929786,5.834883532999357,0.8271207680430555,59.42009660293583,48.70776947315979,0.5135437439358784,0.5766949523226315,0.3297389809761197,0.2549290518452493,-6.10747383715914,0.543985257493981,64.58089434943534,55.1382817712702,0.355474122277324,0.3893634667219573,0.191287187302361,0.1011256956108421,1.8476459881081368,0.5120001878299163,0.885274239909813,0.4044275463617845,0.2798713736574209,0.1245561727043635,-0.12455617270436364,0.6920185733517253,0.3224819197485198,0.3761255010305986,0.0536435812820788,0.0536435812820788,1.1663460119683966,11.666666666666666,11.666666666666666,11694.7346804142,194.91224467357,3.903797149658203,,,,data_reupload/results/encoding_sweep/seasonal_meridian_tanh_a1/depth_6/seed_44,data_reupload/results/encoding_sweep/seasonal_meridian_tanh_a1/depth_6/seed_44/best_model.pt,data_reupload/results/encoding_sweep/seasonal_meridian_tanh_a1/depth_6/seed_44/predictions.npz,data_reupload/results/encoding_sweep/seasonal_meridian_tanh_a1/depth_6/seed_44/history.csv,data_reupload/results/encoding_sweep/seasonal_meridian_tanh_a1/depth_6/seed_44/metrics_by_split.csv,data_reupload/results/encoding_sweep/seasonal_meridian_tanh_a1/depth_6/seed_44/fft_summary_by_split.csv,data_reupload/results/encoding_sweep/seasonal_meridian_tanh_a1/depth_6/seed_44/fft_power_by_period.csv,data_reupload/results/encoding_sweep/seasonal_meridian_tanh_a1/depth_6/seed_44/config.json,data_reupload/results/encoding_sweep/seasonal_meridian_tanh_a1/depth_6/seed_44/encoding_metadata.json,
3,seasonal_meridian,Fixed seasonal CDF,6,45,1,14,True,False,252,0,15,267,22,0.1338072006082906,38.37826065169188,30.600395507535307,0.8252872927412971,0.849868488722357,0.6317274498789793,0.6573070385943085,2.938186444532191,0.6776950244721953,64.0144164905758,54.28060297127785,0.3743354647796548,0.3957134109001837,0.1160247081817846,0.1352580956034773,-4.797366377496384,0.3778420040922629,63.47252812350755,52.50424497457868,0.3631143054677351,0.3593613933236574,0.0944403036284295,0.1317146991259071,0.6489833065847064,0.3562932751382826,0.8424520638181094,0.4044275463617845,0.2308991469148283,0.1735283994469562,-0.17352839944695622,0.570928338071896,0.3224819197485198,0.504135729403952,0.1816538096554321,0.1816538096554322,1.5632992069666751,11.666666666666666,11.666666666666666,11583.431510448456,193.0571918408076,3.89645004272461,,,,data_reupload/results/encoding_sweep/seasonal_meridian_tanh_a1/depth_6/seed_45,data_reupload/results/encoding_sweep/seasonal_meridian_tanh_a1/depth_6/seed_45/best_model.pt,data_reupload/results/encoding_sweep/seasonal_meridian_tanh_a1/depth_6/seed_45/predictions.npz,data_reupload/results/encoding_sweep/seasonal_meridian_tanh_a1/depth_6/seed_45/history.csv,data_reupload/results/encoding_sweep/seasonal_meridian_tanh_a1/depth_6/seed_45/metrics_by_split.csv,data_reupload/results/encoding_sweep/seasonal_meridian_tanh_a1/depth_6/seed_45/fft_summary_by_split.csv,data_reupload/results/encoding_sweep/seasonal_meridian_tanh_a1/depth_6/seed_45/fft_power_by_period.csv,data_reupload/results/encoding_sweep/seasonal_meridian_tanh_a1/depth_6/seed_45/config.json,data_reupload/results/encoding_sweep/seasonal_meridian_tanh_a1/depth_6/seed_45/encoding_metadata.json,
3,seasonal_meridian,Fixed seasonal CDF,6,46,1,14,True,False,252,0,15,267,18,0.1246288920729814,41.59253105605828,34.23081463152114,0.8005465714805072,0.8463301741238703,0.5498796896021659,0.5975005350123357,3.276003399618284,0.5983653390027885,61.77993055786852,51.98006525479956,0.4549482863881184,0.508424459802292,0.1592175224892199,0.1945737973436004,-4.173228136780328,0.3615191954204025,61.211426377487,51.18884846104181,0.4707155522403711,0.474320962056811,0.1228215711940174,0.1924752256914136,-0.8257125388217987,0.3005657284767521,0.8524621728758063,0.4044275463617845,0.2666808804177129,0.1377466659440716,-0.13774666594407164,0.6594033537447297,0.3224819197485198,0.3282132767929066,0.0057313570443867,0.00573135704438682,1.0177726461342587,11.666666666666666,11.666666666666666,11790.079933166504,196.50133221944174,3.891944885253906,,,,data_reupload/results/encoding_sweep/seasonal_meridian_tanh_a1/depth_6/seed_46,data_reupload/results/encoding_sweep/seasonal_meridian_tanh_a1/depth_6/seed_46/best_model.pt,data_reupload/results/encoding_sweep/seasonal_meridian_tanh_a1/depth_6/seed_46/predictions.npz,data_reupload/results/encoding_sweep/seasonal_meridian_tanh_a1/depth_6/seed_46/history.csv,data_reupload/results/encoding_sweep/seasonal_meridian_tanh_a1/depth_6/seed_46/metrics_by_split.csv,data_reupload/results/encoding_sweep/seasonal_meridian_tanh_a1/depth_6/seed_46/fft_summary_by_split.csv,data_reupload/results/encoding_sweep/seasonal_meridian_tanh_a1/depth_6/seed_46/fft_power_by_period.csv,data_reupload/results/encoding_sweep/seasonal_meridian_tanh_a1/depth_6/seed_46/config.json,data_reupload/results/encoding_sweep/seasonal_meridian_tanh_a1/depth_6/seed_46/encoding_metadata.json,
4,learnable_seasonal_cdf,Learnable seasonal CDF,1,42,1,14,True,True,42,24,15,81,15,0.0664675327578414,40.6319742324194,31.38764599127474,0.78517528724299,0.8062802145323636,0.6984707096073117,0.6158768716866851,1.614528284167825,0.7892822116030872,45.11727153440127,32.01655710046351,0.7620789975654879,0.7734581401452192,0.6354762736412056,0.570447176263601,-6.72476912151807,0.7342544461903237,56.007183943180806,44.50110104881829,0.5928612394158982,0.6310491395397054,0.5198163520255983,0.3239507596885553,3.783457221137743,0.7492217035074968,0.9523700638339012,0.4044275463617845,0.6728048680940798,0.2683773217322953,0.2683773217322953,1.6635980267580879,0.3224819197485198,0.2203005509786272,0.1021813687698926,-0.10218136876989262,0.6831407824364962,11.666666666666666,11.666666666666666,2470.5538771152496,41.175897951920824,1.2150764465332031,0.7101207795010688,0.3832481477467369,0.6444092690705351,data_reupload/results/encoding_sweep/learnable_seasonal_cdf_tanh_a1/depth_1/seed_42,data_reupload/results/encoding_sweep/learnable_seasonal_cdf_tanh_a1/depth_1/seed_42/best_model.pt,data_reupload/results/encoding_sweep/learnable_seasonal_cdf_tanh_a1/depth_1/seed_42/predictions.npz,data_reupload/results/encoding_sweep/learnable_seasonal_cdf_tanh_a1/depth_1/seed_42/history.csv,data_reupload/results/encoding_sweep/learnable_seasonal_cdf_tanh_a1/depth_1/seed_42/metrics_by_split.csv,data_reupload/results/encoding_sweep/learnable_seasonal_cdf_tanh_a1/depth_1/seed_42/fft_summary_by_split.csv,data_reupload/results/encoding_sweep/learnable_seasonal_cdf_tanh_a1/depth_1/seed_42/fft_power_by_period.csv,data_reupload/results/encoding_sweep/learnable_seasonal_cdf_tanh_a1/depth_1/seed_42/config.json,data_reupload/results/encoding_sweep/learnable_seasonal_cdf_tanh_a1/depth_1/seed_42/encoding_metadata.json,data_reupload/results/encoding_sweep/learnable_seasonal_cdf_tanh_a1/depth_1/seed_42/learned_encoding_parameters.npz
4,learnable_seasonal_cdf,Learnable seasonal CDF,1,43,1,14,True,True,42,24,15,81,50,0.0826966373066796,39.34939961572839,30.817325571526712,0.801945555791151,0.8130388936119596,0.7308869304380243,0.6397443264813494,3.554029168322041,0.8227663057861677,50.32479028785977,37.79306583232484,0.6965332921939024,0.7322019070947424,0.5701325755298503,0.4655650270936475,-9.552735135709836,0.7148826556232344,56.7514996590128,46.03618844545294,0.5795183477727085,0.6411465892597967,0.5118440679677374,0.3058624476385733,0.8443160090147352,0.752218750110601,0.961109772615616,0.4044275463617845,0.7092997010714074,0.3048721547096228,0.30487215470962287,1.7538362741416644,0.3224819197485198,0.1525279708243021,0.1699539489242177,-0.1699539489242177,0.4729814649554542,11.666666666666666,11.666666666666666,2785.8209731578827,46.43034955263138,1.166229248046875,0.5088811778314336,0.5921623099921213,0.8672875376567597,data_reupload/results/encoding_sweep/learnable_seasonal_cdf_tanh_a1/depth_1/seed_43,data_reupload/results/encoding_sweep/learnable_seasonal_cdf_tanh_a1/depth_1/seed_43/best_model.pt,data_reupload/results/encoding_sweep/learnable_seasonal_cdf_tanh_a1/depth_1/seed_43/predictions.npz,data_reupload/results/encoding_sweep/learnable_seasonal_cdf_tanh_a1/depth_1/seed_43/history.csv,data_reupload/results/encoding_sweep/learnable_seasonal_cdf_tanh_a1/depth_1/seed_43/metrics_by_split.csv,data_reupload/results/encoding_sweep/learnable_seasonal_cdf_tanh_a1/depth_1/seed_43/fft_summary_by_split.csv,data_reupload/results/encoding_sweep/learnable_seasonal_cdf_tanh_a1/depth_1/seed_43/fft_power_by_period.csv,data_reupload/results/encoding_sweep/learnable_seasonal_cdf_tanh_a1/depth_1/seed_43/config.json,data_reupload/results/encoding_sweep/learnable_seasonal_cdf_tanh_a1/depth_1/seed_43/encoding_metadata.json,data_reupload/results/encoding_sweep/learnable_seasonal_cdf_tanh_a1/depth_1/seed_43/learned_encoding_parameters.npz
4,learnable_seasonal_cdf,Learnable seasonal CDF,1,44,1,14,True,True,42,24,15,81,95,0.0662750821454522,37.80346757637898,29.165100542517507,0.821304013087402,0.8300282334666288,0.7662703121900217,0.6674952267378123,4.854342239837193,0.860830506808092,45.051907736570655,33.454022426135715,0.7627528036941761,0.7485434345201645,0.6354908155463834,0.5716909068573446,-6.615451354984545,0.7333307610039002,54.32980871361652,45.14022744710651,0.6090304393765591,0.636388140161725,0.4993030699254493,0.3638387562351819,1.9702393475069857,0.6880411900179331,0.9719341654706948,0.4044275463617845,0.6008083296391649,0.1963807832773803,0.19638078327738034,1.4855771696166957,0.3224819197485198,0.2395201282898731,0.0829617914586467,-0.08296179145864671,0.7427397122811022,11.666666666666666,11.666666666666666,2398.876510858536,39.9812751809756,1.1803855895996094,0.564823615864881,0.5119786194866904,0.868778661190268,data_reupload/results/encoding_sweep/learnable_seasonal_cdf_tanh_a1/depth_1/seed_44,data_reupload/results/encoding_sweep/learnable_seasonal_cdf_tanh_a1/depth_1/seed_44/best_model.pt,data_reupload/results/encoding_sweep/learnable_seasonal_cdf_tanh_a1/depth_1/seed_44/predictions.npz,data_reupload/results/encoding_sweep/learnable_seasonal_cdf_tanh_a1/depth_1/seed_44/history.csv,data_reupload/results/encoding_sweep/learnable_seasonal_cdf_tanh_a1/depth_1/seed_44/metrics_by_split.csv,data_reupload/results/encoding_sweep/learnable_seasonal_cdf_tanh_a1/depth_1/seed_44/fft_summary_by_split.csv,data_reupload/results/encoding_sweep/learnable_seasonal_cdf_tanh_a1/depth_1/seed_44/fft_power_by_period.csv,data_reupload/results/encoding_sweep/learnable_seasonal_cdf_tanh_a1/depth_1/seed_44/config.json,data_reupload/results/encoding_sweep/learnable_seasonal_cdf_tanh_a1/depth_1/seed_44/encoding_metadata.json,data_reupload/results/encoding_sweep/learnable_seasonal_cdf_tanh_a1/depth_1/seed_44/learned_encoding_parameters.npz
4,learnable_seasonal_cdf,Learnable seasonal CDF,1,45,1,14,True,True,42,24,15,81,45,0.0707542674240068,38.86047089665472,29.59995074837803,0.8056740911815534,0.8212042780524155,0.7243579802481421,0.6486412882242774,1.420175497410514,0.805241120933839,46.549430070197545,32.336481649350425,0.7486188862343665,0.7590761963082845,0.6247031044445311,0.5427437411568895,-9.138825456190082,0.7407319778523089,56.07064794218952,45.86329084108876,0.5963006492540376,0.6351026332158407,0.5308494360743968,0.3224177743153374,4.406947378266017,0.7665093581006436,0.963409834329263,0.4044275463617845,0.6697829256311845,0.2653553792693999,0.26535537926939995,1.6561258788045654,0.3224819197485198,0.2046848726765604,0.1177970470719594,-0.1177970470719594,0.6347173597706788,11.666666666666666,11.666666666666666,2461.161645889282,41.01936076482137,1.200836181640625,0.5247650145659916,0.4940428934357217,0.7417548922163685,data_reupload/results/encoding_sweep/learnable_seasonal_cdf_tanh_a1/depth_1/seed_45,data_reupload/results/encoding_sweep/learnable_seasonal_cdf_tanh_a1/depth_1/seed_45/best_model.pt,data_reupload/results/encoding_sweep/learnable_seasonal_cdf_tanh_a1/depth_1/seed_45/predictions.npz,data_reupload/results/encoding_sweep/learnable_seasonal_cdf_tanh_a1/depth_1/seed_45/history.csv,data_reupload/results/encoding_sweep/learnable_seasonal_cdf_tanh_a1/depth_1/seed_45/metrics_by_split.csv,data_reupload/results/encoding_sweep/learnable_seasonal_cdf_tanh_a1/depth_1/seed_45/fft_summary_by_split.csv,data_reupload/results/encoding_sweep/learnable_seasonal_cdf_tanh_a1/depth_1/seed_45/fft_power_by_period.csv,data_reupload/results/encoding_sweep/learnable_seasonal_cdf_tanh_a1/depth_1/seed_45/config.json,data_reupload/results/encoding_sweep/learnable_seasonal_cdf_tanh_a1/depth_1/seed_45/encoding_metadata.json,data_reupload/results/encoding_sweep/learnable_seasonal_cdf_tanh_a1/depth_1/seed_45/learned_encoding_parameters.npz
4,learnable_seasonal_cdf,Learnable seasonal CDF,1,46,1,14,True,True,42,24,15,81,15,0.0708763948433523,40.1883844391725,30.47127958805077,0.790357164341132,0.8101286424495593,0.7033716201265154,0.6242182328663769,1.3845603277322478,0.7907932927041914,46.58958673435154,33.76704319032357,0.7481188147906941,0.7556119324643513,0.5993284519744402,0.5419544809623431,-8.641665150879726,0.7037523406728615,56.39941214365221,45.378733908320775,0.5884941991991215,0.6361496993572464,0.5168074774510443,0.3144486187521259,4.755325414909409,0.7528206650623265,0.961422633304678,0.4044275463617845,0.6792549444243277,0.2748273980625431,0.27482739806254314,1.6795466840349536,0.3224819197485198,0.1980214135038278,0.124460506244692,-0.12446050624469202,0.6140543124347879,11.666666666666666,11.666666666666666,2539.0734577178955,42.31789096196493,1.19403076171875,0.6132074684770569,0.3916478110943202,0.6466719315331753,data_reupload/results/encoding_sweep/learnable_seasonal_cdf_tanh_a1/depth_1/seed_46,data_reupload/results/encoding_sweep/learnable_seasonal_cdf_tanh_a1/depth_1/seed_46/best_model.pt,data_reupload/results/encoding_sweep/learnable_seasonal_cdf_tanh_a1/depth_1/seed_46/predictions.npz,data_reupload/results/encoding_sweep/learnable_seasonal_cdf_tanh_a1/depth_1/seed_46/history.csv,data_reupload/results/encoding_sweep/learnable_seasonal_cdf_tanh_a1/depth_1/seed_46/metrics_by_split.csv,data_reupload/results/encoding_sweep/learnable_seasonal_cdf_tanh_a1/depth_1/seed_46/fft_summary_by_split.csv,data_reupload/results/encoding_sweep/learnable_seasonal_cdf_tanh_a1/depth_1/seed_46/fft_power_by_period.csv,data_reupload/results/encoding_sweep/learnable_seasonal_cdf_tanh_a1/depth_1/seed_46/config.json,data_reupload/results/encoding_sweep/learnable_seasonal_cdf_tanh_a1/depth_1/seed_46/encoding_metadata.json,data_reupload/results/encoding_sweep/learnable_seasonal_cdf_tanh_a1/depth_1/seed_46/learned_encoding_parameters.npz
4,learnable_seasonal_cdf,Learnable seasonal CDF,2,42,1,14,True,True,84,48,15,147,11,0.0681653316963391,37.12764892629468,28.86670582982612,0.8287282091940534,0.8369089426969083,0.7566563806513635,0.6792774428561019,5.628874910159513,0.8406080055504906,45.689859741526746,31.501408594149545,0.7513615421595818,0.7484384568279241,0.6093620285858314,0.5594749873179792,-3.480290524769824,0.7012299811152921,48.66600232107217,39.59211545125269,0.7043297435196172,0.7225067385444743,0.5231119175061199,0.4895629376614717,1.3777025184579488,0.6261736429556312,0.9647249826065606,0.4044275463617845,0.7040893091873319,0.2996617628255474,0.2996617628255474,1.740952898785688,0.3224819197485198,0.1563597784116366,0.1661221413368832,-0.16612214133688322,0.48486370502126197,11.666666666666666,11.666666666666666,4717.393825054169,78.62323041756947,1.9269027709960933,0.6675336027512709,0.3423011857352091,0.242666646759135,data_reupload/results/encoding_sweep/learnable_seasonal_cdf_tanh_a1/depth_2/seed_42,data_reupload/results/encoding_sweep/learnable_seasonal_cdf_tanh_a1/depth_2/seed_42/best_model.pt,data_reupload/results/encoding_sweep/learnable_seasonal_cdf_tanh_a1/depth_2/seed_42/predictions.npz,data_reupload/results/encoding_sweep/learnable_seasonal_cdf_tanh_a1/depth_2/seed_42/history.csv,data_reupload/results/encoding_sweep/learnable_seasonal_cdf_tanh_a1/depth_2/seed_42/metrics_by_split.csv,data_reupload/results/encoding_sweep/learnable_seasonal_cdf_tanh_a1/depth_2/seed_42/fft_summary_by_split.csv,data_reupload/results/encoding_sweep/learnable_seasonal_cdf_tanh_a1/depth_2/seed_42/fft_power_by_period.csv,data_reupload/results/encoding_sweep/learnable_seasonal_cdf_tanh_a1/depth_2/seed_42/config.json,data_reupload/results/encoding_sweep/learnable_seasonal_cdf_tanh_a1/depth_2/seed_42/encoding_metadata.json,data_reupload/results/encoding_sweep/learnable_seasonal_cdf_tanh_a1/depth_2/seed_42/learned_encoding_parameters.npz
4,learnable_seasonal_cdf,Learnable seasonal CDF,2,43,1,14,True,True,84,48,15,147,10,0.0674501882663413,40.36019617996206,31.89368197475972,0.791157526610297,0.8047220910258159,0.6639180758465263,0.6209983109630499,3.1032006104334564,0.7392790856190635,45.44955462550436,34.411998003452936,0.7602215118094243,0.7676143819438369,0.57707382844157,0.5640966705215857,-3.444319157034887,0.6537478833513989,52.68558240839936,43.60559120154561,0.6366968231743301,0.6872797014306448,0.4879853919128865,0.4017614073555554,4.081185249191848,0.6423265065977581,0.9628524711445992,0.4044275463617845,0.7027802352880362,0.2983526889262517,0.2983526889262517,1.737716042367098,0.3224819197485198,0.1965075347019066,0.1259743850466132,-0.1259743850466132,0.6093598514147662,11.666666666666666,11.666666666666666,4576.970361709595,76.28283936182657,1.9314384460449217,0.756279213174329,0.3482887198608599,0.3795519018519703,data_reupload/results/encoding_sweep/learnable_seasonal_cdf_tanh_a1/depth_2/seed_43,data_reupload/results/encoding_sweep/learnable_seasonal_cdf_tanh_a1/depth_2/seed_43/best_model.pt,data_reupload/results/encoding_sweep/learnable_seasonal_cdf_tanh_a1/depth_2/seed_43/predictions.npz,data_reupload/results/encoding_sweep/learnable_seasonal_cdf_tanh_a1/depth_2/seed_43/history.csv,data_reupload/results/encoding_sweep/learnable_seasonal_cdf_tanh_a1/depth_2/seed_43/metrics_by_split.csv,data_reupload/results/encoding_sweep/learnable_seasonal_cdf_tanh_a1/depth_2/seed_43/fft_summary_by_split.csv,data_reupload/results/encoding_sweep/learnable_seasonal_cdf_tanh_a1/depth_2/seed_43/fft_power_by_period.csv,data_reupload/results/encoding_sweep/learnable_seasonal_cdf_tanh_a1/depth_2/seed_43/config.json,data_reupload/results/encoding_sweep/learnable_seasonal_cdf_tanh_a1/depth_2/seed_43/encoding_metadata.json,data_reupload/results/encoding_sweep/learnable_seasonal_cdf_tanh_a1/depth_2/seed_43/learned_encoding_parameters.npz
4,learnable_seasonal_cdf,Learnable seasonal CDF,2,44,1,14,True,True,84,48,15,147,14,0.0631244427289416,33.57602834982961,26.563309164172875,0.8600861548971935,0.8598209431447255,0.7986857317040119,0.7377030418576973,2.9646350333757003,0.8596082259209855,43.96801176507572,30.92098308086532,0.776904992133491,0.7981278978217128,0.6550368975945324,0.5920522171359737,-7.142963208435899,0.7492948071218203,53.01001878084151,43.30500262574937,0.6299756872399486,0.6670433340244661,0.4652118087120545,0.3943708480599073,-3.2640350858729525,0.6157501045857993,0.9704507469612283,0.4044275463617845,0.6090837030129737,0.2046561566511891,0.20465615665118914,1.506039112548758,0.3224819197485198,0.222632377819347,0.0998495419291728,-0.09984954192917281,0.6903716586435661,11.666666666666666,11.666666666666666,4491.326548337936,74.85544247229895,1.933074951171875,0.7488403137302501,0.3335712548217844,0.2283913873915623,data_reupload/results/encoding_sweep/learnable_seasonal_cdf_tanh_a1/depth_2/seed_44,data_reupload/results/encoding_sweep/learnable_seasonal_cdf_tanh_a1/depth_2/seed_44/best_model.pt,data_reupload/results/encoding_sweep/learnable_seasonal_cdf_tanh_a1/depth_2/seed_44/predictions.npz,data_reupload/results/encoding_sweep/learnable_seasonal_cdf_tanh_a1/depth_2/seed_44/history.csv,data_reupload/results/encoding_sweep/learnable_seasonal_cdf_tanh_a1/depth_2/seed_44/metrics_by_split.csv,data_reupload/results/encoding_sweep/learnable_seasonal_cdf_tanh_a1/depth_2/seed_44/fft_summary_by_split.csv,data_reupload/results/encoding_sweep/learnable_seasonal_cdf_tanh_a1/depth_2/seed_44/fft_power_by_period.csv,data_reupload/results/encoding_sweep/learnable_seasonal_cdf_tanh_a1/depth_2/seed_44/config.json,data_reupload/results/encoding_sweep/learnable_seasonal_cdf_tanh_a1/depth_2/seed_44/encoding_metadata.json,data_reupload/results/encoding_sweep/learnable_seasonal_cdf_tanh_a1/depth_2/seed_44/learned_encoding_parameters.npz
4,learnable_seasonal_cdf,Learnable seasonal CDF,2,45,1,14,True,True,84,48,15,147,8,0.0756905730991707,36.809538322240144,28.90821609848423,0.8284303068750704,0.8326854679863276,0.7327196870306287,0.6847498157060747,1.4364293608514125,0.7957670369265301,48.14585964714,35.01236934306704,0.7291677325144493,0.762890385793019,0.5458731084182084,0.5108423909244711,-8.177357256988284,0.6471176180329478,55.385191308960025,46.75291059433833,0.5862024641788522,0.621210864607091,0.3950881493433105,0.3388832266283923,-4.388154524814555,0.5617067611284862,0.9737408131975164,0.4044275463617845,0.5839370278665621,0.1795094815047775,0.17950948150477758,1.4438606695306448,0.3224819197485198,0.2100833050320948,0.112398614716425,-0.11239861471642501,0.6514576234100922,11.666666666666666,11.666666666666666,4590.903899431229,76.51506499052047,1.9419708251953125,0.7684299508179651,0.3008913718161121,0.2255685106713174,data_reupload/results/encoding_sweep/learnable_seasonal_cdf_tanh_a1/depth_2/seed_45,data_reupload/results/encoding_sweep/learnable_seasonal_cdf_tanh_a1/depth_2/seed_45/best_model.pt,data_reupload/results/encoding_sweep/learnable_seasonal_cdf_tanh_a1/depth_2/seed_45/predictions.npz,data_reupload/results/encoding_sweep/learnable_seasonal_cdf_tanh_a1/depth_2/seed_45/history.csv,data_reupload/results/encoding_sweep/learnable_seasonal_cdf_tanh_a1/depth_2/seed_45/metrics_by_split.csv,data_reupload/results/encoding_sweep/learnable_seasonal_cdf_tanh_a1/depth_2/seed_45/fft_summary_by_split.csv,data_reupload/results/encoding_sweep/learnable_seasonal_cdf_tanh_a1/depth_2/seed_45/fft_power_by_period.csv,data_reupload/results/encoding_sweep/learnable_seasonal_cdf_tanh_a1/depth_2/seed_45/config.json,data_reupload/results/encoding_sweep/learnable_seasonal_cdf_tanh_a1/depth_2/seed_45/encoding_metadata.json,data_reupload/results/encoding_sweep/learnable_seasonal_cdf_tanh_a1/depth_2/seed_45/learned_encoding_parameters.npz
4,learnable_seasonal_cdf,Learnable seasonal CDF,2,46,1,14,True,True,84,48,15,147,15,0.0690138657223459,36.0553140533739,27.97962840099659,0.8375588527088845,0.8368691989322361,0.7224360365719472,0.697536360381297,0.4910102066011554,0.7750098521720084,45.97335791245668,34.995549531374934,0.7502538408747722,0.7661796868165515,0.611879672383199,0.553991254557271,-5.877692596641324,0.7102627967137057,54.30523370158115,44.8622468685284,0.6128888705943568,0.6768297739995853,0.5175584184167015,0.3644141359319492,2.2929315332762195,0.7133155566361549,0.9600279151311836,0.4044275463617845,0.671267677730424,0.2668401313686394,0.26684013136863943,1.6597971225479657,0.3224819197485198,0.2443642874139229,0.0781176323345969,-0.0781176323345969,0.7577612028745203,11.666666666666666,11.666666666666666,4542.9538106918335,75.71589684486389,1.9270362854003904,0.7825504184356662,0.3802027904052341,0.2726539504131395,data_reupload/results/encoding_sweep/learnable_seasonal_cdf_tanh_a1/depth_2/seed_46,data_reupload/results/encoding_sweep/learnable_seasonal_cdf_tanh_a1/depth_2/seed_46/best_model.pt,data_reupload/results/encoding_sweep/learnable_seasonal_cdf_tanh_a1/depth_2/seed_46/predictions.npz,data_reupload/results/encoding_sweep/learnable_seasonal_cdf_tanh_a1/depth_2/seed_46/history.csv,data_reupload/results/encoding_sweep/learnable_seasonal_cdf_tanh_a1/depth_2/seed_46/metrics_by_split.csv,data_reupload/results/encoding_sweep/learnable_seasonal_cdf_tanh_a1/depth_2/seed_46/fft_summary_by_split.csv,data_reupload/results/encoding_sweep/learnable_seasonal_cdf_tanh_a1/depth_2/seed_46/fft_power_by_period.csv,data_reupload/results/encoding_sweep/learnable_seasonal_cdf_tanh_a1/depth_2/seed_46/config.json,data_reupload/results/encoding_sweep/learnable_seasonal_cdf_tanh_a1/depth_2/seed_46/encoding_metadata.json,data_reupload/results/encoding_sweep/learnable_seasonal_cdf_tanh_a1/depth_2/seed_46/learned_encoding_parameters.npz
4,learnable_seasonal_cdf,Learnable seasonal CDF,3,42,1,14,True,True,126,72,15,213,10,0.0799203624437975,35.014375646837564,27.427738577517594,0.8478582624475783,0.8484337947948263,0.7376690849026799,0.7147488646178473,1.2998403587694316,0.7868528685561899,49.47283193674381,35.903627022368205,0.7013484368306074,0.7347213717085119,0.5779584328617196,0.4835069704355829,-6.273444817196859,0.7101571501603414,54.66899324298008,45.491225880650255,0.5973177218770931,0.6056914783329878,0.425633806915806,0.3558707692625008,-2.0196321126711814,0.5911050368739255,0.9676433927222872,0.4044275463617845,0.639530777119963,0.2351032307581784,0.23510323075817846,1.5813234851907556,0.3224819197485198,0.2004470929107027,0.1220348268378171,-0.1220348268378171,0.6215762206669347,11.666666666666666,11.666666666666666,6955.176061868668,115.91960103114447,2.565326690673828,0.667607224705867,0.3615451090119182,0.2673440642918412,data_reupload/results/encoding_sweep/learnable_seasonal_cdf_tanh_a1/depth_3/seed_42,data_reupload/results/encoding_sweep/learnable_seasonal_cdf_tanh_a1/depth_3/seed_42/best_model.pt,data_reupload/results/encoding_sweep/learnable_seasonal_cdf_tanh_a1/depth_3/seed_42/predictions.npz,data_reupload/results/encoding_sweep/learnable_seasonal_cdf_tanh_a1/depth_3/seed_42/history.csv,data_reupload/results/encoding_sweep/learnable_seasonal_cdf_tanh_a1/depth_3/seed_42/metrics_by_split.csv,data_reupload/results/encoding_sweep/learnable_seasonal_cdf_tanh_a1/depth_3/seed_42/fft_summary_by_split.csv,data_reupload/results/encoding_sweep/learnable_seasonal_cdf_tanh_a1/depth_3/seed_42/fft_power_by_period.csv,data_reupload/results/encoding_sweep/learnable_seasonal_cdf_tanh_a1/depth_3/seed_42/config.json,data_reupload/results/encoding_sweep/learnable_seasonal_cdf_tanh_a1/depth_3/seed_42/encoding_metadata.json,data_reupload/results/encoding_sweep/learnable_seasonal_cdf_tanh_a1/depth_3/seed_42/learned_encoding_parameters.npz
4,learnable_seasonal_cdf,Learnable seasonal CDF,3,43,1,14,True,True,126,72,15,213,60,0.059828810388429,23.119238743758046,17.499013755598764,0.9370797590821116,0.9249898016660192,0.9024611494597394,0.8756397266688348,3.2636494340396087,0.9363599040481084,42.80487493435344,29.855225868551347,0.7863728772966779,0.8072259644825475,0.6974321159721735,0.6133505581323476,-4.863350465956424,0.7927429263760019,57.15044707549,46.332755652560685,0.5841721919218337,0.6126580966203606,0.5340906580664536,0.2960689536887581,2.8737282898077696,0.7925189000814289,0.976005851153796,0.4044275463617845,0.4788993243817765,0.074471778019992,0.074471778019992,1.1841412106814617,0.3224819197485198,0.3189859461607855,0.0034959735877343,-0.0034959735877342912,0.9891591640534125,11.666666666666666,11.666666666666666,6787.83989906311,113.13066498438518,2.65603256225586,0.6319382792249802,0.4982601138644336,0.3772152569395473,data_reupload/results/encoding_sweep/learnable_seasonal_cdf_tanh_a1/depth_3/seed_43,data_reupload/results/encoding_sweep/learnable_seasonal_cdf_tanh_a1/depth_3/seed_43/best_model.pt,data_reupload/results/encoding_sweep/learnable_seasonal_cdf_tanh_a1/depth_3/seed_43/predictions.npz,data_reupload/results/encoding_sweep/learnable_seasonal_cdf_tanh_a1/depth_3/seed_43/history.csv,data_reupload/results/encoding_sweep/learnable_seasonal_cdf_tanh_a1/depth_3/seed_43/metrics_by_split.csv,data_reupload/results/encoding_sweep/learnable_seasonal_cdf_tanh_a1/depth_3/seed_43/fft_summary_by_split.csv,data_reupload/results/encoding_sweep/learnable_seasonal_cdf_tanh_a1/depth_3/seed_43/fft_power_by_period.csv,data_reupload/results/encoding_sweep/learnable_seasonal_cdf_tanh_a1/depth_3/seed_43/config.json,data_reupload/results/encoding_sweep/learnable_seasonal_cdf_tanh_a1/depth_3/seed_43/encoding_metadata.json,data_reupload/results/encoding_sweep/learnable_seasonal_cdf_tanh_a1/depth_3/seed_43/learned_encoding_parameters.npz
4,learnable_seasonal_cdf,Learnable seasonal CDF,3,44,1,14,True,True,126,72,15,213,8,0.087074372070497,39.025497707119065,30.095072644208383,0.808384504800442,0.8259452613607342,0.6636143323430714,0.6456507570119803,1.8285960378671384,0.7243799364727096,51.63964218174805,37.71474086828521,0.672504362908175,0.7253433645350362,0.5006751955944673,0.4372734951028666,-7.996196401389362,0.6338267825308072,55.94288314395022,45.50196334187551,0.5733587869253487,0.6278457391664938,0.4315474455964027,0.3255021875438838,1.652145004815305,0.6248352554142549,0.962309939442486,0.4044275463617845,0.716462869813603,0.3120353234518184,0.31203532345181845,1.7715481456663298,0.3224819197485198,0.167727535651624,0.1547543840968958,-0.15475438409689582,0.5201145409405354,11.666666666666666,11.666666666666666,6711.105442047119,111.85175736745198,2.5587310791015625,0.692481907810155,0.3445699538545541,0.3002387911083687,data_reupload/results/encoding_sweep/learnable_seasonal_cdf_tanh_a1/depth_3/seed_44,data_reupload/results/encoding_sweep/learnable_seasonal_cdf_tanh_a1/depth_3/seed_44/best_model.pt,data_reupload/results/encoding_sweep/learnable_seasonal_cdf_tanh_a1/depth_3/seed_44/predictions.npz,data_reupload/results/encoding_sweep/learnable_seasonal_cdf_tanh_a1/depth_3/seed_44/history.csv,data_reupload/results/encoding_sweep/learnable_seasonal_cdf_tanh_a1/depth_3/seed_44/metrics_by_split.csv,data_reupload/results/encoding_sweep/learnable_seasonal_cdf_tanh_a1/depth_3/seed_44/fft_summary_by_split.csv,data_reupload/results/encoding_sweep/learnable_seasonal_cdf_tanh_a1/depth_3/seed_44/fft_power_by_period.csv,data_reupload/results/encoding_sweep/learnable_seasonal_cdf_tanh_a1/depth_3/seed_44/config.json,data_reupload/results/encoding_sweep/learnable_seasonal_cdf_tanh_a1/depth_3/seed_44/encoding_metadata.json,data_reupload/results/encoding_sweep/learnable_seasonal_cdf_tanh_a1/depth_3/seed_44/learned_encoding_parameters.npz
4,learnable_seasonal_cdf,Learnable seasonal CDF,3,45,1,14,True,True,126,72,15,213,55,0.0688332895204575,25.79984175003468,20.312655666154765,0.9216014963648788,0.9105801680013712,0.8590975360076096,0.8451295028304353,3.7884464099107,0.8919282088960281,45.91317339897138,33.47070596617147,0.7526237124062152,0.7988277491033154,0.7041286527724363,0.555158245630993,-3.8030426272537374,0.8433548820398161,54.66154071692417,44.9344240153159,0.6025912571377244,0.6275554634045201,0.4822284733272036,0.3560463738381105,-3.383527858028911,0.6704329962213523,0.9634668683092128,0.4044275463617845,0.5554811570275823,0.1510536106657977,0.15105361066579776,1.3734998073812492,0.3224819197485198,0.2809697020070299,0.0415122177414899,-0.04151221774148989,0.8712727281769401,11.666666666666666,11.666666666666666,6895.703401088715,114.92839001814524,2.5581626892089844,0.6734593585829255,0.4156638642566073,0.3818624871928598,data_reupload/results/encoding_sweep/learnable_seasonal_cdf_tanh_a1/depth_3/seed_45,data_reupload/results/encoding_sweep/learnable_seasonal_cdf_tanh_a1/depth_3/seed_45/best_model.pt,data_reupload/results/encoding_sweep/learnable_seasonal_cdf_tanh_a1/depth_3/seed_45/predictions.npz,data_reupload/results/encoding_sweep/learnable_seasonal_cdf_tanh_a1/depth_3/seed_45/history.csv,data_reupload/results/encoding_sweep/learnable_seasonal_cdf_tanh_a1/depth_3/seed_45/metrics_by_split.csv,data_reupload/results/encoding_sweep/learnable_seasonal_cdf_tanh_a1/depth_3/seed_45/fft_summary_by_split.csv,data_reupload/results/encoding_sweep/learnable_seasonal_cdf_tanh_a1/depth_3/seed_45/fft_power_by_period.csv,data_reupload/results/encoding_sweep/learnable_seasonal_cdf_tanh_a1/depth_3/seed_45/config.json,data_reupload/results/encoding_sweep/learnable_seasonal_cdf_tanh_a1/depth_3/seed_45/encoding_metadata.json,data_reupload/results/encoding_sweep/learnable_seasonal_cdf_tanh_a1/depth_3/seed_45/learned_encoding_parameters.npz
4,learnable_seasonal_cdf,Learnable seasonal CDF,3,46,1,14,True,True,126,72,15,213,10,0.0666493792360762,34.821796794957486,27.07619515678429,0.8496087492977503,0.8602785562097883,0.743999827169788,0.7178779947897246,1.94303372056264,0.7941233808330116,45.17894685696909,33.61041622575353,0.7584591449348443,0.7691190621992826,0.6128184850154381,0.569271975906806,-3.4835737874349584,0.6999145684220691,56.69852656478492,46.66076528670084,0.5657561122543275,0.6110615799295045,0.4466059784554087,0.307157689277666,4.273084870749335,0.6605560336184364,0.9694003652505644,0.4044275463617845,0.6091150377970211,0.2046874914352366,0.20468749143523662,1.5061165919003239,0.3224819197485198,0.2390906247879335,0.0833912949605863,-0.08339129496058631,0.7414078438083688,11.666666666666666,11.666666666666666,6878.70029592514,114.64500493208567,2.5589370727539062,0.6799493653006873,0.3300314759611828,0.2956590136048441,data_reupload/results/encoding_sweep/learnable_seasonal_cdf_tanh_a1/depth_3/seed_46,data_reupload/results/encoding_sweep/learnable_seasonal_cdf_tanh_a1/depth_3/seed_46/best_model.pt,data_reupload/results/encoding_sweep/learnable_seasonal_cdf_tanh_a1/depth_3/seed_46/predictions.npz,data_reupload/results/encoding_sweep/learnable_seasonal_cdf_tanh_a1/depth_3/seed_46/history.csv,data_reupload/results/encoding_sweep/learnable_seasonal_cdf_tanh_a1/depth_3/seed_46/metrics_by_split.csv,data_reupload/results/encoding_sweep/learnable_seasonal_cdf_tanh_a1/depth_3/seed_46/fft_summary_by_split.csv,data_reupload/results/encoding_sweep/learnable_seasonal_cdf_tanh_a1/depth_3/seed_46/fft_power_by_period.csv,data_reupload/results/encoding_sweep/learnable_seasonal_cdf_tanh_a1/depth_3/seed_46/config.json,data_reupload/results/encoding_sweep/learnable_seasonal_cdf_tanh_a1/depth_3/seed_46/encoding_metadata.json,data_reupload/results/encoding_sweep/learnable_seasonal_cdf_tanh_a1/depth_3/seed_46/learned_encoding_parameters.npz
4,learnable_seasonal_cdf,Learnable seasonal CDF,4,42,1,14,True,True,168,96,15,279,20,0.0666061546038263,28.791502084061367,22.0676971495982,0.8991184611126993,0.8927769206279235,0.8307249390078756,0.8071306332852841,-0.5292335544745376,0.8642156448242962,45.16429435673919,33.81769471101665,0.7730407989460827,0.7924591024407314,0.6454322678436473,0.5695513192503532,-11.491107795337898,0.7597729718609753,52.55615674320576,42.38853201013969,0.6374634916395386,0.6761040845946505,0.5013181702908989,0.4046970235689059,-2.371644952565256,0.6586869494163614,0.9672553586636128,0.4044275463617845,0.6705554003580712,0.2661278539962866,0.26612785399628663,1.6580359235921567,0.3224819197485198,0.2016430290310211,0.1208388907174987,-0.1208388907174987,0.6252847576331344,11.666666666666666,11.666666666666666,9026.552309274672,150.4425384879112,3.255409240722656,0.6913839957056581,0.3548122612434052,0.3118450081490449,data_reupload/results/encoding_sweep/learnable_seasonal_cdf_tanh_a1/depth_4/seed_42,data_reupload/results/encoding_sweep/learnable_seasonal_cdf_tanh_a1/depth_4/seed_42/best_model.pt,data_reupload/results/encoding_sweep/learnable_seasonal_cdf_tanh_a1/depth_4/seed_42/predictions.npz,data_reupload/results/encoding_sweep/learnable_seasonal_cdf_tanh_a1/depth_4/seed_42/history.csv,data_reupload/results/encoding_sweep/learnable_seasonal_cdf_tanh_a1/depth_4/seed_42/metrics_by_split.csv,data_reupload/results/encoding_sweep/learnable_seasonal_cdf_tanh_a1/depth_4/seed_42/fft_summary_by_split.csv,data_reupload/results/encoding_sweep/learnable_seasonal_cdf_tanh_a1/depth_4/seed_42/fft_power_by_period.csv,data_reupload/results/encoding_sweep/learnable_seasonal_cdf_tanh_a1/depth_4/seed_42/config.json,data_reupload/results/encoding_sweep/learnable_seasonal_cdf_tanh_a1/depth_4/seed_42/encoding_metadata.json,data_reupload/results/encoding_sweep/learnable_seasonal_cdf_tanh_a1/depth_4/seed_42/learned_encoding_parameters.npz
4,learnable_seasonal_cdf,Learnable seasonal CDF,4,43,1,14,True,True,168,96,15,279,12,0.0730037679253666,34.55615567499728,26.67020375809852,0.8509882324597916,0.850661964587466,0.7623310814321536,0.7221659613454481,1.857138078030801,0.8161665270037493,47.28361653590335,34.26439341912746,0.7298980208363332,0.7392704050389293,0.6617321241357859,0.5282061277949506,-0.713078380010536,0.7965140219765406,56.61975366629617,46.99048238760164,0.5834343128230679,0.6103566245075679,0.4743257429587013,0.309081523545629,9.20637333285367,0.6976579555254214,0.9694437765592944,0.4044275463617845,0.6858844218768442,0.2814568755150596,0.28145687551505966,1.6959389340489675,0.3224819197485198,0.1599315259999645,0.1625503937485553,-0.16255039374855532,0.4959395122823737,11.666666666666666,11.666666666666666,9122.096062660215,152.03493437767025,3.2224655151367188,0.6622637043043631,0.3556737892254442,0.2754071272716171,data_reupload/results/encoding_sweep/learnable_seasonal_cdf_tanh_a1/depth_4/seed_43,data_reupload/results/encoding_sweep/learnable_seasonal_cdf_tanh_a1/depth_4/seed_43/best_model.pt,data_reupload/results/encoding_sweep/learnable_seasonal_cdf_tanh_a1/depth_4/seed_43/predictions.npz,data_reupload/results/encoding_sweep/learnable_seasonal_cdf_tanh_a1/depth_4/seed_43/history.csv,data_reupload/results/encoding_sweep/learnable_seasonal_cdf_tanh_a1/depth_4/seed_43/metrics_by_split.csv,data_reupload/results/encoding_sweep/learnable_seasonal_cdf_tanh_a1/depth_4/seed_43/fft_summary_by_split.csv,data_reupload/results/encoding_sweep/learnable_seasonal_cdf_tanh_a1/depth_4/seed_43/fft_power_by_period.csv,data_reupload/results/encoding_sweep/learnable_seasonal_cdf_tanh_a1/depth_4/seed_43/config.json,data_reupload/results/encoding_sweep/learnable_seasonal_cdf_tanh_a1/depth_4/seed_43/encoding_metadata.json,data_reupload/results/encoding_sweep/learnable_seasonal_cdf_tanh_a1/depth_4/seed_43/learned_encoding_parameters.npz
4,learnable_seasonal_cdf,Learnable seasonal CDF,4,44,1,14,True,True,168,96,15,279,14,0.0697665461446358,29.7711462376108,23.245370047116744,0.894593891174973,0.8888459264390497,0.7861360703810316,0.7937824037095124,-0.2002032264618229,0.813931007401065,46.22337585767045,31.010085430823903,0.7483112936096232,0.761595660922054,0.6229155042431334,0.5491269849304194,-7.062871091618674,0.7305327319717893,53.51154588702285,45.44904749653542,0.6190516388473596,0.6561579929504456,0.4649577733778711,0.3828569387854075,-1.2511985453503345,0.6245828360382353,0.9674935077036476,0.4044275463617845,0.5882628475412639,0.1838353011794793,0.18383530117947938,1.4545568244133098,0.3224819197485198,0.1887712913397952,0.1337106284087246,-0.1337106284087246,0.5853701549749027,11.666666666666666,11.666666666666666,9106.476075172424,151.77460125287374,3.3814468383789062,0.6805757903518712,0.3444666713349489,0.259837815135874,data_reupload/results/encoding_sweep/learnable_seasonal_cdf_tanh_a1/depth_4/seed_44,data_reupload/results/encoding_sweep/learnable_seasonal_cdf_tanh_a1/depth_4/seed_44/best_model.pt,data_reupload/results/encoding_sweep/learnable_seasonal_cdf_tanh_a1/depth_4/seed_44/predictions.npz,data_reupload/results/encoding_sweep/learnable_seasonal_cdf_tanh_a1/depth_4/seed_44/history.csv,data_reupload/results/encoding_sweep/learnable_seasonal_cdf_tanh_a1/depth_4/seed_44/metrics_by_split.csv,data_reupload/results/encoding_sweep/learnable_seasonal_cdf_tanh_a1/depth_4/seed_44/fft_summary_by_split.csv,data_reupload/results/encoding_sweep/learnable_seasonal_cdf_tanh_a1/depth_4/seed_44/fft_power_by_period.csv,data_reupload/results/encoding_sweep/learnable_seasonal_cdf_tanh_a1/depth_4/seed_44/config.json,data_reupload/results/encoding_sweep/learnable_seasonal_cdf_tanh_a1/depth_4/seed_44/encoding_metadata.json,data_reupload/results/encoding_sweep/learnable_seasonal_cdf_tanh_a1/depth_4/seed_44/learned_encoding_parameters.npz
4,learnable_seasonal_cdf,Learnable seasonal CDF,4,45,1,14,True,True,168,96,15,279,15,0.0682325007109929,31.72699328909238,24.92529420639314,0.8773101352471971,0.8692088681773497,0.837942024264386,0.7657970064984599,3.697526382686544,0.9036751594718508,45.712365222925854,31.031947808949184,0.7542448165011524,0.7514828099028956,0.6019356848490869,0.5590409011000166,-5.35328540670298,0.6926258257543324,53.72002378673565,44.94118930089477,0.620421418517393,0.6630624092888243,0.4960948223069381,0.3780388639417937,4.398186801668893,0.6725252774304357,0.96851427498342,0.4044275463617845,0.6080240611181208,0.2035965147563362,0.20359651475633628,1.503419009382232,0.3224819197485198,0.181024963007424,0.1414569567410958,-0.14145695674109582,0.5613491855561769,11.666666666666666,11.666666666666666,9099.413520336151,151.65689200560251,3.227767944335937,0.667289792694159,0.3515845772951841,0.2355791597177665,data_reupload/results/encoding_sweep/learnable_seasonal_cdf_tanh_a1/depth_4/seed_45,data_reupload/results/encoding_sweep/learnable_seasonal_cdf_tanh_a1/depth_4/seed_45/best_model.pt,data_reupload/results/encoding_sweep/learnable_seasonal_cdf_tanh_a1/depth_4/seed_45/predictions.npz,data_reupload/results/encoding_sweep/learnable_seasonal_cdf_tanh_a1/depth_4/seed_45/history.csv,data_reupload/results/encoding_sweep/learnable_seasonal_cdf_tanh_a1/depth_4/seed_45/metrics_by_split.csv,data_reupload/results/encoding_sweep/learnable_seasonal_cdf_tanh_a1/depth_4/seed_45/fft_summary_by_split.csv,data_reupload/results/encoding_sweep/learnable_seasonal_cdf_tanh_a1/depth_4/seed_45/fft_power_by_period.csv,data_reupload/results/encoding_sweep/learnable_seasonal_cdf_tanh_a1/depth_4/seed_45/config.json,data_reupload/results/encoding_sweep/learnable_seasonal_cdf_tanh_a1/depth_4/seed_45/encoding_metadata.json,data_reupload/results/encoding_sweep/learnable_seasonal_cdf_tanh_a1/depth_4/seed_45/learned_encoding_parameters.npz
4,learnable_seasonal_cdf,Learnable seasonal CDF,4,46,1,14,True,True,168,96,15,279,10,0.0750220494922387,34.46086670646211,27.11451010400636,0.8507962850832005,0.8589549768919396,0.7849335743400997,0.7236961093938321,0.7435971997358463,0.8453594453755101,47.93276818315224,36.03855233219893,0.7309643978923883,0.7238386842795905,0.5625330964357463,0.5151627890373108,-8.494760514130522,0.6683664675959126,55.15908513776881,45.86812377104418,0.5979362017910631,0.6371967654986522,0.4892648981450128,0.3442701343095307,4.724112393063417,0.6898476792851631,0.9596919429300196,0.4044275463617845,0.6760019661456448,0.2715744197838602,0.27157441978386027,1.6715032698116976,0.3224819197485198,0.1930228693912218,0.129459050357298,-0.12945905035729802,0.5985540818590583,11.666666666666666,11.666666666666666,9197.44246840477,153.29070780674616,3.3815460205078125,0.7156719104091508,0.3023555354467245,0.2392933558988221,data_reupload/results/encoding_sweep/learnable_seasonal_cdf_tanh_a1/depth_4/seed_46,data_reupload/results/encoding_sweep/learnable_seasonal_cdf_tanh_a1/depth_4/seed_46/best_model.pt,data_reupload/results/encoding_sweep/learnable_seasonal_cdf_tanh_a1/depth_4/seed_46/predictions.npz,data_reupload/results/encoding_sweep/learnable_seasonal_cdf_tanh_a1/depth_4/seed_46/history.csv,data_reupload/results/encoding_sweep/learnable_seasonal_cdf_tanh_a1/depth_4/seed_46/metrics_by_split.csv,data_reupload/results/encoding_sweep/learnable_seasonal_cdf_tanh_a1/depth_4/seed_46/fft_summary_by_split.csv,data_reupload/results/encoding_sweep/learnable_seasonal_cdf_tanh_a1/depth_4/seed_46/fft_power_by_period.csv,data_reupload/results/encoding_sweep/learnable_seasonal_cdf_tanh_a1/depth_4/seed_46/config.json,data_reupload/results/encoding_sweep/learnable_seasonal_cdf_tanh_a1/depth_4/seed_46/encoding_metadata.json,data_reupload/results/encoding_sweep/learnable_seasonal_cdf_tanh_a1/depth_4/seed_46/learned_encoding_parameters.npz
4,learnable_seasonal_cdf,Learnable seasonal CDF,5,42,1,14,True,True,210,120,15,345,6,0.0829898352157824,34.48253071897562,27.647042337064367,0.8539189066989762,0.8559588008298609,0.7690162063698665,0.7233486002894552,4.75867919051562,0.8302514081307819,50.41392370648547,36.63337159484313,0.6854513510963299,0.7640801329717435,0.5784823475867109,0.4636702074043481,-4.698967766300334,0.7243600192187887,55.426304472864246,45.646218207959954,0.5827470371412355,0.6361185983827492,0.3896770196329194,0.3379013507918351,-2.084206355795625,0.5552415715868941,0.9740954067175766,0.4044275463617845,0.6025102223911285,0.1980826760293439,0.19808267602934398,1.489785322021926,0.3224819197485198,0.2280225958971775,0.0944593238513423,-0.09445932385134231,0.7070864502264057,11.666666666666666,11.666666666666666,11386.053338766098,189.76755564610164,3.937934875488281,0.6928620828539711,0.3154952188292645,0.1742354843157566,data_reupload/results/encoding_sweep/learnable_seasonal_cdf_tanh_a1/depth_5/seed_42,data_reupload/results/encoding_sweep/learnable_seasonal_cdf_tanh_a1/depth_5/seed_42/best_model.pt,data_reupload/results/encoding_sweep/learnable_seasonal_cdf_tanh_a1/depth_5/seed_42/predictions.npz,data_reupload/results/encoding_sweep/learnable_seasonal_cdf_tanh_a1/depth_5/seed_42/history.csv,data_reupload/results/encoding_sweep/learnable_seasonal_cdf_tanh_a1/depth_5/seed_42/metrics_by_split.csv,data_reupload/results/encoding_sweep/learnable_seasonal_cdf_tanh_a1/depth_5/seed_42/fft_summary_by_split.csv,data_reupload/results/encoding_sweep/learnable_seasonal_cdf_tanh_a1/depth_5/seed_42/fft_power_by_period.csv,data_reupload/results/encoding_sweep/learnable_seasonal_cdf_tanh_a1/depth_5/seed_42/config.json,data_reupload/results/encoding_sweep/learnable_seasonal_cdf_tanh_a1/depth_5/seed_42/encoding_metadata.json,data_reupload/results/encoding_sweep/learnable_seasonal_cdf_tanh_a1/depth_5/seed_42/learned_encoding_parameters.npz
4,learnable_seasonal_cdf,Learnable seasonal CDF,5,43,1,14,True,True,210,120,15,345,8,0.0816414952219541,33.0504424508083,26.29878099419425,0.8780599353971025,0.8732882017695771,0.6943401335170374,0.745850555993497,-0.6580772726518168,0.7198261396966504,50.00270783839958,36.1759137260557,0.6941660179700163,0.7465138658035168,0.5467549488121718,0.4723839843067611,-6.552303815269241,0.6736071127905585,56.35457826776827,48.08636695980666,0.5716868180157895,0.6155815882230976,0.3269470771037384,0.3155381233351414,-3.970982017605423,0.4828656545450192,0.973179301674703,0.4044275463617845,0.5085135817203271,0.1040860353585426,0.1040860353585426,1.257366334946511,0.3224819197485198,0.2847861312634238,0.037695788485096,-0.03769578848509603,0.8831072808221552,11.666666666666666,11.666666666666666,11430.794587135317,190.51324311892193,3.9429664611816406,0.6769006975494143,0.3477168532341151,0.2309470427696317,data_reupload/results/encoding_sweep/learnable_seasonal_cdf_tanh_a1/depth_5/seed_43,data_reupload/results/encoding_sweep/learnable_seasonal_cdf_tanh_a1/depth_5/seed_43/best_model.pt,data_reupload/results/encoding_sweep/learnable_seasonal_cdf_tanh_a1/depth_5/seed_43/predictions.npz,data_reupload/results/encoding_sweep/learnable_seasonal_cdf_tanh_a1/depth_5/seed_43/history.csv,data_reupload/results/encoding_sweep/learnable_seasonal_cdf_tanh_a1/depth_5/seed_43/metrics_by_split.csv,data_reupload/results/encoding_sweep/learnable_seasonal_cdf_tanh_a1/depth_5/seed_43/fft_summary_by_split.csv,data_reupload/results/encoding_sweep/learnable_seasonal_cdf_tanh_a1/depth_5/seed_43/fft_power_by_period.csv,data_reupload/results/encoding_sweep/learnable_seasonal_cdf_tanh_a1/depth_5/seed_43/config.json,data_reupload/results/encoding_sweep/learnable_seasonal_cdf_tanh_a1/depth_5/seed_43/encoding_metadata.json,data_reupload/results/encoding_sweep/learnable_seasonal_cdf_tanh_a1/depth_5/seed_43/learned_encoding_parameters.npz
4,learnable_seasonal_cdf,Learnable seasonal CDF,5,44,1,14,True,True,210,120,15,345,16,0.0664366525349228,28.409836301997853,22.309761878491656,0.9044675749484062,0.8958517445623463,0.8308987134958973,0.8122101690689676,4.516065009549693,0.8712076880807279,45.10678977584209,32.9826688924757,0.759664539294275,0.7875251509054325,0.6378444097470217,0.5706467426744775,-5.27094581363236,0.7355682780131848,57.82661831225481,48.37077682500152,0.5311407747257807,0.5566037735849055,0.37211831826967,0.2793134006078903,-0.86010906401024,0.5824991405613487,0.975176940087618,0.4044275463617845,0.5236600360447856,0.1192324896830011,0.1192324896830011,1.2948179241389768,0.3224819197485198,0.2845608680510285,0.0379210516974913,-0.037921051697491326,0.8824087510795545,11.666666666666666,11.666666666666666,11698.771700382233,194.97952833970388,4.098228454589844,0.6086652894280622,0.4092827530152611,0.2095643180325257,data_reupload/results/encoding_sweep/learnable_seasonal_cdf_tanh_a1/depth_5/seed_44,data_reupload/results/encoding_sweep/learnable_seasonal_cdf_tanh_a1/depth_5/seed_44/best_model.pt,data_reupload/results/encoding_sweep/learnable_seasonal_cdf_tanh_a1/depth_5/seed_44/predictions.npz,data_reupload/results/encoding_sweep/learnable_seasonal_cdf_tanh_a1/depth_5/seed_44/history.csv,data_reupload/results/encoding_sweep/learnable_seasonal_cdf_tanh_a1/depth_5/seed_44/metrics_by_split.csv,data_reupload/results/encoding_sweep/learnable_seasonal_cdf_tanh_a1/depth_5/seed_44/fft_summary_by_split.csv,data_reupload/results/encoding_sweep/learnable_seasonal_cdf_tanh_a1/depth_5/seed_44/fft_power_by_period.csv,data_reupload/results/encoding_sweep/learnable_seasonal_cdf_tanh_a1/depth_5/seed_44/config.json,data_reupload/results/encoding_sweep/learnable_seasonal_cdf_tanh_a1/depth_5/seed_44/encoding_metadata.json,data_reupload/results/encoding_sweep/learnable_seasonal_cdf_tanh_a1/depth_5/seed_44/learned_encoding_parameters.npz
4,learnable_seasonal_cdf,Learnable seasonal CDF,5,45,1,14,True,True,210,120,15,345,10,0.0670740842886768,30.11289901433099,23.96527312904353,0.8915237668684172,0.8869494211614556,0.7905466374176402,0.7890207501992725,2.118021613480969,0.8226025847274433,45.32266355081889,33.936496064995794,0.7646170212077074,0.8033067973055725,0.5995099477827885,0.5665272786534219,-7.580990800073,0.6872601395705538,53.61545076095728,44.10093232739844,0.6193832817517356,0.6568940493468796,0.4505548997472166,0.3804579638813821,-3.731870552701142,0.6061112515816344,0.9717004599835596,0.4044275463617845,0.6128667777463459,0.2084392313845613,0.20843923138456139,1.5153932595830157,0.3224819197485198,0.2319679087223519,0.0905140110261679,-0.0905140110261679,0.7193206642507177,11.666666666666666,11.666666666666666,10983.335143089294,183.0555857181549,4.078125,0.618294305666732,0.3888206805374865,0.2141779825845292,data_reupload/results/encoding_sweep/learnable_seasonal_cdf_tanh_a1/depth_5/seed_45,data_reupload/results/encoding_sweep/learnable_seasonal_cdf_tanh_a1/depth_5/seed_45/best_model.pt,data_reupload/results/encoding_sweep/learnable_seasonal_cdf_tanh_a1/depth_5/seed_45/predictions.npz,data_reupload/results/encoding_sweep/learnable_seasonal_cdf_tanh_a1/depth_5/seed_45/history.csv,data_reupload/results/encoding_sweep/learnable_seasonal_cdf_tanh_a1/depth_5/seed_45/metrics_by_split.csv,data_reupload/results/encoding_sweep/learnable_seasonal_cdf_tanh_a1/depth_5/seed_45/fft_summary_by_split.csv,data_reupload/results/encoding_sweep/learnable_seasonal_cdf_tanh_a1/depth_5/seed_45/fft_power_by_period.csv,data_reupload/results/encoding_sweep/learnable_seasonal_cdf_tanh_a1/depth_5/seed_45/config.json,data_reupload/results/encoding_sweep/learnable_seasonal_cdf_tanh_a1/depth_5/seed_45/encoding_metadata.json,data_reupload/results/encoding_sweep/learnable_seasonal_cdf_tanh_a1/depth_5/seed_45/learned_encoding_parameters.npz
4,learnable_seasonal_cdf,Learnable seasonal CDF,5,46,1,14,True,True,210,120,15,345,11,0.0754478861345509,31.31211540668773,25.025201073244915,0.883947197918684,0.8804084931305561,0.7970558219975398,0.771882067763544,5.967511470038873,0.8493779205535602,48.06861255404219,33.70057117632858,0.717352083212395,0.7746128947598634,0.6296512937613075,0.5124107787765712,-1.142049272613196,0.7610327362303937,54.15100182685432,44.91413006367442,0.6136406287902697,0.6503939456769645,0.4698353132336986,0.3680192542227263,5.953589821050392,0.6435797851880708,0.9698474926569284,0.4044275463617845,0.6081395643889685,0.203712018027184,0.20371201802718403,1.5037046063250883,0.3224819197485198,0.2202628038664914,0.1022191158820284,-0.1022191158820284,0.683023730565293,11.666666666666666,11.666666666666666,10820.50305056572,180.34171750942866,3.929023742675781,0.6721208949084996,0.3524761732977334,0.2853955806445712,data_reupload/results/encoding_sweep/learnable_seasonal_cdf_tanh_a1/depth_5/seed_46,data_reupload/results/encoding_sweep/learnable_seasonal_cdf_tanh_a1/depth_5/seed_46/best_model.pt,data_reupload/results/encoding_sweep/learnable_seasonal_cdf_tanh_a1/depth_5/seed_46/predictions.npz,data_reupload/results/encoding_sweep/learnable_seasonal_cdf_tanh_a1/depth_5/seed_46/history.csv,data_reupload/results/encoding_sweep/learnable_seasonal_cdf_tanh_a1/depth_5/seed_46/metrics_by_split.csv,data_reupload/results/encoding_sweep/learnable_seasonal_cdf_tanh_a1/depth_5/seed_46/fft_summary_by_split.csv,data_reupload/results/encoding_sweep/learnable_seasonal_cdf_tanh_a1/depth_5/seed_46/fft_power_by_period.csv,data_reupload/results/encoding_sweep/learnable_seasonal_cdf_tanh_a1/depth_5/seed_46/config.json,data_reupload/results/encoding_sweep/learnable_seasonal_cdf_tanh_a1/depth_5/seed_46/encoding_metadata.json,data_reupload/results/encoding_sweep/learnable_seasonal_cdf_tanh_a1/depth_5/seed_46/learned_encoding_parameters.npz
4,learnable_seasonal_cdf,Learnable seasonal CDF,6,42,1,14,True,True,252,144,15,411,15,0.0691378716578141,27.94778392328812,22.58502546104901,0.9090101404512028,0.8999593466069111,0.8079568707104401,0.8182688553440636,3.381124609134843,0.8357248675403978,46.014642446948976,34.486495021665725,0.7595955140335617,0.7642900883562243,0.5471649555890654,0.5531898542715927,-4.440450774867435,0.6194719539563609,57.173484614985725,47.06121713153384,0.5501871884343489,0.6406386066763424,0.4191063078906319,0.2955013253098669,1.338776751159981,0.63276038383545,0.9728109818701608,0.4044275463617845,0.4495374115489449,0.0451098651871603,0.04510986518716037,1.1115400412087828,0.3224819197485198,0.3067497623908857,0.0157321573576341,-0.015732157357634113,0.9512153817184464,11.666666666666666,11.666666666666666,13286.987516880035,221.44979194800058,4.7813873291015625,0.592651077738516,0.4240436079336834,0.2487930591060835,data_reupload/results/encoding_sweep/learnable_seasonal_cdf_tanh_a1/depth_6/seed_42,data_reupload/results/encoding_sweep/learnable_seasonal_cdf_tanh_a1/depth_6/seed_42/best_model.pt,data_reupload/results/encoding_sweep/learnable_seasonal_cdf_tanh_a1/depth_6/seed_42/predictions.npz,data_reupload/results/encoding_sweep/learnable_seasonal_cdf_tanh_a1/depth_6/seed_42/history.csv,data_reupload/results/encoding_sweep/learnable_seasonal_cdf_tanh_a1/depth_6/seed_42/metrics_by_split.csv,data_reupload/results/encoding_sweep/learnable_seasonal_cdf_tanh_a1/depth_6/seed_42/fft_summary_by_split.csv,data_reupload/results/encoding_sweep/learnable_seasonal_cdf_tanh_a1/depth_6/seed_42/fft_power_by_period.csv,data_reupload/results/encoding_sweep/learnable_seasonal_cdf_tanh_a1/depth_6/seed_42/config.json,data_reupload/results/encoding_sweep/learnable_seasonal_cdf_tanh_a1/depth_6/seed_42/encoding_metadata.json,data_reupload/results/encoding_sweep/learnable_seasonal_cdf_tanh_a1/depth_6/seed_42/learned_encoding_parameters.npz
4,learnable_seasonal_cdf,Learnable seasonal CDF,6,43,1,14,True,True,252,144,15,411,9,0.0780532799917086,31.0100652852968,24.65105819340651,0.8896959828537419,0.886568216883403,0.7419271521778024,0.7762618877802768,1.0243364402576107,0.7670056211499328,48.89152993869264,36.00569183019695,0.7179833897783793,0.7544221852856268,0.5348426420784379,0.4955731703706002,-8.168962979412669,0.6415310293838626,57.813631115669246,48.93673198974372,0.530945487808189,0.5797739995853204,0.3618637165011884,0.2796370801788371,-2.0378255102874943,0.5679728711356486,0.974633726182096,0.4044275463617845,0.5210716888697706,0.1166441425079861,0.1166441425079861,1.2884178972409583,0.3224819197485198,0.24858404588286,0.0738978738656598,-0.0738978738656598,0.7708464588548487,11.666666666666666,11.666666666666666,13539.362545490265,225.65604242483775,4.612964630126953,0.5629387403591805,0.4385087562221612,0.217895108496075,data_reupload/results/encoding_sweep/learnable_seasonal_cdf_tanh_a1/depth_6/seed_43,data_reupload/results/encoding_sweep/learnable_seasonal_cdf_tanh_a1/depth_6/seed_43/best_model.pt,data_reupload/results/encoding_sweep/learnable_seasonal_cdf_tanh_a1/depth_6/seed_43/predictions.npz,data_reupload/results/encoding_sweep/learnable_seasonal_cdf_tanh_a1/depth_6/seed_43/history.csv,data_reupload/results/encoding_sweep/learnable_seasonal_cdf_tanh_a1/depth_6/seed_43/metrics_by_split.csv,data_reupload/results/encoding_sweep/learnable_seasonal_cdf_tanh_a1/depth_6/seed_43/fft_summary_by_split.csv,data_reupload/results/encoding_sweep/learnable_seasonal_cdf_tanh_a1/depth_6/seed_43/fft_power_by_period.csv,data_reupload/results/encoding_sweep/learnable_seasonal_cdf_tanh_a1/depth_6/seed_43/config.json,data_reupload/results/encoding_sweep/learnable_seasonal_cdf_tanh_a1/depth_6/seed_43/encoding_metadata.json,data_reupload/results/encoding_sweep/learnable_seasonal_cdf_tanh_a1/depth_6/seed_43/learned_encoding_parameters.npz
4,learnable_seasonal_cdf,Learnable seasonal CDF,6,44,1,14,True,True,252,144,15,411,10,0.0685367308030423,31.74592887159849,24.990475243190907,0.8810399518871771,0.8825109942588453,0.747771275326736,0.7655173649033419,0.2610998132849333,0.777607992169245,45.81416135697752,32.20912190757706,0.7529787500756498,0.77370308809378,0.5995079410581525,0.5570747848672764,-5.328334163671585,0.6904406574439939,53.70667951855332,44.45182600342781,0.6176046034122211,0.6485589881816297,0.4725444839935269,0.3783478208180086,3.4939949956307754,0.6389713322676642,0.9705244794916212,0.4044275463617845,0.5496115924770409,0.1451840461152564,0.14518404611525643,1.3589865413998794,0.3224819197485198,0.2536145699988888,0.068867349749631,-0.06886734974963099,0.786445857791545,11.666666666666666,11.666666666666666,12775.37511253357,212.92291854222614,4.617897033691406,0.6455798706164564,0.3733763344632077,0.2615797412477858,data_reupload/results/encoding_sweep/learnable_seasonal_cdf_tanh_a1/depth_6/seed_44,data_reupload/results/encoding_sweep/learnable_seasonal_cdf_tanh_a1/depth_6/seed_44/best_model.pt,data_reupload/results/encoding_sweep/learnable_seasonal_cdf_tanh_a1/depth_6/seed_44/predictions.npz,data_reupload/results/encoding_sweep/learnable_seasonal_cdf_tanh_a1/depth_6/seed_44/history.csv,data_reupload/results/encoding_sweep/learnable_seasonal_cdf_tanh_a1/depth_6/seed_44/metrics_by_split.csv,data_reupload/results/encoding_sweep/learnable_seasonal_cdf_tanh_a1/depth_6/seed_44/fft_summary_by_split.csv,data_reupload/results/encoding_sweep/learnable_seasonal_cdf_tanh_a1/depth_6/seed_44/fft_power_by_period.csv,data_reupload/results/encoding_sweep/learnable_seasonal_cdf_tanh_a1/depth_6/seed_44/config.json,data_reupload/results/encoding_sweep/learnable_seasonal_cdf_tanh_a1/depth_6/seed_44/encoding_metadata.json,data_reupload/results/encoding_sweep/learnable_seasonal_cdf_tanh_a1/depth_6/seed_44/learned_encoding_parameters.npz
4,learnable_seasonal_cdf,Learnable seasonal CDF,6,45,1,14,True,True,252,144,15,411,9,0.0699459908545408,31.12068763800997,24.65708256653024,0.8821483893172555,0.8742518481200429,0.7878901761564867,0.7746627565103713,0.7343072344287183,0.8238597230479513,46.28278265100656,33.98841703847071,0.7596406798043978,0.7788469950135596,0.5785857089609021,0.5479673062324737,-10.104381637938925,0.6727990860848437,54.97412756943753,44.87468337676792,0.5929310753680431,0.6148144308521667,0.4097024579571069,0.3486603036338171,-3.448517774191677,0.5743861545169167,0.9733557289648934,0.4044275463617845,0.5499675797036185,0.145540033341834,0.14554003334183402,1.3598667663741177,0.3224819197485198,0.281223283370311,0.0412586363782088,-0.04125863637820881,0.8720590710623919,11.666666666666666,11.666666666666666,14401.29692864418,240.021615477403,4.615386962890625,0.6139304440712563,0.3944439345757011,0.2679127328712922,data_reupload/results/encoding_sweep/learnable_seasonal_cdf_tanh_a1/depth_6/seed_45,data_reupload/results/encoding_sweep/learnable_seasonal_cdf_tanh_a1/depth_6/seed_45/best_model.pt,data_reupload/results/encoding_sweep/learnable_seasonal_cdf_tanh_a1/depth_6/seed_45/predictions.npz,data_reupload/results/encoding_sweep/learnable_seasonal_cdf_tanh_a1/depth_6/seed_45/history.csv,data_reupload/results/encoding_sweep/learnable_seasonal_cdf_tanh_a1/depth_6/seed_45/metrics_by_split.csv,data_reupload/results/encoding_sweep/learnable_seasonal_cdf_tanh_a1/depth_6/seed_45/fft_summary_by_split.csv,data_reupload/results/encoding_sweep/learnable_seasonal_cdf_tanh_a1/depth_6/seed_45/fft_power_by_period.csv,data_reupload/results/encoding_sweep/learnable_seasonal_cdf_tanh_a1/depth_6/seed_45/config.json,data_reupload/results/encoding_sweep/learnable_seasonal_cdf_tanh_a1/depth_6/seed_45/encoding_metadata.json,data_reupload/results/encoding_sweep/learnable_seasonal_cdf_tanh_a1/depth_6/seed_45/learned_encoding_parameters.npz
4,learnable_seasonal_cdf,Learnable seasonal CDF,6,46,1,14,True,True,252,144,15,411,9,0.090666034417995,33.81032624096549,27.141840351279047,0.8678137752543122,0.8641504945229873,0.6994769407179584,0.7340295849396128,-0.8226137457469508,0.7302866163727818,52.6939019626664,39.182769042509655,0.6566632322020616,0.720514390691978,0.487342632246954,0.4140620317122168,-8.857395624122926,0.6323930480440715,54.84651266121287,46.20759244852728,0.6104945999512597,0.650611652498445,0.3536579434564876,0.3516807855454537,-5.266205148354502,0.4878331646013945,0.966897643370482,0.4044275463617845,0.6615091823906851,0.2570816360289006,0.2570816360289006,1.6356679665903018,0.3224819197485198,0.1675210096565035,0.1549609100920163,-0.15496091009201632,0.5194741143538867,11.666666666666666,11.666666666666666,14201.395612239838,236.68992687066395,4.596305847167969,0.7050406993583829,0.3252652249037893,0.2248488117735923,data_reupload/results/encoding_sweep/learnable_seasonal_cdf_tanh_a1/depth_6/seed_46,data_reupload/results/encoding_sweep/learnable_seasonal_cdf_tanh_a1/depth_6/seed_46/best_model.pt,data_reupload/results/encoding_sweep/learnable_seasonal_cdf_tanh_a1/depth_6/seed_46/predictions.npz,data_reupload/results/encoding_sweep/learnable_seasonal_cdf_tanh_a1/depth_6/seed_46/history.csv,data_reupload/results/encoding_sweep/learnable_seasonal_cdf_tanh_a1/depth_6/seed_46/metrics_by_split.csv,data_reupload/results/encoding_sweep/learnable_seasonal_cdf_tanh_a1/depth_6/seed_46/fft_summary_by_split.csv,data_reupload/results/encoding_sweep/learnable_seasonal_cdf_tanh_a1/depth_6/seed_46/fft_power_by_period.csv,data_reupload/results/encoding_sweep/learnable_seasonal_cdf_tanh_a1/depth_6/seed_46/config.json,data_reupload/results/encoding_sweep/learnable_seasonal_cdf_tanh_a1/depth_6/seed_46/encoding_metadata.json,data_reupload/results/encoding_sweep/learnable_seasonal_cdf_tanh_a1/depth_6/seed_46/learned_encoding_parameters.npz
5,learnable_seasonal_cdf_rz,Learnable polar-azimuth seasonal CDF,1,42,1,14,True,True,42,36,15,93,27,0.0654061824451931,39.71980147854392,30.66309556450489,0.7962872979654936,0.8155024472502983,0.7215125425411691,0.6329301226363017,1.977266962989612,0.811574786821861,44.75560677037056,30.77226228260199,0.7663383538003034,0.7679293150205582,0.6508210152091591,0.5773062547468146,-6.80079264910153,0.7519087355545783,56.18998550192246,44.55179744300749,0.5952375617438151,0.6355587808417997,0.53179076876642,0.3195304504738686,4.391001894987547,0.770228572999285,0.9576567697304356,0.4044275463617845,0.6981181558774058,0.2936906095156212,0.29369060951562126,1.726188441310814,0.3224819197485198,0.2003629307783814,0.1221189889701384,-0.1221189889701384,0.6213152381833682,11.666666666666666,11.666666666666666,2622.208941221237,43.703482353687285,1.206317901611328,0.6358499735084752,0.463498057887576,0.6447418367793023,data_reupload/results/encoding_sweep/learnable_seasonal_cdf_rz_tanh_a1/depth_1/seed_42,data_reupload/results/encoding_sweep/learnable_seasonal_cdf_rz_tanh_a1/depth_1/seed_42/best_model.pt,data_reupload/results/encoding_sweep/learnable_seasonal_cdf_rz_tanh_a1/depth_1/seed_42/predictions.npz,data_reupload/results/encoding_sweep/learnable_seasonal_cdf_rz_tanh_a1/depth_1/seed_42/history.csv,data_reupload/results/encoding_sweep/learnable_seasonal_cdf_rz_tanh_a1/depth_1/seed_42/metrics_by_split.csv,data_reupload/results/encoding_sweep/learnable_seasonal_cdf_rz_tanh_a1/depth_1/seed_42/fft_summary_by_split.csv,data_reupload/results/encoding_sweep/learnable_seasonal_cdf_rz_tanh_a1/depth_1/seed_42/fft_power_by_period.csv,data_reupload/results/encoding_sweep/learnable_seasonal_cdf_rz_tanh_a1/depth_1/seed_42/config.json,data_reupload/results/encoding_sweep/learnable_seasonal_cdf_rz_tanh_a1/depth_1/seed_42/encoding_metadata.json,data_reupload/results/encoding_sweep/learnable_seasonal_cdf_rz_tanh_a1/depth_1/seed_42/learned_encoding_parameters.npz
5,learnable_seasonal_cdf_rz,Learnable polar-azimuth seasonal CDF,1,43,1,14,True,True,42,36,15,93,35,0.0854597952448402,39.27828133213932,30.59999188469481,0.8009100736985775,0.8106276785932947,0.704670023186521,0.6410453685562629,0.4708509731668505,0.7819365343705743,51.158637876444985,37.12176583121174,0.6848051953286383,0.7221590412037442,0.5467590672859595,0.4477078531393987,-10.014386914589831,0.6941424476373838,55.8347241562781,45.295943005908754,0.5862366606299367,0.6220920588845117,0.4942569653918488,0.3281077907399077,-1.2856840025919851,0.7095629670928641,0.9595473570454146,0.4044275463617845,0.7238304663240791,0.3194029199622946,0.3194029199622946,1.7897654915834285,0.3224819197485198,0.1555629294956937,0.166918990252826,-0.1669189902528261,0.48239271713901327,11.666666666666666,11.666666666666666,2932.454253673553,48.87423756122588,1.194904327392578,0.5751310157911743,0.4726162189039979,0.808208476768541,data_reupload/results/encoding_sweep/learnable_seasonal_cdf_rz_tanh_a1/depth_1/seed_43,data_reupload/results/encoding_sweep/learnable_seasonal_cdf_rz_tanh_a1/depth_1/seed_43/best_model.pt,data_reupload/results/encoding_sweep/learnable_seasonal_cdf_rz_tanh_a1/depth_1/seed_43/predictions.npz,data_reupload/results/encoding_sweep/learnable_seasonal_cdf_rz_tanh_a1/depth_1/seed_43/history.csv,data_reupload/results/encoding_sweep/learnable_seasonal_cdf_rz_tanh_a1/depth_1/seed_43/metrics_by_split.csv,data_reupload/results/encoding_sweep/learnable_seasonal_cdf_rz_tanh_a1/depth_1/seed_43/fft_summary_by_split.csv,data_reupload/results/encoding_sweep/learnable_seasonal_cdf_rz_tanh_a1/depth_1/seed_43/fft_power_by_period.csv,data_reupload/results/encoding_sweep/learnable_seasonal_cdf_rz_tanh_a1/depth_1/seed_43/config.json,data_reupload/results/encoding_sweep/learnable_seasonal_cdf_rz_tanh_a1/depth_1/seed_43/encoding_metadata.json,data_reupload/results/encoding_sweep/learnable_seasonal_cdf_rz_tanh_a1/depth_1/seed_43/learned_encoding_parameters.npz
5,learnable_seasonal_cdf_rz,Learnable polar-azimuth seasonal CDF,1,44,1,14,True,True,42,36,15,93,57,0.0678128431356291,38.61609437842254,29.85988858902448,0.8169397518309057,0.8303744520363432,0.7607829713798833,0.6530464761514545,7.0204160733016,0.8705756049470589,45.57157360711436,32.5739772414826,0.7539174488351461,0.7542822150293063,0.6399034097507736,0.561752978546259,-5.571945668668915,0.7445910386650841,53.07689445160421,44.44262065651455,0.6338853650532016,0.6659236989425669,0.526717153987138,0.3928418011138257,4.315620277899388,0.7042760994732735,0.9670880939588868,0.4044275463617845,0.6723118269205237,0.2678842805587392,0.2678842805587392,1.6623789179758313,0.3224819197485198,0.1901297171280812,0.1323522026204386,-0.13235220262043862,0.5895825641212677,11.666666666666666,11.666666666666666,2941.582106590271,49.02636844317119,1.1858253479003906,0.5125356529160982,0.52387418005733,0.7813085076794893,data_reupload/results/encoding_sweep/learnable_seasonal_cdf_rz_tanh_a1/depth_1/seed_44,data_reupload/results/encoding_sweep/learnable_seasonal_cdf_rz_tanh_a1/depth_1/seed_44/best_model.pt,data_reupload/results/encoding_sweep/learnable_seasonal_cdf_rz_tanh_a1/depth_1/seed_44/predictions.npz,data_reupload/results/encoding_sweep/learnable_seasonal_cdf_rz_tanh_a1/depth_1/seed_44/history.csv,data_reupload/results/encoding_sweep/learnable_seasonal_cdf_rz_tanh_a1/depth_1/seed_44/metrics_by_split.csv,data_reupload/results/encoding_sweep/learnable_seasonal_cdf_rz_tanh_a1/depth_1/seed_44/fft_summary_by_split.csv,data_reupload/results/encoding_sweep/learnable_seasonal_cdf_rz_tanh_a1/depth_1/seed_44/fft_power_by_period.csv,data_reupload/results/encoding_sweep/learnable_seasonal_cdf_rz_tanh_a1/depth_1/seed_44/config.json,data_reupload/results/encoding_sweep/learnable_seasonal_cdf_rz_tanh_a1/depth_1/seed_44/encoding_metadata.json,data_reupload/results/encoding_sweep/learnable_seasonal_cdf_rz_tanh_a1/depth_1/seed_44/learned_encoding_parameters.npz
5,learnable_seasonal_cdf_rz,Learnable polar-azimuth seasonal CDF,1,45,1,14,True,True,42,36,15,93,37,0.0719366827021602,39.2895708555828,29.915808855298422,0.8006581253048382,0.8161864878197255,0.7091963590245849,0.6408389945005832,0.5212360108324229,0.7883607049169898,46.9367756429184,32.157910037419114,0.7460931449888882,0.7567666870789956,0.619653420751916,0.5351022686892671,-10.098224286378557,0.740282060108903,55.81725069541288,45.5424558319017,0.5917256030155528,0.6244142649803027,0.5102116581020479,0.3285282618837186,3.048297690305723,0.7317551528355767,0.963003619836667,0.4044275463617845,0.6692642545691098,0.2648367082073252,0.26483670820732524,1.6548433967710325,0.3224819197485198,0.2108702423069137,0.1116116774416061,-0.1116116774416061,0.6538978757982962,11.666666666666666,11.666666666666666,3088.649973630905,51.477499560515085,1.2058143615722656,0.5096627166995593,0.5112257240447872,0.7059987450981992,data_reupload/results/encoding_sweep/learnable_seasonal_cdf_rz_tanh_a1/depth_1/seed_45,data_reupload/results/encoding_sweep/learnable_seasonal_cdf_rz_tanh_a1/depth_1/seed_45/best_model.pt,data_reupload/results/encoding_sweep/learnable_seasonal_cdf_rz_tanh_a1/depth_1/seed_45/predictions.npz,data_reupload/results/encoding_sweep/learnable_seasonal_cdf_rz_tanh_a1/depth_1/seed_45/history.csv,data_reupload/results/encoding_sweep/learnable_seasonal_cdf_rz_tanh_a1/depth_1/seed_45/metrics_by_split.csv,data_reupload/results/encoding_sweep/learnable_seasonal_cdf_rz_tanh_a1/depth_1/seed_45/fft_summary_by_split.csv,data_reupload/results/encoding_sweep/learnable_seasonal_cdf_rz_tanh_a1/depth_1/seed_45/fft_power_by_period.csv,data_reupload/results/encoding_sweep/learnable_seasonal_cdf_rz_tanh_a1/depth_1/seed_45/config.json,data_reupload/results/encoding_sweep/learnable_seasonal_cdf_rz_tanh_a1/depth_1/seed_45/encoding_metadata.json,data_reupload/results/encoding_sweep/learnable_seasonal_cdf_rz_tanh_a1/depth_1/seed_45/learned_encoding_parameters.npz
5,learnable_seasonal_cdf_rz,Learnable polar-azimuth seasonal CDF,1,46,1,14,True,True,42,36,15,93,15,0.0697698727032757,40.074556478836186,30.42425834611219,0.7916028437775502,0.8113850492073988,0.7048248858802144,0.6263439165103,1.1185385710533644,0.7913802108550998,46.22447783953669,33.152342728868646,0.7532596299630331,0.7600559881025281,0.6076634541988752,0.5491054867252385,-8.855465399115309,0.7114712190515937,56.23222195362938,45.32811774572624,0.5891867134793615,0.628322620775451,0.514475468283614,0.3185070858734881,4.314219516733474,0.746102306535537,0.9627967966057572,0.4044275463617845,0.6827746990171788,0.2783471526553943,0.2783471526553943,1.6882497375843835,0.3224819197485198,0.1945212055756248,0.127960714172895,-0.127960714172895,0.6032003460141819,11.666666666666666,11.666666666666666,2965.3213198184967,49.42202199697495,1.0768165588378906,0.6098097273685517,0.3941797991990814,0.6254789312798195,data_reupload/results/encoding_sweep/learnable_seasonal_cdf_rz_tanh_a1/depth_1/seed_46,data_reupload/results/encoding_sweep/learnable_seasonal_cdf_rz_tanh_a1/depth_1/seed_46/best_model.pt,data_reupload/results/encoding_sweep/learnable_seasonal_cdf_rz_tanh_a1/depth_1/seed_46/predictions.npz,data_reupload/results/encoding_sweep/learnable_seasonal_cdf_rz_tanh_a1/depth_1/seed_46/history.csv,data_reupload/results/encoding_sweep/learnable_seasonal_cdf_rz_tanh_a1/depth_1/seed_46/metrics_by_split.csv,data_reupload/results/encoding_sweep/learnable_seasonal_cdf_rz_tanh_a1/depth_1/seed_46/fft_summary_by_split.csv,data_reupload/results/encoding_sweep/learnable_seasonal_cdf_rz_tanh_a1/depth_1/seed_46/fft_power_by_period.csv,data_reupload/results/encoding_sweep/learnable_seasonal_cdf_rz_tanh_a1/depth_1/seed_46/config.json,data_reupload/results/encoding_sweep/learnable_seasonal_cdf_rz_tanh_a1/depth_1/seed_46/encoding_metadata.json,data_reupload/results/encoding_sweep/learnable_seasonal_cdf_rz_tanh_a1/depth_1/seed_46/learned_encoding_parameters.npz
5,learnable_seasonal_cdf_rz,Learnable polar-azimuth seasonal CDF,2,42,1,14,True,True,84,72,15,171,19,0.0646353995425513,33.49323182014178,26.02575921003,0.8603590552928997,0.8620188852853609,0.7859427367181048,0.7389950648977595,1.826063626126717,0.839221188954464,44.491112719178375,31.89849455972092,0.7749634708859651,0.7802117050126848,0.6060480857803382,0.5822875133941567,-7.029207370286458,0.6863392885438517,51.659206654670186,41.85062070685184,0.6540862746394983,0.6696143479162348,0.4847915112935579,0.4248431186766351,-2.8902783006364032,0.6196576365602018,0.9651425782541776,0.4044275463617845,0.5874576256041207,0.1830300792423362,0.18303007924233622,1.4525658078656316,0.3224819197485198,0.2370557421724604,0.0854261775760594,-0.08542617757605941,0.735097776512007,11.666666666666666,11.666666666666666,5621.6115193367,93.69352532227835,1.9262466430664065,0.6905541484313255,0.3980969729857572,0.2335636344870637,data_reupload/results/encoding_sweep/learnable_seasonal_cdf_rz_tanh_a1/depth_2/seed_42,data_reupload/results/encoding_sweep/learnable_seasonal_cdf_rz_tanh_a1/depth_2/seed_42/best_model.pt,data_reupload/results/encoding_sweep/learnable_seasonal_cdf_rz_tanh_a1/depth_2/seed_42/predictions.npz,data_reupload/results/encoding_sweep/learnable_seasonal_cdf_rz_tanh_a1/depth_2/seed_42/history.csv,data_reupload/results/encoding_sweep/learnable_seasonal_cdf_rz_tanh_a1/depth_2/seed_42/metrics_by_split.csv,data_reupload/results/encoding_sweep/learnable_seasonal_cdf_rz_tanh_a1/depth_2/seed_42/fft_summary_by_split.csv,data_reupload/results/encoding_sweep/learnable_seasonal_cdf_rz_tanh_a1/depth_2/seed_42/fft_power_by_period.csv,data_reupload/results/encoding_sweep/learnable_seasonal_cdf_rz_tanh_a1/depth_2/seed_42/config.json,data_reupload/results/encoding_sweep/learnable_seasonal_cdf_rz_tanh_a1/depth_2/seed_42/encoding_metadata.json,data_reupload/results/encoding_sweep/learnable_seasonal_cdf_rz_tanh_a1/depth_2/seed_42/learned_encoding_parameters.npz
5,learnable_seasonal_cdf_rz,Learnable polar-azimuth seasonal CDF,2,43,1,14,True,True,84,72,15,171,18,0.0631003374027529,36.10616665907219,28.106315204054408,0.8366172190233525,0.8454099100517439,0.7271207363321833,0.6966825660724758,1.010165664563445,0.7817684841250521,43.95961593280029,31.77207028421944,0.7776417559964858,0.7754527162977868,0.6196479704131064,0.5922080001250782,-5.359628408627923,0.6972867999148331,52.93023415132662,42.61315604941322,0.63267926515245,0.6816918930126478,0.5198047140307427,0.3961925238798466,1.7329159797146667,0.6913590547385812,0.9622667853766804,0.4044275463617845,0.6582245361833209,0.2537969898215363,0.25379698982153637,1.6275462492718036,0.3224819197485198,0.2330265316044182,0.0894553881441016,-0.08945538814410162,0.7226033998623508,11.666666666666666,11.666666666666666,5457.41486287117,90.95691438118617,1.7334976196289062,0.7436911443995523,0.3791280848746458,0.3818039471596153,data_reupload/results/encoding_sweep/learnable_seasonal_cdf_rz_tanh_a1/depth_2/seed_43,data_reupload/results/encoding_sweep/learnable_seasonal_cdf_rz_tanh_a1/depth_2/seed_43/best_model.pt,data_reupload/results/encoding_sweep/learnable_seasonal_cdf_rz_tanh_a1/depth_2/seed_43/predictions.npz,data_reupload/results/encoding_sweep/learnable_seasonal_cdf_rz_tanh_a1/depth_2/seed_43/history.csv,data_reupload/results/encoding_sweep/learnable_seasonal_cdf_rz_tanh_a1/depth_2/seed_43/metrics_by_split.csv,data_reupload/results/encoding_sweep/learnable_seasonal_cdf_rz_tanh_a1/depth_2/seed_43/fft_summary_by_split.csv,data_reupload/results/encoding_sweep/learnable_seasonal_cdf_rz_tanh_a1/depth_2/seed_43/fft_power_by_period.csv,data_reupload/results/encoding_sweep/learnable_seasonal_cdf_rz_tanh_a1/depth_2/seed_43/config.json,data_reupload/results/encoding_sweep/learnable_seasonal_cdf_rz_tanh_a1/depth_2/seed_43/encoding_metadata.json,data_reupload/results/encoding_sweep/learnable_seasonal_cdf_rz_tanh_a1/depth_2/seed_43/learned_encoding_parameters.npz
5,learnable_seasonal_cdf_rz,Learnable polar-azimuth seasonal CDF,2,44,1,14,True,True,84,72,15,171,13,0.0620662756694265,34.848787381230025,27.374377304258296,0.8567182482308154,0.8606124598101677,0.8081828855519824,0.7174404763329902,7.6517493452527585,0.9105996334515324,43.59793220298628,31.13732927679682,0.7756684332760632,0.7887148980841571,0.6755566828753408,0.5988907235396269,-3.595077374865623,0.7690802757128764,53.22747605899113,43.44877217190554,0.6245636574488779,0.6732013269749119,0.4853651429038285,0.3893918423479013,0.7844907960963052,0.648128085868616,0.967567998991972,0.4044275463617845,0.6615162862628183,0.2570887399010338,0.2570887399010338,1.635685531843206,0.3224819197485198,0.1961285794699162,0.1263533402786036,-0.12635334027860362,0.6081847305512899,11.666666666666666,11.666666666666666,5708.57977604866,95.14299626747767,1.6824493408203125,0.7521391009243054,0.3270547567208466,0.205663913463003,data_reupload/results/encoding_sweep/learnable_seasonal_cdf_rz_tanh_a1/depth_2/seed_44,data_reupload/results/encoding_sweep/learnable_seasonal_cdf_rz_tanh_a1/depth_2/seed_44/best_model.pt,data_reupload/results/encoding_sweep/learnable_seasonal_cdf_rz_tanh_a1/depth_2/seed_44/predictions.npz,data_reupload/results/encoding_sweep/learnable_seasonal_cdf_rz_tanh_a1/depth_2/seed_44/history.csv,data_reupload/results/encoding_sweep/learnable_seasonal_cdf_rz_tanh_a1/depth_2/seed_44/metrics_by_split.csv,data_reupload/results/encoding_sweep/learnable_seasonal_cdf_rz_tanh_a1/depth_2/seed_44/fft_summary_by_split.csv,data_reupload/results/encoding_sweep/learnable_seasonal_cdf_rz_tanh_a1/depth_2/seed_44/fft_power_by_period.csv,data_reupload/results/encoding_sweep/learnable_seasonal_cdf_rz_tanh_a1/depth_2/seed_44/config.json,data_reupload/results/encoding_sweep/learnable_seasonal_cdf_rz_tanh_a1/depth_2/seed_44/encoding_metadata.json,data_reupload/results/encoding_sweep/learnable_seasonal_cdf_rz_tanh_a1/depth_2/seed_44/learned_encoding_parameters.npz
5,learnable_seasonal_cdf_rz,Learnable polar-azimuth seasonal CDF,2,45,1,14,True,True,84,72,15,171,13,0.0746822462682855,33.90608322214697,26.61059229450096,0.858298910617094,0.8618548722846717,0.802110865203286,0.7325208985347818,4.144308496160397,0.8709479907676391,47.82409217085301,33.48558559889352,0.7348859382657377,0.7613857055375732,0.5605086567739075,0.51735880005664,-9.18221966051369,0.6648396649745786,57.15424262328779,47.27027141768578,0.5501429252484252,0.6070391872278664,0.3932036041305403,0.2959754498653948,-4.59633765123525,0.5962797818077715,0.974005164958477,0.4044275463617845,0.5758299675002486,0.1714024211384641,0.1714024211384641,1.4238149025218338,0.3224819197485198,0.2185157652187284,0.1039661545297913,-0.10396615452979141,0.6776062527447522,11.666666666666666,11.666666666666666,5598.892422676086,93.3148737112681,1.870941162109375,0.7521317621914984,0.3199975530198825,0.2528568922745018,data_reupload/results/encoding_sweep/learnable_seasonal_cdf_rz_tanh_a1/depth_2/seed_45,data_reupload/results/encoding_sweep/learnable_seasonal_cdf_rz_tanh_a1/depth_2/seed_45/best_model.pt,data_reupload/results/encoding_sweep/learnable_seasonal_cdf_rz_tanh_a1/depth_2/seed_45/predictions.npz,data_reupload/results/encoding_sweep/learnable_seasonal_cdf_rz_tanh_a1/depth_2/seed_45/history.csv,data_reupload/results/encoding_sweep/learnable_seasonal_cdf_rz_tanh_a1/depth_2/seed_45/metrics_by_split.csv,data_reupload/results/encoding_sweep/learnable_seasonal_cdf_rz_tanh_a1/depth_2/seed_45/fft_summary_by_split.csv,data_reupload/results/encoding_sweep/learnable_seasonal_cdf_rz_tanh_a1/depth_2/seed_45/fft_power_by_period.csv,data_reupload/results/encoding_sweep/learnable_seasonal_cdf_rz_tanh_a1/depth_2/seed_45/config.json,data_reupload/results/encoding_sweep/learnable_seasonal_cdf_rz_tanh_a1/depth_2/seed_45/encoding_metadata.json,data_reupload/results/encoding_sweep/learnable_seasonal_cdf_rz_tanh_a1/depth_2/seed_45/learned_encoding_parameters.npz
5,learnable_seasonal_cdf_rz,Learnable polar-azimuth seasonal CDF,2,46,1,14,True,True,84,72,15,171,16,0.0735973101593609,33.891209802732774,26.721283576563675,0.8589162279671776,0.8576828965367647,0.7456518505088205,0.7327555146216541,0.1546318703263192,0.7883753976499919,47.475442321588005,34.73387748905208,0.7301565484887377,0.7555069547721108,0.6006048908990884,0.5243703040169272,-6.348350401151023,0.7142284418652273,54.64877117356987,45.074284703775,0.6010181144937811,0.6278664731494921,0.4820911131279983,0.3563472081412874,-0.7766746873799323,0.6699061256679175,0.9666962562999848,0.4044275463617845,0.6126013661802854,0.2081738198185008,0.20817381981850086,1.514736994775022,0.3224819197485198,0.2689492141943387,0.0535327055541811,-0.053532705554181104,0.8339978080137722,11.666666666666666,11.666666666666666,5577.130200386047,92.95217000643412,1.72216796875,0.7408658288344078,0.4340291328469725,0.2807826626805216,data_reupload/results/encoding_sweep/learnable_seasonal_cdf_rz_tanh_a1/depth_2/seed_46,data_reupload/results/encoding_sweep/learnable_seasonal_cdf_rz_tanh_a1/depth_2/seed_46/best_model.pt,data_reupload/results/encoding_sweep/learnable_seasonal_cdf_rz_tanh_a1/depth_2/seed_46/predictions.npz,data_reupload/results/encoding_sweep/learnable_seasonal_cdf_rz_tanh_a1/depth_2/seed_46/history.csv,data_reupload/results/encoding_sweep/learnable_seasonal_cdf_rz_tanh_a1/depth_2/seed_46/metrics_by_split.csv,data_reupload/results/encoding_sweep/learnable_seasonal_cdf_rz_tanh_a1/depth_2/seed_46/fft_summary_by_split.csv,data_reupload/results/encoding_sweep/learnable_seasonal_cdf_rz_tanh_a1/depth_2/seed_46/fft_power_by_period.csv,data_reupload/results/encoding_sweep/learnable_seasonal_cdf_rz_tanh_a1/depth_2/seed_46/config.json,data_reupload/results/encoding_sweep/learnable_seasonal_cdf_rz_tanh_a1/depth_2/seed_46/encoding_metadata.json,data_reupload/results/encoding_sweep/learnable_seasonal_cdf_rz_tanh_a1/depth_2/seed_46/learned_encoding_parameters.npz
5,learnable_seasonal_cdf_rz,Learnable polar-azimuth seasonal CDF,3,42,1,14,True,True,126,108,15,249,17,0.0746807493931632,30.815730489358227,24.308035877338863,0.884007492073783,0.8761393970563025,0.8249809973441261,0.779057358140784,3.157810740726092,0.8744269194998552,47.82361289327297,34.96883467526629,0.7248319353693388,0.7627154229726182,0.6007190994667868,0.5173684737560968,-6.148819887475029,0.7189595092169635,56.335128744630666,46.63843651242936,0.5685160133176161,0.5885755753680282,0.4310356035947171,0.3160104952441366,-3.848220958229208,0.631827501338354,0.9706495925841224,0.4044275463617845,0.5714962662442765,0.167068719882492,0.167068719882492,1.4130992593987133,0.3224819197485198,0.2396617405423962,0.0828201792061236,-0.08282017920612361,0.7431788446598524,11.666666666666666,11.666666666666666,8477.873177051544,141.2978862841924,2.3793716430664062,0.6709789123698324,0.3690005268374428,0.2919700949980492,data_reupload/results/encoding_sweep/learnable_seasonal_cdf_rz_tanh_a1/depth_3/seed_42,data_reupload/results/encoding_sweep/learnable_seasonal_cdf_rz_tanh_a1/depth_3/seed_42/best_model.pt,data_reupload/results/encoding_sweep/learnable_seasonal_cdf_rz_tanh_a1/depth_3/seed_42/predictions.npz,data_reupload/results/encoding_sweep/learnable_seasonal_cdf_rz_tanh_a1/depth_3/seed_42/history.csv,data_reupload/results/encoding_sweep/learnable_seasonal_cdf_rz_tanh_a1/depth_3/seed_42/metrics_by_split.csv,data_reupload/results/encoding_sweep/learnable_seasonal_cdf_rz_tanh_a1/depth_3/seed_42/fft_summary_by_split.csv,data_reupload/results/encoding_sweep/learnable_seasonal_cdf_rz_tanh_a1/depth_3/seed_42/fft_power_by_period.csv,data_reupload/results/encoding_sweep/learnable_seasonal_cdf_rz_tanh_a1/depth_3/seed_42/config.json,data_reupload/results/encoding_sweep/learnable_seasonal_cdf_rz_tanh_a1/depth_3/seed_42/encoding_metadata.json,data_reupload/results/encoding_sweep/learnable_seasonal_cdf_rz_tanh_a1/depth_3/seed_42/learned_encoding_parameters.npz
5,learnable_seasonal_cdf_rz,Learnable polar-azimuth seasonal CDF,3,43,1,14,True,True,126,108,15,249,25,0.064496277750675,28.27193630496053,21.996649283831324,0.9033905714272752,0.8989847847154437,0.8588694783030386,0.8140287904330602,2.99406692994343,0.903470391164483,44.44320539873808,31.86434535951533,0.7675443700544891,0.7851106639839035,0.657662737191963,0.583186601355816,-5.240481487882723,0.7556073027195902,57.66611621566949,47.23662067538724,0.5778404299978356,0.6054530375285092,0.5185173551342613,0.283308487501116,6.540374061570328,0.7812410586311723,0.9605666704554622,0.4044275463617845,0.5221050996162135,0.117677553254429,0.11767755325442902,1.2909731404624933,0.3224819197485198,0.3069080200236357,0.0155738997248841,-0.0155738997248841,0.9517061305730595,11.666666666666666,11.666666666666666,8222.515689611435,137.0419281601906,1.94533920288086,0.6445067839221216,0.4209526082709761,0.3598413145786524,data_reupload/results/encoding_sweep/learnable_seasonal_cdf_rz_tanh_a1/depth_3/seed_43,data_reupload/results/encoding_sweep/learnable_seasonal_cdf_rz_tanh_a1/depth_3/seed_43/best_model.pt,data_reupload/results/encoding_sweep/learnable_seasonal_cdf_rz_tanh_a1/depth_3/seed_43/predictions.npz,data_reupload/results/encoding_sweep/learnable_seasonal_cdf_rz_tanh_a1/depth_3/seed_43/history.csv,data_reupload/results/encoding_sweep/learnable_seasonal_cdf_rz_tanh_a1/depth_3/seed_43/metrics_by_split.csv,data_reupload/results/encoding_sweep/learnable_seasonal_cdf_rz_tanh_a1/depth_3/seed_43/fft_summary_by_split.csv,data_reupload/results/encoding_sweep/learnable_seasonal_cdf_rz_tanh_a1/depth_3/seed_43/fft_power_by_period.csv,data_reupload/results/encoding_sweep/learnable_seasonal_cdf_rz_tanh_a1/depth_3/seed_43/config.json,data_reupload/results/encoding_sweep/learnable_seasonal_cdf_rz_tanh_a1/depth_3/seed_43/encoding_metadata.json,data_reupload/results/encoding_sweep/learnable_seasonal_cdf_rz_tanh_a1/depth_3/seed_43/learned_encoding_parameters.npz
5,learnable_seasonal_cdf_rz,Learnable polar-azimuth seasonal CDF,3,44,1,14,True,True,126,108,15,249,10,0.0830597963885443,36.54792925326179,28.26444053832196,0.834104943715387,0.8433569486864616,0.7030905348310523,0.6892149213003163,0.5710732390700394,0.7538537292743542,50.43516892406696,36.05623662527962,0.6969980197655058,0.738430583501006,0.5271455798687662,0.4632180765960444,-9.920468365290274,0.6543349884759879,56.72287801391531,46.097931306261856,0.5610298220058104,0.6176342525399129,0.4371324871172596,0.3065624238122827,1.6567850870629517,0.6482103480364779,0.9629618714919476,0.4044275463617845,0.6982299014814546,0.29380235511967,0.29380235511967007,1.7264647469310768,0.3224819197485198,0.1770047395083865,0.1454771802401333,-0.1454771802401333,0.5488826773495383,11.666666666666666,11.666666666666666,7806.66339302063,130.11105655034382,2.671276092529297,0.6684415952771492,0.3644083420525436,0.3088264934301886,data_reupload/results/encoding_sweep/learnable_seasonal_cdf_rz_tanh_a1/depth_3/seed_44,data_reupload/results/encoding_sweep/learnable_seasonal_cdf_rz_tanh_a1/depth_3/seed_44/best_model.pt,data_reupload/results/encoding_sweep/learnable_seasonal_cdf_rz_tanh_a1/depth_3/seed_44/predictions.npz,data_reupload/results/encoding_sweep/learnable_seasonal_cdf_rz_tanh_a1/depth_3/seed_44/history.csv,data_reupload/results/encoding_sweep/learnable_seasonal_cdf_rz_tanh_a1/depth_3/seed_44/metrics_by_split.csv,data_reupload/results/encoding_sweep/learnable_seasonal_cdf_rz_tanh_a1/depth_3/seed_44/fft_summary_by_split.csv,data_reupload/results/encoding_sweep/learnable_seasonal_cdf_rz_tanh_a1/depth_3/seed_44/fft_power_by_period.csv,data_reupload/results/encoding_sweep/learnable_seasonal_cdf_rz_tanh_a1/depth_3/seed_44/config.json,data_reupload/results/encoding_sweep/learnable_seasonal_cdf_rz_tanh_a1/depth_3/seed_44/encoding_metadata.json,data_reupload/results/encoding_sweep/learnable_seasonal_cdf_rz_tanh_a1/depth_3/seed_44/learned_encoding_parameters.npz
5,learnable_seasonal_cdf_rz,Learnable polar-azimuth seasonal CDF,3,45,1,14,True,True,126,108,15,249,20,0.0718039016404025,31.035906280781376,24.46874221771349,0.8851113821097634,0.8821849274571338,0.8194819967286953,0.7758888460318495,5.671955201549332,0.8781710545577859,46.89343757645974,33.197045866751715,0.7373417663876529,0.7775522701425946,0.6794478738476264,0.5359603790726413,-2.365370129913168,0.8181615023841524,53.039957674126015,45.13785866667348,0.6297726983276126,0.6591540534936762,0.5110365303024379,0.3936865628169717,1.2044074655139256,0.6809044266709439,0.9736942115943278,0.4044275463617845,0.567340970101529,0.1629134237397444,0.16291342373974443,1.4028247462501198,0.3224819197485198,0.2758104461339826,0.0466714736145372,-0.04667147361453722,0.8552741386216849,11.666666666666666,11.666666666666666,7718.981990814209,128.64969984690347,2.334827423095703,0.6723720234685775,0.3858674580390653,0.2689035420482807,data_reupload/results/encoding_sweep/learnable_seasonal_cdf_rz_tanh_a1/depth_3/seed_45,data_reupload/results/encoding_sweep/learnable_seasonal_cdf_rz_tanh_a1/depth_3/seed_45/best_model.pt,data_reupload/results/encoding_sweep/learnable_seasonal_cdf_rz_tanh_a1/depth_3/seed_45/predictions.npz,data_reupload/results/encoding_sweep/learnable_seasonal_cdf_rz_tanh_a1/depth_3/seed_45/history.csv,data_reupload/results/encoding_sweep/learnable_seasonal_cdf_rz_tanh_a1/depth_3/seed_45/metrics_by_split.csv,data_reupload/results/encoding_sweep/learnable_seasonal_cdf_rz_tanh_a1/depth_3/seed_45/fft_summary_by_split.csv,data_reupload/results/encoding_sweep/learnable_seasonal_cdf_rz_tanh_a1/depth_3/seed_45/fft_power_by_period.csv,data_reupload/results/encoding_sweep/learnable_seasonal_cdf_rz_tanh_a1/depth_3/seed_45/config.json,data_reupload/results/encoding_sweep/learnable_seasonal_cdf_rz_tanh_a1/depth_3/seed_45/encoding_metadata.json,data_reupload/results/encoding_sweep/learnable_seasonal_cdf_rz_tanh_a1/depth_3/seed_45/learned_encoding_parameters.npz
5,learnable_seasonal_cdf_rz,Learnable polar-azimuth seasonal CDF,3,46,1,14,True,True,126,108,15,249,12,0.0662774518508403,32.857744934282174,25.407894940973154,0.8662354405892677,0.8717244805496954,0.7813980989931593,0.7488055057005016,0.3659631739534487,0.8271563927965885,45.05271315838798,33.18069152190162,0.7613307211822269,0.7717784970693726,0.6285514651992933,0.5716755924083399,-5.512185775907544,0.7221249234769277,55.031580444230144,45.12847684235175,0.5944963318168875,0.6290483101803857,0.4763640202042529,0.3472981758839496,1.5907717550889895,0.6692112793093589,0.9696189337808055,0.4044275463617845,0.6107252289193973,0.2062976825576127,0.20629768255761277,1.510098000033527,0.3224819197485198,0.2286792778842059,0.0938026418643139,-0.09380264186431392,0.7091227876047631,11.666666666666666,11.666666666666666,8331.828460216522,138.86380767027538,2.409027099609375,0.6781312563965659,0.3390926739431744,0.2971798725278179,data_reupload/results/encoding_sweep/learnable_seasonal_cdf_rz_tanh_a1/depth_3/seed_46,data_reupload/results/encoding_sweep/learnable_seasonal_cdf_rz_tanh_a1/depth_3/seed_46/best_model.pt,data_reupload/results/encoding_sweep/learnable_seasonal_cdf_rz_tanh_a1/depth_3/seed_46/predictions.npz,data_reupload/results/encoding_sweep/learnable_seasonal_cdf_rz_tanh_a1/depth_3/seed_46/history.csv,data_reupload/results/encoding_sweep/learnable_seasonal_cdf_rz_tanh_a1/depth_3/seed_46/metrics_by_split.csv,data_reupload/results/encoding_sweep/learnable_seasonal_cdf_rz_tanh_a1/depth_3/seed_46/fft_summary_by_split.csv,data_reupload/results/encoding_sweep/learnable_seasonal_cdf_rz_tanh_a1/depth_3/seed_46/fft_power_by_period.csv,data_reupload/results/encoding_sweep/learnable_seasonal_cdf_rz_tanh_a1/depth_3/seed_46/config.json,data_reupload/results/encoding_sweep/learnable_seasonal_cdf_rz_tanh_a1/depth_3/seed_46/encoding_metadata.json,data_reupload/results/encoding_sweep/learnable_seasonal_cdf_rz_tanh_a1/depth_3/seed_46/learned_encoding_parameters.npz
5,learnable_seasonal_cdf_rz,Learnable polar-azimuth seasonal CDF,4,42,1,14,True,True,168,144,15,327,41,0.0682454595508232,24.10030765421142,18.816269763681444,0.9345138293504112,0.9225483589953504,0.8314389637148654,0.8648612860727893,1.5950950105119075,0.8458412279570316,45.71670590434049,33.42563758821353,0.758821304181575,0.7708336978392092,0.697142823269369,0.5589571533511466,-7.21077745088806,0.8355049607092243,56.68193941130518,46.02590940353789,0.5629431877634155,0.5887829151980096,0.4457811210202518,0.3075630120050076,0.5450364886799083,0.6592655463361564,0.9648919330435992,0.4044275463617845,0.5645559757333743,0.1601284293715898,0.16012842937158983,1.395938483449259,0.3224819197485198,0.2408982832600992,0.0815836364884206,-0.0815836364884206,0.7470133006152974,11.666666666666666,11.666666666666666,10244.838723659515,170.74731206099193,3.374176025390625,0.7001124456053885,0.4045449342388688,0.31929570642811,data_reupload/results/encoding_sweep/learnable_seasonal_cdf_rz_tanh_a1/depth_4/seed_42,data_reupload/results/encoding_sweep/learnable_seasonal_cdf_rz_tanh_a1/depth_4/seed_42/best_model.pt,data_reupload/results/encoding_sweep/learnable_seasonal_cdf_rz_tanh_a1/depth_4/seed_42/predictions.npz,data_reupload/results/encoding_sweep/learnable_seasonal_cdf_rz_tanh_a1/depth_4/seed_42/history.csv,data_reupload/results/encoding_sweep/learnable_seasonal_cdf_rz_tanh_a1/depth_4/seed_42/metrics_by_split.csv,data_reupload/results/encoding_sweep/learnable_seasonal_cdf_rz_tanh_a1/depth_4/seed_42/fft_summary_by_split.csv,data_reupload/results/encoding_sweep/learnable_seasonal_cdf_rz_tanh_a1/depth_4/seed_42/fft_power_by_period.csv,data_reupload/results/encoding_sweep/learnable_seasonal_cdf_rz_tanh_a1/depth_4/seed_42/config.json,data_reupload/results/encoding_sweep/learnable_seasonal_cdf_rz_tanh_a1/depth_4/seed_42/encoding_metadata.json,data_reupload/results/encoding_sweep/learnable_seasonal_cdf_rz_tanh_a1/depth_4/seed_42/learned_encoding_parameters.npz
5,learnable_seasonal_cdf_rz,Learnable polar-azimuth seasonal CDF,4,43,1,14,True,True,168,144,15,327,12,0.0683466380689372,33.68660510155677,25.89541577490878,0.8590625565154141,0.8608159366898622,0.7694120637421717,0.7359725390706034,1.1984940581101438,0.8180535698467677,45.75058241007653,33.21550526897036,0.7493789316372038,0.7541422447729857,0.6676287193927908,0.5583032774458123,-3.104969330522308,0.7844654335386895,56.26706166979066,46.16607244442357,0.5857679589757284,0.6111237818784988,0.4698982208901093,0.3176623611202033,8.544189950954733,0.6843984621123435,0.969576231985827,0.4044275463617845,0.6798840000576237,0.2754564536958392,0.2754564536958392,1.6811021063570852,0.3224819197485198,0.1703799490663712,0.1521019706821486,-0.15210197068214862,0.5283395397771079,11.666666666666666,11.666666666666666,10305.389388561249,171.75648980935415,3.3518600463867188,0.666860104842338,0.34574327169124,0.2863694526698364,data_reupload/results/encoding_sweep/learnable_seasonal_cdf_rz_tanh_a1/depth_4/seed_43,data_reupload/results/encoding_sweep/learnable_seasonal_cdf_rz_tanh_a1/depth_4/seed_43/best_model.pt,data_reupload/results/encoding_sweep/learnable_seasonal_cdf_rz_tanh_a1/depth_4/seed_43/predictions.npz,data_reupload/results/encoding_sweep/learnable_seasonal_cdf_rz_tanh_a1/depth_4/seed_43/history.csv,data_reupload/results/encoding_sweep/learnable_seasonal_cdf_rz_tanh_a1/depth_4/seed_43/metrics_by_split.csv,data_reupload/results/encoding_sweep/learnable_seasonal_cdf_rz_tanh_a1/depth_4/seed_43/fft_summary_by_split.csv,data_reupload/results/encoding_sweep/learnable_seasonal_cdf_rz_tanh_a1/depth_4/seed_43/fft_power_by_period.csv,data_reupload/results/encoding_sweep/learnable_seasonal_cdf_rz_tanh_a1/depth_4/seed_43/config.json,data_reupload/results/encoding_sweep/learnable_seasonal_cdf_rz_tanh_a1/depth_4/seed_43/encoding_metadata.json,data_reupload/results/encoding_sweep/learnable_seasonal_cdf_rz_tanh_a1/depth_4/seed_43/learned_encoding_parameters.npz
5,learnable_seasonal_cdf_rz,Learnable polar-azimuth seasonal CDF,4,44,1,14,True,True,168,144,15,327,32,0.0718071247107641,22.63844731538268,17.757581421233763,0.9405063238805996,0.9283333158404792,0.8666453310466303,0.8807583760132333,-1.1416898630734758,0.8814258851918608,46.89449002033345,33.20108448480257,0.748891915323487,0.7645700288688653,0.6150281289470323,0.5359395496704125,-10.81677877452935,0.7344272849989617,57.71374537269671,47.469908841333904,0.5471663992829224,0.5938316400580551,0.4404600391510948,0.2821241001398318,-2.6346775453810247,0.6727487206570911,0.9651626545078136,0.4044275463617845,0.5264349734337676,0.122007427071983,0.12200742707198303,1.301679319743567,0.3224819197485198,0.2775341283016146,0.0449477914469051,-0.044947791446905194,0.8606191891875467,11.666666666666666,11.666666666666666,10566.67835879326,176.11130597988767,3.28482437133789,0.7051683968142765,0.3758978742679963,0.2592544345817232,data_reupload/results/encoding_sweep/learnable_seasonal_cdf_rz_tanh_a1/depth_4/seed_44,data_reupload/results/encoding_sweep/learnable_seasonal_cdf_rz_tanh_a1/depth_4/seed_44/best_model.pt,data_reupload/results/encoding_sweep/learnable_seasonal_cdf_rz_tanh_a1/depth_4/seed_44/predictions.npz,data_reupload/results/encoding_sweep/learnable_seasonal_cdf_rz_tanh_a1/depth_4/seed_44/history.csv,data_reupload/results/encoding_sweep/learnable_seasonal_cdf_rz_tanh_a1/depth_4/seed_44/metrics_by_split.csv,data_reupload/results/encoding_sweep/learnable_seasonal_cdf_rz_tanh_a1/depth_4/seed_44/fft_summary_by_split.csv,data_reupload/results/encoding_sweep/learnable_seasonal_cdf_rz_tanh_a1/depth_4/seed_44/fft_power_by_period.csv,data_reupload/results/encoding_sweep/learnable_seasonal_cdf_rz_tanh_a1/depth_4/seed_44/config.json,data_reupload/results/encoding_sweep/learnable_seasonal_cdf_rz_tanh_a1/depth_4/seed_44/encoding_metadata.json,data_reupload/results/encoding_sweep/learnable_seasonal_cdf_rz_tanh_a1/depth_4/seed_44/learned_encoding_parameters.npz
5,learnable_seasonal_cdf_rz,Learnable polar-azimuth seasonal CDF,4,45,1,14,True,True,168,144,15,327,22,0.0681189141557105,27.472523963097355,21.35698794919981,0.9091544274494214,0.8943792660698103,0.8742089148135412,0.824397081297597,2.9594645595677807,0.9204191849683732,45.67430071734691,30.156415955341885,0.7572299001081962,0.7730382293762575,0.6316289028083495,0.5597749651390387,-7.9184100551728385,0.7374631863020971,54.07353785495993,44.937817890670026,0.6148658870408403,0.6387621812150114,0.5062874182240107,0.3698260803589195,3.118016005039725,0.6932155667176495,0.972148048961104,0.4044275463617845,0.5660085611451491,0.1615810147833645,0.16158101478336456,1.3995301908510969,0.3224819197485198,0.2156678726484461,0.1068140471000737,-0.1068140471000737,0.6687750830081569,11.666666666666666,11.666666666666666,10696.587470293043,178.2764578382174,2.9307823181152344,0.6653233687185168,0.3618167220661092,0.2383290481779946,data_reupload/results/encoding_sweep/learnable_seasonal_cdf_rz_tanh_a1/depth_4/seed_45,data_reupload/results/encoding_sweep/learnable_seasonal_cdf_rz_tanh_a1/depth_4/seed_45/best_model.pt,data_reupload/results/encoding_sweep/learnable_seasonal_cdf_rz_tanh_a1/depth_4/seed_45/predictions.npz,data_reupload/results/encoding_sweep/learnable_seasonal_cdf_rz_tanh_a1/depth_4/seed_45/history.csv,data_reupload/results/encoding_sweep/learnable_seasonal_cdf_rz_tanh_a1/depth_4/seed_45/metrics_by_split.csv,data_reupload/results/encoding_sweep/learnable_seasonal_cdf_rz_tanh_a1/depth_4/seed_45/fft_summary_by_split.csv,data_reupload/results/encoding_sweep/learnable_seasonal_cdf_rz_tanh_a1/depth_4/seed_45/fft_power_by_period.csv,data_reupload/results/encoding_sweep/learnable_seasonal_cdf_rz_tanh_a1/depth_4/seed_45/config.json,data_reupload/results/encoding_sweep/learnable_seasonal_cdf_rz_tanh_a1/depth_4/seed_45/encoding_metadata.json,data_reupload/results/encoding_sweep/learnable_seasonal_cdf_rz_tanh_a1/depth_4/seed_45/learned_encoding_parameters.npz
5,learnable_seasonal_cdf_rz,Learnable polar-azimuth seasonal CDF,4,46,1,14,True,True,168,144,15,327,10,0.0749280002558016,33.79810280496725,26.51814467941836,0.8569774327969464,0.8613488389992687,0.7953903186998843,0.7342218625676485,0.8793409798164703,0.8540533483567784,47.90271399236085,35.54744770662959,0.7295902276943337,0.7254133496631965,0.5711181933288885,0.5157705912740662,-8.161826443612023,0.679852026571507,55.37655103791711,46.32146425080498,0.5937695483280393,0.6337963922869584,0.4831509402351576,0.3390894832979032,4.849783231855934,0.6854409120428577,0.9612698955003476,0.4044275463617845,0.6645421956512403,0.2601146492894557,0.26011464928945577,1.6431674885388932,0.3224819197485198,0.2026883212865447,0.1197935984619751,-0.1197935984619751,0.6285261556511651,11.666666666666666,11.666666666666666,11505.649034500122,191.7608172416687,3.3554229736328125,0.7120883288999217,0.3105210675198585,0.2455322481440028,data_reupload/results/encoding_sweep/learnable_seasonal_cdf_rz_tanh_a1/depth_4/seed_46,data_reupload/results/encoding_sweep/learnable_seasonal_cdf_rz_tanh_a1/depth_4/seed_46/best_model.pt,data_reupload/results/encoding_sweep/learnable_seasonal_cdf_rz_tanh_a1/depth_4/seed_46/predictions.npz,data_reupload/results/encoding_sweep/learnable_seasonal_cdf_rz_tanh_a1/depth_4/seed_46/history.csv,data_reupload/results/encoding_sweep/learnable_seasonal_cdf_rz_tanh_a1/depth_4/seed_46/metrics_by_split.csv,data_reupload/results/encoding_sweep/learnable_seasonal_cdf_rz_tanh_a1/depth_4/seed_46/fft_summary_by_split.csv,data_reupload/results/encoding_sweep/learnable_seasonal_cdf_rz_tanh_a1/depth_4/seed_46/fft_power_by_period.csv,data_reupload/results/encoding_sweep/learnable_seasonal_cdf_rz_tanh_a1/depth_4/seed_46/config.json,data_reupload/results/encoding_sweep/learnable_seasonal_cdf_rz_tanh_a1/depth_4/seed_46/encoding_metadata.json,data_reupload/results/encoding_sweep/learnable_seasonal_cdf_rz_tanh_a1/depth_4/seed_46/learned_encoding_parameters.npz
5,learnable_seasonal_cdf_rz,Learnable polar-azimuth seasonal CDF,5,42,1,14,True,True,210,180,15,405,39,0.0778851782982333,17.666038033541184,13.839090509632682,0.9646561198386824,0.9457055392872012,0.9203449587563468,0.927387242344862,3.342946444058676,0.9406964271978197,48.83885323575274,34.700912629545954,0.7155087388170017,0.7411949960633366,0.613535160736536,0.4966595437338224,-8.078574209996754,0.7545100910848662,57.6890113864277,44.336234417532495,0.5484959503567975,0.6314534522081691,0.4367333350012249,0.2827392786476854,-4.341302075433677,0.6670143606204966,0.9698196474964772,0.4044275463617845,0.5706098610276368,0.1661823146658522,0.16618231466585226,1.410907506575213,0.3224819197485198,0.1995298048569457,0.1229521148915741,-0.12295211489157412,0.6187317571557018,11.666666666666666,11.666666666666666,12501.412403821943,208.3568733970324,4.0208587646484375,0.6749333766668353,0.4111182563527337,0.2215180154443709,data_reupload/results/encoding_sweep/learnable_seasonal_cdf_rz_tanh_a1/depth_5/seed_42,data_reupload/results/encoding_sweep/learnable_seasonal_cdf_rz_tanh_a1/depth_5/seed_42/best_model.pt,data_reupload/results/encoding_sweep/learnable_seasonal_cdf_rz_tanh_a1/depth_5/seed_42/predictions.npz,data_reupload/results/encoding_sweep/learnable_seasonal_cdf_rz_tanh_a1/depth_5/seed_42/history.csv,data_reupload/results/encoding_sweep/learnable_seasonal_cdf_rz_tanh_a1/depth_5/seed_42/metrics_by_split.csv,data_reupload/results/encoding_sweep/learnable_seasonal_cdf_rz_tanh_a1/depth_5/seed_42/fft_summary_by_split.csv,data_reupload/results/encoding_sweep/learnable_seasonal_cdf_rz_tanh_a1/depth_5/seed_42/fft_power_by_period.csv,data_reupload/results/encoding_sweep/learnable_seasonal_cdf_rz_tanh_a1/depth_5/seed_42/config.json,data_reupload/results/encoding_sweep/learnable_seasonal_cdf_rz_tanh_a1/depth_5/seed_42/encoding_metadata.json,data_reupload/results/encoding_sweep/learnable_seasonal_cdf_rz_tanh_a1/depth_5/seed_42/learned_encoding_parameters.npz
5,learnable_seasonal_cdf_rz,Learnable polar-azimuth seasonal CDF,5,43,1,14,True,True,210,180,15,405,12,0.0797524546467668,28.3090739125239,22.089013190821788,0.9120942585723796,0.9048814159415876,0.7622840501382138,0.8135398913438185,-2.172781509625498,0.7806498615750077,49.42083491359929,34.75032759642775,0.707296051071607,0.7609657947686117,0.5929322112401245,0.4845920907243807,-8.431333595659035,0.7332672007423146,56.95613834713835,48.45971236076261,0.5515452970790736,0.6013684428778768,0.3708976588161593,0.3008474788228619,-3.89114100466066,0.5611123047616087,0.9679539893091532,0.4044275463617845,0.5148868802137828,0.1104593338519983,0.1104593338519983,1.2731251489807913,0.3224819197485198,0.2819405157402554,0.0405414040082644,-0.04054140400826439,0.8742831720926256,11.666666666666666,11.666666666666666,13814.764522790909,230.2460753798485,4.072330474853516,0.6761795105000786,0.3566283790890854,0.2320296053643227,data_reupload/results/encoding_sweep/learnable_seasonal_cdf_rz_tanh_a1/depth_5/seed_43,data_reupload/results/encoding_sweep/learnable_seasonal_cdf_rz_tanh_a1/depth_5/seed_43/best_model.pt,data_reupload/results/encoding_sweep/learnable_seasonal_cdf_rz_tanh_a1/depth_5/seed_43/predictions.npz,data_reupload/results/encoding_sweep/learnable_seasonal_cdf_rz_tanh_a1/depth_5/seed_43/history.csv,data_reupload/results/encoding_sweep/learnable_seasonal_cdf_rz_tanh_a1/depth_5/seed_43/metrics_by_split.csv,data_reupload/results/encoding_sweep/learnable_seasonal_cdf_rz_tanh_a1/depth_5/seed_43/fft_summary_by_split.csv,data_reupload/results/encoding_sweep/learnable_seasonal_cdf_rz_tanh_a1/depth_5/seed_43/fft_power_by_period.csv,data_reupload/results/encoding_sweep/learnable_seasonal_cdf_rz_tanh_a1/depth_5/seed_43/config.json,data_reupload/results/encoding_sweep/learnable_seasonal_cdf_rz_tanh_a1/depth_5/seed_43/encoding_metadata.json,data_reupload/results/encoding_sweep/learnable_seasonal_cdf_rz_tanh_a1/depth_5/seed_43/learned_encoding_parameters.npz
5,learnable_seasonal_cdf_rz,Learnable polar-azimuth seasonal CDF,5,44,1,14,True,True,210,180,15,405,16,0.0650944669107436,28.04767382158542,21.77525264765221,0.9058802629283456,0.896069495611043,0.8356322618198287,0.8169674608095872,3.226685326869539,0.8708206149528545,44.64883032221028,33.05709948178198,0.7687532178309314,0.7930189834660135,0.6366429348967791,0.579320746371065,-6.957579883060795,0.7307327899443776,55.9380664974258,46.66217523232825,0.5707009241507117,0.5884511714700393,0.3914881110311463,0.3256183302058619,-0.5999286570331056,0.5687916611554845,0.9786972898637086,0.4044275463617845,0.4939452978729691,0.0895177515111846,0.08951775151118457,1.2213443478726487,0.3224819197485198,0.2786481242930012,0.0438337954555186,-0.04383379545551863,0.8640736339894608,11.666666666666666,11.666666666666666,13276.884847402573,221.2814141233762,4.058418273925781,0.6107726136639972,0.4087635727282839,0.2288488574061936,data_reupload/results/encoding_sweep/learnable_seasonal_cdf_rz_tanh_a1/depth_5/seed_44,data_reupload/results/encoding_sweep/learnable_seasonal_cdf_rz_tanh_a1/depth_5/seed_44/best_model.pt,data_reupload/results/encoding_sweep/learnable_seasonal_cdf_rz_tanh_a1/depth_5/seed_44/predictions.npz,data_reupload/results/encoding_sweep/learnable_seasonal_cdf_rz_tanh_a1/depth_5/seed_44/history.csv,data_reupload/results/encoding_sweep/learnable_seasonal_cdf_rz_tanh_a1/depth_5/seed_44/metrics_by_split.csv,data_reupload/results/encoding_sweep/learnable_seasonal_cdf_rz_tanh_a1/depth_5/seed_44/fft_summary_by_split.csv,data_reupload/results/encoding_sweep/learnable_seasonal_cdf_rz_tanh_a1/depth_5/seed_44/fft_power_by_period.csv,data_reupload/results/encoding_sweep/learnable_seasonal_cdf_rz_tanh_a1/depth_5/seed_44/config.json,data_reupload/results/encoding_sweep/learnable_seasonal_cdf_rz_tanh_a1/depth_5/seed_44/encoding_metadata.json,data_reupload/results/encoding_sweep/learnable_seasonal_cdf_rz_tanh_a1/depth_5/seed_44/learned_encoding_parameters.npz
5,learnable_seasonal_cdf_rz,Learnable polar-azimuth seasonal CDF,5,45,1,14,True,True,210,180,15,405,7,0.0719410465071135,32.32423020885092,26.21928688844088,0.8816924359188418,0.8847447617648191,0.7150365581550184,0.7568966237097766,1.9965370574372605,0.7418443744569827,46.93819925476853,35.346305581414946,0.7519960300918198,0.7893447642375994,0.5288988475187371,0.5350740671800167,-6.604096407419099,0.6063239250987223,54.40398372426211,45.51926769759742,0.606028433656543,0.6530686294837238,0.3980338147495079,0.3621005031511772,-2.689030496835456,0.545932284434486,0.9734941143947536,0.4044275463617845,0.5884040450166808,0.1839764986548962,0.18397649865489624,1.4549059536372884,0.3224819197485198,0.261590194798193,0.0608917249503268,-0.0608917249503268,0.811177863869665,11.666666666666666,11.666666666666666,13552.31857061386,225.87197617689765,3.577255249023437,0.6429350862952546,0.3592563058581596,0.2108862822926107,data_reupload/results/encoding_sweep/learnable_seasonal_cdf_rz_tanh_a1/depth_5/seed_45,data_reupload/results/encoding_sweep/learnable_seasonal_cdf_rz_tanh_a1/depth_5/seed_45/best_model.pt,data_reupload/results/encoding_sweep/learnable_seasonal_cdf_rz_tanh_a1/depth_5/seed_45/predictions.npz,data_reupload/results/encoding_sweep/learnable_seasonal_cdf_rz_tanh_a1/depth_5/seed_45/history.csv,data_reupload/results/encoding_sweep/learnable_seasonal_cdf_rz_tanh_a1/depth_5/seed_45/metrics_by_split.csv,data_reupload/results/encoding_sweep/learnable_seasonal_cdf_rz_tanh_a1/depth_5/seed_45/fft_summary_by_split.csv,data_reupload/results/encoding_sweep/learnable_seasonal_cdf_rz_tanh_a1/depth_5/seed_45/fft_power_by_period.csv,data_reupload/results/encoding_sweep/learnable_seasonal_cdf_rz_tanh_a1/depth_5/seed_45/config.json,data_reupload/results/encoding_sweep/learnable_seasonal_cdf_rz_tanh_a1/depth_5/seed_45/encoding_metadata.json,data_reupload/results/encoding_sweep/learnable_seasonal_cdf_rz_tanh_a1/depth_5/seed_45/learned_encoding_parameters.npz
5,learnable_seasonal_cdf_rz,Learnable polar-azimuth seasonal CDF,5,46,1,14,True,True,210,180,15,405,7,0.0733928002109058,35.29769565639624,28.361417800905787,0.8521626568115556,0.8563783494442521,0.7291469413211684,0.7101139498956599,7.24260225946429,0.7900125602462174,47.40943478316305,34.70527034191988,0.7265168678841711,0.7720934301460939,0.5808008105935911,0.525691969229944,0.9625491780934224,0.6824796497841992,54.603764239370506,46.34316767695434,0.6109782768727926,0.6566037735849055,0.4331820716736261,0.3574069542009392,8.552376077703817,0.5998619438027082,0.9710759306187128,0.4044275463617845,0.5966006101220032,0.1921730637602186,0.19217306376021864,1.4751730328188586,0.3224819197485198,0.241781775189095,0.0807001445594248,-0.08070014455942481,0.7497529640658398,11.666666666666666,11.666666666666666,13110.0851457119,218.50141909519834,3.58084487915039,0.6952470227858739,0.3133543587094721,0.2785785918872243,data_reupload/results/encoding_sweep/learnable_seasonal_cdf_rz_tanh_a1/depth_5/seed_46,data_reupload/results/encoding_sweep/learnable_seasonal_cdf_rz_tanh_a1/depth_5/seed_46/best_model.pt,data_reupload/results/encoding_sweep/learnable_seasonal_cdf_rz_tanh_a1/depth_5/seed_46/predictions.npz,data_reupload/results/encoding_sweep/learnable_seasonal_cdf_rz_tanh_a1/depth_5/seed_46/history.csv,data_reupload/results/encoding_sweep/learnable_seasonal_cdf_rz_tanh_a1/depth_5/seed_46/metrics_by_split.csv,data_reupload/results/encoding_sweep/learnable_seasonal_cdf_rz_tanh_a1/depth_5/seed_46/fft_summary_by_split.csv,data_reupload/results/encoding_sweep/learnable_seasonal_cdf_rz_tanh_a1/depth_5/seed_46/fft_power_by_period.csv,data_reupload/results/encoding_sweep/learnable_seasonal_cdf_rz_tanh_a1/depth_5/seed_46/config.json,data_reupload/results/encoding_sweep/learnable_seasonal_cdf_rz_tanh_a1/depth_5/seed_46/encoding_metadata.json,data_reupload/results/encoding_sweep/learnable_seasonal_cdf_rz_tanh_a1/depth_5/seed_46/learned_encoding_parameters.npz
5,learnable_seasonal_cdf_rz,Learnable polar-azimuth seasonal CDF,6,42,1,14,True,True,252,216,15,483,17,0.0674668140228083,25.44885296915428,20.43979768867601,0.9237007007125936,0.9143989280378964,0.8642164703135822,0.8493146492021592,3.6939972666873926,0.8966183793394249,45.45515569710992,33.31311287696219,0.7585099863231578,0.7788120024494795,0.5990345806540048,0.5639892249712422,-5.342203018402979,0.6855322826589896,54.848325400562665,45.90525630384395,0.5938888893652313,0.6347086875388762,0.4452217498536198,0.3516379294688995,1.101144786632133,0.6222571673260974,0.9716061490929802,0.4044275463617845,0.4935194084138577,0.0890918620520732,0.0890918620520732,1.2202912804865553,0.3224819197485198,0.28005674654501,0.0424251732035098,-0.0424251732035098,0.8684416998119023,11.666666666666666,11.666666666666666,15128.860230445862,252.14767050743103,4.477207183837891,0.5894769561959166,0.4129471464724407,0.226859026555533,data_reupload/results/encoding_sweep/learnable_seasonal_cdf_rz_tanh_a1/depth_6/seed_42,data_reupload/results/encoding_sweep/learnable_seasonal_cdf_rz_tanh_a1/depth_6/seed_42/best_model.pt,data_reupload/results/encoding_sweep/learnable_seasonal_cdf_rz_tanh_a1/depth_6/seed_42/predictions.npz,data_reupload/results/encoding_sweep/learnable_seasonal_cdf_rz_tanh_a1/depth_6/seed_42/history.csv,data_reupload/results/encoding_sweep/learnable_seasonal_cdf_rz_tanh_a1/depth_6/seed_42/metrics_by_split.csv,data_reupload/results/encoding_sweep/learnable_seasonal_cdf_rz_tanh_a1/depth_6/seed_42/fft_summary_by_split.csv,data_reupload/results/encoding_sweep/learnable_seasonal_cdf_rz_tanh_a1/depth_6/seed_42/fft_power_by_period.csv,data_reupload/results/encoding_sweep/learnable_seasonal_cdf_rz_tanh_a1/depth_6/seed_42/config.json,data_reupload/results/encoding_sweep/learnable_seasonal_cdf_rz_tanh_a1/depth_6/seed_42/encoding_metadata.json,data_reupload/results/encoding_sweep/learnable_seasonal_cdf_rz_tanh_a1/depth_6/seed_42/learned_encoding_parameters.npz
5,learnable_seasonal_cdf_rz,Learnable polar-azimuth seasonal CDF,6,43,1,14,True,True,252,216,15,483,6,0.0763500134520723,35.19220180409814,27.855989529759924,0.8516770376954769,0.8578130433717827,0.698247392723635,0.7118441193435667,1.5446560022403144,0.7378591007635172,48.35513583860267,37.01514750596552,0.7395433387434323,0.7523226314408188,0.4895520145636655,0.5065806942144906,-7.255076880363605,0.5685574022298452,58.19351277721648,49.4685537524559,0.5214507796966341,0.5684739788513373,0.3082303776025031,0.2701392605223263,-2.517870921881836,0.5013182617825342,0.970127129366741,0.4044275463617845,0.4952969670683226,0.090869420706538,0.09086942070653808,1.224686526731416,0.3224819197485198,0.2930537209125018,0.029428198836018,-0.029428198836017994,0.9087446550213826,11.666666666666666,11.666666666666666,15464.769160270693,257.7461526711782,4.746654510498047,0.6267059326658102,0.3772074230049843,0.2102839690954105,data_reupload/results/encoding_sweep/learnable_seasonal_cdf_rz_tanh_a1/depth_6/seed_43,data_reupload/results/encoding_sweep/learnable_seasonal_cdf_rz_tanh_a1/depth_6/seed_43/best_model.pt,data_reupload/results/encoding_sweep/learnable_seasonal_cdf_rz_tanh_a1/depth_6/seed_43/predictions.npz,data_reupload/results/encoding_sweep/learnable_seasonal_cdf_rz_tanh_a1/depth_6/seed_43/history.csv,data_reupload/results/encoding_sweep/learnable_seasonal_cdf_rz_tanh_a1/depth_6/seed_43/metrics_by_split.csv,data_reupload/results/encoding_sweep/learnable_seasonal_cdf_rz_tanh_a1/depth_6/seed_43/fft_summary_by_split.csv,data_reupload/results/encoding_sweep/learnable_seasonal_cdf_rz_tanh_a1/depth_6/seed_43/fft_power_by_period.csv,data_reupload/results/encoding_sweep/learnable_seasonal_cdf_rz_tanh_a1/depth_6/seed_43/config.json,data_reupload/results/encoding_sweep/learnable_seasonal_cdf_rz_tanh_a1/depth_6/seed_43/encoding_metadata.json,data_reupload/results/encoding_sweep/learnable_seasonal_cdf_rz_tanh_a1/depth_6/seed_43/learned_encoding_parameters.npz
5,learnable_seasonal_cdf_rz,Learnable polar-azimuth seasonal CDF,6,44,1,14,True,True,252,216,15,483,15,0.0658872239479296,26.73692304219021,21.025285201039942,0.9147791936416344,0.9046200027288852,0.8490188190961356,0.8336750274924144,2.896087308388251,0.8802177488421693,44.919886836515325,34.311785731392014,0.7593073886811125,0.7769573965532324,0.6442390594525402,0.5741974777656129,-3.069399306167534,0.7402775403579954,56.70953806698087,45.983645806019055,0.5781902993557227,0.6330810698735226,0.4953076094478139,0.3068885473464537,4.744463477767698,0.7284038054229476,0.9760751893501376,0.4044275463617845,0.5323991784051986,0.127971632043414,0.12797163204341405,1.316426596542798,0.3224819197485198,0.2744161041210525,0.0480658156274673,-0.04806581562746731,0.8509503550929294,11.666666666666666,11.666666666666666,15556.265589952469,259.2710931658745,4.756862640380859,0.6422946777813263,0.4013852840769006,0.2764850934377615,data_reupload/results/encoding_sweep/learnable_seasonal_cdf_rz_tanh_a1/depth_6/seed_44,data_reupload/results/encoding_sweep/learnable_seasonal_cdf_rz_tanh_a1/depth_6/seed_44/best_model.pt,data_reupload/results/encoding_sweep/learnable_seasonal_cdf_rz_tanh_a1/depth_6/seed_44/predictions.npz,data_reupload/results/encoding_sweep/learnable_seasonal_cdf_rz_tanh_a1/depth_6/seed_44/history.csv,data_reupload/results/encoding_sweep/learnable_seasonal_cdf_rz_tanh_a1/depth_6/seed_44/metrics_by_split.csv,data_reupload/results/encoding_sweep/learnable_seasonal_cdf_rz_tanh_a1/depth_6/seed_44/fft_summary_by_split.csv,data_reupload/results/encoding_sweep/learnable_seasonal_cdf_rz_tanh_a1/depth_6/seed_44/fft_power_by_period.csv,data_reupload/results/encoding_sweep/learnable_seasonal_cdf_rz_tanh_a1/depth_6/seed_44/config.json,data_reupload/results/encoding_sweep/learnable_seasonal_cdf_rz_tanh_a1/depth_6/seed_44/encoding_metadata.json,data_reupload/results/encoding_sweep/learnable_seasonal_cdf_rz_tanh_a1/depth_6/seed_44/learned_encoding_parameters.npz
5,learnable_seasonal_cdf_rz,Learnable polar-azimuth seasonal CDF,6,45,1,14,True,True,252,216,15,483,9,0.0731979807535458,30.846850133754977,23.99671069493566,0.8837139769467035,0.8772491437247883,0.7994404839908065,0.77861088953072,0.7877942340910382,0.8368620202737449,47.34646935704226,34.28430571568144,0.7404090120857625,0.770238824249847,0.5780111224646602,0.5269510087121623,-9.247630389255226,0.6837694174416635,56.504808298856055,47.06347468133587,0.5595814628933675,0.5744453659547999,0.3959939123070316,0.3118839823613841,-1.5142273040542085,0.587027138200995,0.9692805552243242,0.4044275463617845,0.5683572611464291,0.1639297147846446,0.16392971478464463,1.405337658770651,0.3224819197485198,0.2527718194600243,0.0697101002884955,-0.0697101002884955,0.7838325313156863,11.666666666666666,11.666666666666666,15932.053196907043,265.5342199484507,4.752696990966797,0.6290609023311089,0.3790655965054824,0.2593008558104122,data_reupload/results/encoding_sweep/learnable_seasonal_cdf_rz_tanh_a1/depth_6/seed_45,data_reupload/results/encoding_sweep/learnable_seasonal_cdf_rz_tanh_a1/depth_6/seed_45/best_model.pt,data_reupload/results/encoding_sweep/learnable_seasonal_cdf_rz_tanh_a1/depth_6/seed_45/predictions.npz,data_reupload/results/encoding_sweep/learnable_seasonal_cdf_rz_tanh_a1/depth_6/seed_45/history.csv,data_reupload/results/encoding_sweep/learnable_seasonal_cdf_rz_tanh_a1/depth_6/seed_45/metrics_by_split.csv,data_reupload/results/encoding_sweep/learnable_seasonal_cdf_rz_tanh_a1/depth_6/seed_45/fft_summary_by_split.csv,data_reupload/results/encoding_sweep/learnable_seasonal_cdf_rz_tanh_a1/depth_6/seed_45/fft_power_by_period.csv,data_reupload/results/encoding_sweep/learnable_seasonal_cdf_rz_tanh_a1/depth_6/seed_45/config.json,data_reupload/results/encoding_sweep/learnable_seasonal_cdf_rz_tanh_a1/depth_6/seed_45/encoding_metadata.json,data_reupload/results/encoding_sweep/learnable_seasonal_cdf_rz_tanh_a1/depth_6/seed_45/learned_encoding_parameters.npz
5,learnable_seasonal_cdf_rz,Learnable polar-azimuth seasonal CDF,6,46,1,14,True,True,252,216,15,483,21,0.0762500718046546,25.6837021377466,19.98461969015137,0.9290748517121798,0.9236642631485038,0.7951748864457342,0.8465206831147853,3.689254008549413,0.8129169335341521,48.32347720329683,35.707683432437875,0.720837764314565,0.7648149768174262,0.5717617032121967,0.5072265767239792,-7.264764183635847,0.6855764769598168,56.02679118598671,45.93527327503057,0.5689019524736755,0.5736471076093718,0.3966268493503282,0.3234773282129678,-0.6494131046855964,0.5779135998957247,0.967379588220492,0.4044275463617845,0.5070279265972595,0.1026003802354749,0.10260038023547496,1.2536928583585967,0.3224819197485198,0.2143833373590726,0.1080985823894472,-0.1080985823894472,0.6647918045335831,11.666666666666666,11.666666666666666,15030.764508962631,250.51274181604384,4.767581939697266,0.6839689357727146,0.4037859444448159,0.2381542067455519,data_reupload/results/encoding_sweep/learnable_seasonal_cdf_rz_tanh_a1/depth_6/seed_46,data_reupload/results/encoding_sweep/learnable_seasonal_cdf_rz_tanh_a1/depth_6/seed_46/best_model.pt,data_reupload/results/encoding_sweep/learnable_seasonal_cdf_rz_tanh_a1/depth_6/seed_46/predictions.npz,data_reupload/results/encoding_sweep/learnable_seasonal_cdf_rz_tanh_a1/depth_6/seed_46/history.csv,data_reupload/results/encoding_sweep/learnable_seasonal_cdf_rz_tanh_a1/depth_6/seed_46/metrics_by_split.csv,data_reupload/results/encoding_sweep/learnable_seasonal_cdf_rz_tanh_a1/depth_6/seed_46/fft_summary_by_split.csv,data_reupload/results/encoding_sweep/learnable_seasonal_cdf_rz_tanh_a1/depth_6/seed_46/fft_power_by_period.csv,data_reupload/results/encoding_sweep/learnable_seasonal_cdf_rz_tanh_a1/depth_6/seed_46/config.json,data_reupload/results/encoding_sweep/learnable_seasonal_cdf_rz_tanh_a1/depth_6/seed_46/encoding_metadata.json,data_reupload/results/encoding_sweep/learnable_seasonal_cdf_rz_tanh_a1/depth_6/seed_46/learned_encoding_parameters.npz
