depth,seed,month_index,layer,strength_raw,strength,polar_shift_raw,polar_shift_rad,phase_raw,phase_shift_rad,phase_shift_deg,fixed_phase_rad,learned_phase_unwrapped_rad,learned_phase_wrapped_rad
1,42,0,1,-0.3221336706879953,0.688565078239271,0.19447256213675393,0.3016831642318142,1.740826626485167,0.24617583728993236,14.104836494812394,0.0,0.24617583728993236,0.24617583728993236
1,42,1,1,0.18596610067851804,1.1838515675263295,0.2458076644379876,0.3785207242392813,-1.1338337954777629,-0.21266678892786872,-12.184909448166383,0.5235987755982988,0.3109319866704301,0.3109319866704301
1,42,2,1,-0.9355216831091919,0.2668420850451265,-0.4241550350985284,-0.6289861851892032,-0.514290943758987,-0.1239048712519904,-7.099226183850894,1.0471975511965976,0.9232926799446073,0.9232926799446073
1,42,3,1,-1.5302764981659296,0.08952810169084735,0.9068559659049295,1.1303761280039666,-0.9793031319417512,-0.19707317480250047,-11.291461171427198,1.5707963267948966,1.373723151992396,1.373723151992396
1,42,4,1,-0.5638028630399676,0.48920645257585404,-0.030876085393721896,-0.04848463517283005,-0.19630641017657643,-0.05074275533589692,-2.9073457216118315,2.0943951023931953,2.0436523470572983,2.0436523470572983
1,42,5,1,-0.35122772513729766,0.662536095806556,1.2848499005860865,1.3473846929576732,-0.4869932525146399,-0.11828796878770993,-6.777401378710992,2.6179938779914944,2.4997059092037843,2.4997059092037843
1,42,6,1,0.43830276601162116,1.4122366208499784,-0.527388340340085,-0.7592949763960601,0.7550513513455501,0.1670680264379111,9.572292806472364,3.141592653589793,3.308660680027704,3.308660680027704
1,42,7,1,-1.200294717507564,0.16625552033845303,0.011197241046614823,0.01758785006803427,-0.7674872230926911,-0.1689825877259286,-9.681989087894896,3.665191429188092,3.4962088414621633,3.4962088414621633
1,42,8,1,-0.2797090044151225,0.7273642638724818,0.02707067644879708,0.04251213503440594,0.9574881418531253,0.19455735438045013,11.147315279230892,4.1887902047863905,4.3833475591668405,4.3833475591668405
1,42,9,1,-0.41605972393406054,0.60639422132365,0.9225723574163911,1.1421449479930703,1.2615721154875916,0.22292137931184083,12.772454197803423,4.71238898038469,4.935310359696531,4.935310359696531
1,42,10,1,-0.7163574611285831,0.3853520406581018,0.8094341962230781,1.0512994496626542,0.883880144679796,0.1854476488586655,10.62536760022561,5.235987755982989,5.421435404841654,5.421435404841654
1,42,11,1,-0.04796912490124031,0.952067634175053,0.64120228001713,0.8886271524026349,-0.5534778638353047,-0.13171709937319004,-7.54683388378905,5.759586531581287,5.627869432208097,5.627869432208097
1,43,0,1,-0.4837588618057438,0.5507510978600456,0.13954090998642335,0.21777867582014274,1.0745147543557092,0.20712418436636143,11.867341599282057,0.0,0.20712418436636143,0.20712418436636143
1,43,1,1,-1.088934391160765,0.2035111176738319,-0.4910235864425112,-0.7147570375717668,-0.7932789071270828,-0.17285632371141424,-9.903937810811174,0.5235987755982988,0.3507424518868846,0.3507424518868846
1,43,2,1,-0.9750091661029573,0.2491027185215141,-0.6060489756284341,-0.850334716508457,-1.0767198560229352,-0.20733975756184525,-11.879693033559429,1.0471975511965976,0.8398577936347524,0.8398577936347524
1,43,3,1,-0.6720850706382774,0.41365023357021036,-0.4515349397060609,-0.664698032332045,0.6544005163691665,0.15043645023268865,8.61937368326291,1.5707963267948966,1.7212327770275853,1.7212327770275853
1,43,4,1,-0.589002298536829,0.4708223293043624,-0.38048716806202004,-0.5704040094225943,-1.123614867661477,-0.21174926662229837,-12.132339292448089,2.0943951023931953,1.8826458357708968,1.8826458357708968
1,43,5,1,0.14776895634256823,1.1467027236852252,-1.6056888197712587,-1.4490916560571356,-2.329077071649556,-0.2568802548242075,-14.718154441672196,2.6179938779914944,2.361113623167287,2.361113623167287
1,43,6,1,0.044857316442704916,1.0448272536581875,-1.1858300835430677,-1.3026317509391787,-1.29841778385131,-0.2254918152545195,-12.919729328827643,3.141592653589793,2.916100838335274,2.916100838335274
1,43,7,1,-0.9370198402856534,0.2661499788230203,-0.05608429728385092,-0.08800475603448818,0.5709055838716359,0.13509477586079388,7.740360491089322,3.665191429188092,3.8002862050488857,3.8002862050488857
1,43,8,1,0.09524035619830418,1.0949534308276205,0.14892200151949805,0.23221201804558783,-0.951379388940673,-0.19383807122379965,-11.106103390079971,4.1887902047863905,3.994952133562591,3.994952133562591
1,43,9,1,-0.29728275826280354,0.71117599967424,-0.9857054218659191,-1.186776117767814,1.0771803522262497,0.20738468124932546,11.882266971252209,4.71238898038469,4.919773661634015,4.919773661634015
1,43,10,1,-0.5404665188833985,0.5066589770786376,0.9508375360101364,1.162643729737496,-1.0193559435244306,-0.2014818764820171,-11.544061170795738,5.235987755982989,5.034505879500972,5.034505879500972
1,43,11,1,-0.9885273242989434,0.24326632881719656,-1.1031062586515084,-1.2591692209857848,1.6694492876313611,0.24386058921286166,13.972182551470464,5.759586531581287,6.003447120794148,6.003447120794148
1,44,0,1,-0.25673878943377026,0.7487573087196402,0.05697116956766972,0.08939340965904993,0.5435447490869539,0.12976519098103942,7.434997770922653,0.0,0.12976519098103942,0.12976519098103942
1,44,1,1,-0.46335537642923963,0.5671850153086491,-0.5356807678473521,-0.7692370443254695,0.032776860297699384,0.008577890372821258,0.4914769154885583,0.5235987755982988,0.5321766659711201,0.5321766659711201
1,44,2,1,-1.426192187217789,0.10911639331985046,-0.9636853651059167,-1.1716824703461997,-1.0485712620972032,-0.20453084340105177,-11.718754107131431,1.0471975511965976,0.8426667077955459,0.8426667077955459
1,44,3,1,-1.3983346553978866,0.1150088513214601,-0.8386030657657048,-1.0761029965478106,1.6707770126386927,0.24390653592156497,13.97481510396168,1.5707963267948966,1.8147028627164614,1.8147028627164614
1,44,4,1,-0.6392348282935042,0.4356216689594532,-0.1993953417265706,-0.3091235253554057,0.5641768996481912,0.13379779775579673,7.66604911955211,2.0943951023931953,2.228192900148992,2.228192900148992
1,44,5,1,-0.3537926254865594,0.6602652616739271,-0.9920910078142438,-1.191060279036246,-2.5525186478023403,-0.2586423297017856,-14.819113895343449,2.6179938779914944,2.359351548289709,2.359351548289709
1,44,6,1,-1.2956926722479392,0.13938981400600658,-1.0852759940164198,-1.2490146930518629,-1.409158966059348,-0.2322986291408411,-13.309731036444912,3.141592653589793,2.9092940244489522,2.9092940244489522
1,44,7,1,-0.821956487730825,0.3238666526751439,0.10655215217532939,0.16674118206443891,-0.5170417983490613,-0.12446299987017423,-7.1312045980982965,3.665191429188092,3.5407284293179178,3.5407284293179178
1,44,8,1,-0.10622567743759188,0.8941720738329336,-0.39208139274995757,-0.5861476611104623,0.9804311287839859,0.1972010371731281,11.298787145622699,4.1887902047863905,4.385991241959519,4.385991241959519
1,44,9,1,-0.8367360747810556,0.31592360004752784,0.8319142123089015,1.0705016373123506,0.36114925842883955,0.09064173661767685,5.193388955929294,4.71238898038469,4.8030307170023665,4.8030307170023665
1,44,10,1,-0.3969518171124134,0.622662197288016,1.0295717481935072,1.215382492530201,-0.13075876043018084,-0.03403878746604584,-1.9502788615472326,5.235987755982989,5.201948968516943,5.201948968516943
1,44,11,1,0.22203730416945539,1.218458997840568,0.3165835111205999,0.4813147008143747,-1.684465031906925,-0.24437364626385785,-14.001578555141974,5.759586531581287,5.515212885317429,5.515212885317429
1,45,0,1,-0.24448856341902872,0.7602691200400524,0.2927880996096074,0.4472040739401516,1.0958731154636134,0.2091807829347977,11.985176017406102,0.0,0.2091807829347977,0.2091807829347977
1,45,1,1,-0.540786360875062,0.5064170181340615,0.12470710220053895,0.19488025370320283,-0.6573837569864625,-0.1509586791836476,-8.649295198092403,0.5235987755982988,0.37264009641465123,0.37264009641465123
1,45,2,1,-1.1008802971171296,0.19918499710253923,-0.224892487959497,-0.3474227902787739,-0.7989007183160217,-0.17368341126888664,-9.951326437142127,1.0471975511965976,0.873514139927711,0.873514139927711
1,45,3,1,-1.4150695745200648,0.11143415294319114,0.5648681881788921,0.8035887545653017,-0.6421926561632871,-0.14828072748917584,-8.495859868259265,1.5707963267948966,1.4225155993057208,1.4225155993057208
1,45,4,1,-0.7491226724855526,0.3653747404419516,0.2515073809828305,0.3869422685275735,-0.6545958403804365,-0.15047069740224642,-8.62133590153884,2.0943951023931953,1.9439244049909488,1.9439244049909488
1,45,5,1,-0.0716646328821604,0.928457801146563,0.8789218450152563,1.10879180065377,-0.6963397766658131,-0.15761353276098636,-9.030590221351451,2.6179938779914944,2.460380345230508,2.460380345230508
1,45,6,1,-0.24792133248950893,0.7570363083905299,-0.4857354356158008,-0.7081544944483255,-0.04652210707319983,-0.012170680057086422,-0.6973286010750919,3.141592653589793,3.1294219735327067,3.1294219735327067
1,45,7,1,-0.249332287289577,0.7557091000268512,-1.2266579759672414,-1.3219935048092526,-1.748611917889301,-0.2464101263722328,-14.118260270414202,3.665191429188092,3.418781302815859,3.418781302815859
1,45,8,1,-1.3494600030392319,0.12607422822904757,-0.07607027543659427,-0.11926095599709927,0.7633245692091446,0.16834512949927213,9.645465421891586,4.1887902047863905,4.357135334285663,4.357135334285663
1,45,9,1,-1.3330960590583463,0.1299960060792289,1.1204836138913858,1.2687904186390642,1.1029648905876406,0.2098483072596258,12.023422343941073,4.71238898038469,4.9222372876443155,4.9222372876443155
1,45,10,1,-0.77414202897606,0.35066848339461665,0.7394890179664634,0.9877738112867418,1.2069046201894134,0.21879846345064607,12.536228519669418,5.235987755982989,5.454786219433635,5.454786219433635
1,45,11,1,0.1259931210476122,1.1253306444660789,0.5423560143257905,0.777181814329133,0.7897153405702926,0.1723288571489999,9.87371620295056,5.759586531581287,5.931915388730287,5.931915388730287
1,46,0,1,-0.1675481277852953,0.8340022896111035,0.2165171999006925,0.3348875622429708,0.46787590688418534,0.11427058709311219,6.547222362917426,0.0,0.11427058709311219,0.11427058709311219
1,46,1,1,-0.35942967583169005,0.6552884218160422,0.10981792493587311,0.17181146701531877,-0.8885144030948375,-0.18605014129177838,-10.659887873831547,0.5235987755982988,0.33754863430652043,0.33754863430652043
1,46,2,1,-0.8881828719691475,0.28950494288700157,-0.29147482523187807,-0.4453076835914844,-0.4349800133774613,-0.10720024165956935,-6.142121409875828,1.0471975511965976,0.9399973095370283,0.9399973095370283
1,46,3,1,-1.1265457754711063,0.1901662549386981,0.6621010004706385,0.9106847542427935,-0.9494953911898012,-0.1936149203073492,-11.093317784372886,1.5707963267948966,1.3771814064875474,1.3771814064875474
1,46,4,1,-0.3917193627490407,0.6271584712472444,0.12170020054353337,0.19022800222538697,-0.4921148746913799,-0.1193526048437258,-6.838400531438155,2.0943951023931953,1.9750424975494694,1.9750424975494694
1,46,5,1,-0.2246114550810309,0.7790910839990354,0.7719540484159677,1.0179769575491595,-0.39001734189433845,-0.09722579426549383,-5.570627671220038,2.6179938779914944,2.5207680837260007,2.5207680837260007
1,46,6,1,-0.13991519354265308,0.8609907188338625,-0.3431953018304565,-0.5188764952993953,-0.41115840539260085,-0.1019592969789964,-5.841837399017458,3.141592653589793,3.0396333566107967,3.0396333566107967
1,46,7,1,-0.04423860155630963,0.9557902349787982,-0.7958104887073575,-1.0393772087598008,-1.0247646520837717,-0.20205679309931698,-11.57700146653896,3.665191429188092,3.4631346360887747,3.4631346360887747
1,46,8,1,-0.9963699924802903,0.2399345736621744,-0.06238506686755604,-0.09786730367093882,0.7184366276140428,0.1612527097161399,9.239099701783019,4.1887902047863905,4.350042914502531,4.350042914502531
1,46,9,1,-0.7929599328608709,0.33991743569374755,0.9041715839208376,1.1283391671299914,1.0058115611700231,0.20002103646198827,11.460361203104279,4.71238898038469,4.912410016846678,4.912410016846678
1,46,10,1,-0.5204728266925879,0.521935141349114,0.6481958530950753,0.8960673204725846,0.9779505362165224,0.196919566805867,11.28266008152064,5.235987755982989,5.432907322788856,5.432907322788856
1,46,11,1,0.023941732876735962,1.023937159405798,0.5232664074284826,0.7543232531580086,0.4735310805989462,0.1154660813547101,6.615719138539096,5.759586531581287,5.875052612935997,5.875052612935997
2,42,0,1,-0.20687212362899454,0.7960293232671307,-0.03623286362073475,-0.056889556006630655,-0.43782926720280746,-0.10782037911878092,-6.177652669006617,0.0,-0.10782037911878092,6.175364928060805
2,42,1,1,-0.1678105793893312,0.8337470810483361,0.018245703249082777,0.028657103676427417,0.2866342270223316,0.07305093628949898,4.185510338867357,0.5235987755982988,0.5966497118877978,0.5966497118877978
2,42,2,1,-0.6650102406032785,0.41831195480306793,-0.05318616421353402,-0.08346594428836172,0.6283999228481337,0.14580902617900807,8.354241814969695,1.0471975511965976,1.1930065773756058,1.1930065773756058
2,42,3,1,-0.36114649158896633,0.6537765047791979,-0.30072492797894834,-0.4586346408442954,0.34188641419892046,0.08617400835503658,4.93740698246869,1.5707963267948966,1.6569703351499332,1.6569703351499332
2,42,4,1,-0.02711981473018862,0.9728868320474898,-0.16067528193995947,-0.2502384093768731,-0.3167827332958399,-0.08026637322030562,-4.598924422345407,2.0943951023931953,2.0141287291728895,2.0141287291728895
2,42,5,1,0.2068940642360908,1.2039917044280295,0.16794422139194704,0.26135359192220475,-0.8239939843603764,-0.17730045881577045,-10.158567995876716,2.6179938779914944,2.440693419175724,2.440693419175724
2,42,6,1,-0.4259278749737196,0.5980874331494251,0.1534239099473376,0.23912441035946191,-0.6102408370504285,-0.14249651876240657,-8.164449120392645,3.141592653589793,2.9990961348273864,2.9990961348273864
2,42,7,1,0.11431675666555031,1.1138213700346868,-0.017162022223078312,-0.026955395084522164,0.9297374117362698,0.19123697721283608,10.957071681135005,3.665191429188092,3.8564284064009278,3.8564284064009278
2,42,8,1,0.3073086457529862,1.2979866956913026,0.06032062865731844,0.09463666878323589,-0.2326220675939964,-0.059825082420626424,-3.427724731724189,4.1887902047863905,4.128965122365764,4.128965122365764
2,42,9,1,0.48221238709816044,1.4480136868509728,0.49542018698218554,0.7202223051597907,0.25049980074803047,0.06424253943414897,3.6808263747794956,4.71238898038469,4.776631519818839,4.776631519818839
2,42,10,1,-0.08547834218361212,0.9147292350095323,0.21265591544390203,0.3290932126094858,0.6368308863754444,0.14732443173647752,8.441068157663365,5.235987755982989,5.383312187719467,5.383312187719467
2,42,11,1,-0.5659736622155811,0.48760381628648364,-0.20810541362414248,-0.322252571994914,-0.47944059842152065,-0.11670898698592731,-6.686932385540886,5.759586531581287,5.642877544595359,5.642877544595359
2,42,0,2,-0.38530822537159104,0.6326915413546592,-0.25049763080656967,-0.38545203331374506,0.8684934516474909,0.18341871493962272,10.509118249753522,0.0,0.18341871493962272,0.18341871493962272
2,42,1,2,-0.25504987155387393,0.7503402874196168,-0.14290814809789787,-0.22296381275582752,0.5144365020468855,0.12393444046885174,7.100920375180556,0.5235987755982988,0.6475332160671505,0.6475332160671505
2,42,2,2,-0.8001839991288858,0.3358603766362661,-0.04138033876500322,-0.06496300894326734,-0.20141225923982511,-0.05202796382877248,-2.9809827440479704,1.0471975511965976,0.9951695873678251,0.9951695873678251
2,42,3,2,-0.5245595273211865,0.5187886047699073,0.12965076625415414,0.20252146752521905,0.05996811586644445,0.01568082353147355,0.8984450076428614,1.5707963267948966,1.5864771503263702,1.5864771503263702
2,42,4,2,-0.5070731501802104,0.5323383949926985,0.058336096833053956,0.09153032122200833,-0.09048727451407494,-0.023625067974414278,-1.353616685643623,2.0943951023931953,2.070770034418781,2.070770034418781
2,42,5,2,-0.321972815480422,0.6887103391008452,0.3513967194652749,0.5303222727938476,1.148392900983723,0.21394795248267157,12.258314712722564,2.6179938779914944,2.831941830474166,2.831941830474166
2,42,6,2,-0.8214580529001171,0.32413731607460494,0.16266030393203076,0.2532763777249473,-0.9985732188944558,-0.19922784004685848,-11.414914396192437,3.141592653589793,2.9423648135429348,2.9423648135429348
2,42,7,2,-0.4531783498947992,0.575491894668327,0.13749137617933652,0.2146202648224479,0.0021180154911374614,0.000554494329777214,0.03177018486016961,3.665191429188092,3.665745923517869,3.665745923517869
2,42,8,2,-0.8953483207858071,0.28597466885037215,-0.21700313776620433,-0.3356161017614828,0.15430690414967246,0.040079848167834775,2.296406143542078,4.1887902047863905,4.228870052954226,4.228870052954226
2,42,9,2,-0.6102169345141951,0.45572021339225977,-0.18424297436638715,-0.2861773498870516,-0.6047317132255791,-0.14147848082334988,-8.106119843100501,4.71238898038469,4.570910499561339,4.570910499561339
2,42,10,2,-1.122290409260762,0.1916358770228741,0.06147053034729905,0.09643624835446978,0.3650951759264501,0.09154969742034162,5.245411277885295,5.235987755982989,5.32753745340333,5.32753745340333
2,42,11,2,-0.49398758403742793,0.5426244106737237,-0.03192086777945602,-0.0501241584790122,0.05781033390265524,0.015117872290682247,0.8661902774738668,5.759586531581287,5.7747044038719695,5.7747044038719695
2,43,0,1,-0.4695885683637789,0.5621331741857829,-0.46531824270586836,-0.682367737129669,-0.9902353648781811,-0.19830326235882237,-11.361939996836004,0.0,-0.19830326235882237,6.0848820448207634
2,43,1,1,0.7785726387045679,1.651886674328452,1.0423939874853523,1.223385925857241,0.5585657182811605,0.13270937682584402,7.603687193932116,0.5235987755982988,0.6563081524241429,0.6563081524241429
2,43,2,1,-0.7782091440746831,0.34832240052425567,0.21180323398325748,0.32781238538340207,0.6876744373077589,0.15615965404697166,8.947289107114502,1.0471975511965976,1.2033572052435693,1.2033572052435693
2,43,3,1,-0.855307920271394,0.30616771095826834,0.029401368569103747,0.04617025870428267,-0.37957504215403093,-0.09485996054047269,-5.435075383746613,1.5707963267948966,1.4759363662544238,1.4759363662544238
2,43,4,1,-0.4132226201261728,0.6087944592868544,0.04959889787201698,0.07784594206982252,1.0261407975292527,0.20220230611517404,11.58533874821179,2.0943951023931953,2.296597408508369,2.296597408508369
2,43,5,1,-0.28167507244646456,0.7255453114980982,0.09735545356890599,0.15244426637357794,-0.3532509790246781,-0.08881688754696249,-5.088832805928989,2.6179938779914944,2.529176990444532,2.529176990444532
2,43,6,1,-0.2408467406719729,0.7637046281825961,-0.12202001657864336,-0.19072298123635287,-0.0494710596897983,-0.012940937707160064,-0.7414611135619762,3.141592653589793,3.1286517158826332,3.1286517158826332
2,43,7,1,0.3332269775126962,1.321417372498391,-0.37424484055905943,-0.5618723357202738,0.047225146061562556,0.012354331423512914,0.7078510492731404,3.665191429188092,3.6775457606116047,3.6775457606116047
2,43,8,1,-0.04923428730081211,0.9508054557156305,-0.4383886069656115,-0.6476516901454413,0.15179586786050725,0.03943762252079277,2.2596093244715125,4.1887902047863905,4.228227827307183,4.228227827307183
2,43,9,1,-0.1622060069170426,0.8392017683891647,0.007821510197680646,0.01228574895844542,-0.49710713891927627,-0.12038557761048387,-6.897585511325343,4.71238898038469,4.592003402774206,4.592003402774206
2,43,10,1,-0.8137717165422713,0.3283343284630328,-0.12949288985555385,-0.20227759319498112,-0.788028493054012,-0.17207831122872785,-9.85936097914475,5.235987755982989,5.063909444754261,5.063909444754261
2,43,11,1,-0.5926427189303597,0.4682063832102592,-0.15965052062508775,-0.24866931422138094,-0.3860743698945814,-0.09633459608987309,-5.519565777047211,5.759586531581287,5.663251935491414,5.663251935491414
2,43,0,2,-0.31342001691094873,0.6964547907476313,-0.10506145568215386,-0.16442562167179392,-1.4104055820170671,-0.23236796054570688,-13.313703433331433,0.0,-0.23236796054570688,6.050817346633879
2,43,1,2,-0.2653252329412774,0.7407303799489986,-0.27967910612289515,-0.42821173923525796,1.289847407676482,0.2249083377789628,12.886298532037296,0.5235987755982988,0.7485071133772616,0.7485071133772616
2,43,2,2,-0.7098653374202349,0.38940761750384467,0.3066674626912666,0.4671584963344559,-0.19338208423652603,-0.050005513910278916,-2.865104899441712,1.0471975511965976,0.9971920372863187,0.9971920372863187
2,43,3,2,-0.2733155209266728,0.7332927713247537,-0.4524296853522042,-0.6658513902209215,0.9555922422170287,0.19433481655818835,11.13456480123326,1.5707963267948966,1.765131143353085,1.765131143353085
2,43,4,2,-0.49485181750225005,0.5419412385211364,0.19881105588057538,0.3082411742092301,0.9616148054033026,0.19503957242022937,11.174944337715313,2.0943951023931953,2.2894346748134247,2.2894346748134247
2,43,5,2,0.3958117988932806,1.3763596843033579,-0.32179335482072335,-0.4887180616342451,0.5694898315655379,0.13482262927419567,7.724767640268353,2.6179938779914944,2.75281650726569,2.75281650726569
2,43,6,2,-0.07217927431765978,0.9279458126891185,-0.5032086864773702,-0.7298498990665171,-0.834153704696528,-0.17873045482636737,-10.240500732004465,3.141592653589793,2.9628621987634256,2.9628621987634256
2,43,7,2,0.12481110169420302,1.1241670201601748,-0.2092577950109543,-0.3239861328971376,0.5237692523689886,0.12582180389492745,7.209058333902045,3.665191429188092,3.791013233083019,3.791013233083019
2,43,8,2,-0.21485803969324885,0.7883882624533969,-0.21584496693246594,-0.3338794720585126,-0.382727004257019,-0.09557598480563391,-5.4761005521693065,4.1887902047863905,4.093214219980757,4.093214219980757
2,43,9,2,-0.8087496294477202,0.3311000835215835,0.19943891090539134,0.30918931262295357,0.418433456106075,0.10357042516495663,5.934148244327548,4.71238898038469,4.815959405549647,4.815959405549647
2,43,10,2,-0.25767514075074777,0.7478802691848885,0.2523753880600615,0.3882227205159251,0.5955298243164209,0.1397644976168586,8.00791583921225,5.235987755982989,5.375752253599847,5.375752253599847
2,43,11,2,-0.45207130563319653,0.5763998679895821,0.11642268574095425,0.18205453236894734,-0.4436674598706685,-0.109086510020704,-6.250196625997902,5.759586531581287,5.650500021560583,5.650500021560583
2,44,0,1,-0.03075816864248691,0.969251527429923,-0.051254501893093725,-0.08043995640760099,0.2879855767971924,0.0733770501623349,4.204195287421522,0.0,0.0733770501623349,0.0733770501623349
2,44,1,1,0.29795064187402187,1.2894360513953793,0.13425891928490807,0.20963533735701875,0.5197382199471392,0.12500866950693715,7.162469165293248,0.5235987755982988,0.6486074451052359,0.6486074451052359
2,44,2,1,-0.45376328725221166,0.5750124862910787,0.2005459416950739,0.31086049423448964,0.03578273500707029,0.00936390193351388,0.5365120605647365,1.0471975511965976,1.0565614531301115,1.0565614531301115
2,44,3,1,-0.3087012404657285,0.7007448937129297,-0.14884214173953683,-0.2320893145811052,0.34939146986571673,0.08792159585943418,5.037536370800472,1.5707963267948966,1.6587179226543307,1.6587179226543307
2,44,4,1,-0.2482180481530511,0.7567571283893827,0.08015326817316339,0.1256355239739704,0.3025826325095856,0.07688375008068793,4.40511439276202,2.0943951023931953,2.171278852473883,2.171278852473883
2,44,5,1,0.005193492614688995,1.005193445921599,0.0003061957343855437,0.0004809711198217961,-0.7076036139441971,-0.1594808363647682,-9.13757883691772,2.6179938779914944,2.458513041626726,2.458513041626726
2,44,6,1,0.07831264404195769,1.078152942042425,-0.06157075315181487,-0.09659308362980533,-0.7438898924229845,-0.16532358887850476,-9.472343896694278,3.141592653589793,2.976269064711288,2.976269064711288
2,44,7,1,0.060250871190133996,1.0601780699828083,0.09379987677532463,0.14690989623512266,0.8210329809003493,0.1768799692021709,10.134475715688374,3.665191429188092,3.842071398390263,3.842071398390263
2,44,8,1,0.18246729952766072,1.1804688685968252,0.006986185137184024,0.010973695422122441,-0.07716436033747122,-0.020161581877524225,-1.1551735498895843,4.1887902047863905,4.168628622908867,4.168628622908867
2,44,9,1,0.05348245484616619,1.0534315198664044,0.5308313812012312,0.7634326914060001,0.7094668084704262,0.15978725973130659,9.15513560256456,4.71238898038469,4.872176240115996,4.872176240115996
2,44,10,1,0.2914462464103326,1.2834653939363836,0.29489258695676035,0.45024003123174144,-0.1832915692684508,-0.047455373356330946,-2.7189926085353395,5.235987755982989,5.188532382626658,5.188532382626658
2,44,11,1,-0.24750067840145348,0.7574321711328718,-0.05432394774321042,-0.085248015839699,-0.046738967817220145,-0.012227330795815122,-0.7005744493105447,5.759586531581287,5.747359200785472,5.747359200785472
2,44,0,2,-0.37248510619512415,0.6438365053172221,-0.26807334008719347,-0.4112834335745324,0.5325021134822671,0.12757258892847942,7.309370927159244,0.0,0.12757258892847942,0.12757258892847942
2,44,1,2,-0.3511613013788647,0.662594956421372,-0.09643806955074713,-0.1510166885300441,0.38235174748491824,0.09549082470174727,5.471221237633707,0.5235987755982988,0.6190896003000461,0.6190896003000461
2,44,2,2,-0.8392183119596927,0.3146051932872168,0.0088793675787259,0.013947311428775498,-0.4602473265836676,-0.11264855062611258,-6.4542865191420375,1.0471975511965976,0.9345490005704851,0.9345490005704851
2,44,3,2,-0.34277142611539463,0.670050640647756,0.17571745375397368,0.2732101663285616,0.24753170017895443,0.06351175266089011,3.6389553769477794,1.5707963267948966,1.6343080794557867,1.6343080794557867
2,44,4,2,-0.4439315004387482,0.5831020516347087,0.15776321918584793,0.24577818375023322,-0.6345118320907364,-0.14690902465827377,-8.417267085302427,2.0943951023931953,1.9474860777349214,1.9474860777349214
2,44,5,2,-0.3488534005331643,0.6646417110103101,0.14018908280122758,0.2187771629414234,0.6056923379364699,0.14165643372897704,8.116315793545027,2.6179938779914944,2.7596503117204714,2.7596503117204714
2,44,6,2,-0.555334465016186,0.4954924007182874,0.09673904423962641,0.15148507511439585,-0.45964532438781847,-0.11252009325004655,-6.44692645364613,3.141592653589793,3.0290725603397464,3.0290725603397464
2,44,7,2,-0.4660874494551617,0.5649673661224051,0.14531325315421342,0.22666435526322787,-0.16654659741151512,-0.04320308159029553,-2.4753542370832786,3.665191429188092,3.6219883475977963,3.6219883475977963
2,44,8,2,-0.8546931963761911,0.3064866407636113,-0.14499324292845384,-0.22617212837916936,0.6383775955151323,0.14760088841630534,8.456907958635698,4.1887902047863905,4.336391093202696,4.336391093202696
2,44,9,2,-0.43494580200630595,0.5905537149054414,-0.19649001854820816,-0.3047340986328188,-0.1868644039820145,-0.04835941624432886,-2.770790450516438,4.71238898038469,4.66402956414036,4.66402956414036
2,44,10,2,-0.9564312612642203,0.25731920809902176,0.003925178131978906,0.006165623727124362,0.3963250979141004,0.09864605935753826,5.652002866783943,5.235987755982989,5.334633815340527,5.334633815340527
2,44,11,2,-0.4378207822216076,0.5881635345579672,-0.12424187552594561,-0.19416068400326933,-0.20848543132934477,-0.0538040557507036,-3.0827453152019024,5.759586531581287,5.705782475830583,5.705782475830583
2,45,0,1,-0.1863077524422708,0.8158183497638616,0.085386884672235,0.1338003867701346,0.3778072759096428,0.09445766376100204,5.412025476171239,0.0,0.09445766376100204,0.09445766376100204
2,45,1,1,-0.10818037193921003,0.8922396732299952,0.2870316843119707,0.4388812684224425,0.46099117592986855,0.11280718395456034,6.463375539352207,0.5235987755982988,0.6364059595528592,0.6364059595528592
2,45,2,1,-0.03837369563939668,0.9616451288799398,0.19356659682265046,0.30031233118519735,0.43198838793037136,0.10654755813424491,6.104725398517017,1.0471975511965976,1.1537451093308426,1.1537451093308426
2,45,3,1,0.13776254796920118,1.136897603780416,-0.31941486958820975,-0.48534111055495843,0.5781370374406698,0.13647865757352268,7.819651072574018,1.5707963267948966,1.7072749843684192,1.7072749843684192
2,45,4,1,-0.25070959919254837,0.7544144198368941,0.09661046511266162,0.1512849794235357,-0.5302281407831264,-0.12711812303274203,-7.283331949400859,2.0943951023931953,1.9672769793604532,1.9672769793604532
2,45,5,1,0.31081535026713497,1.3011786700814798,-0.40926902048241537,-0.6092362414940993,-0.3174944948683325,-0.08043515917326002,-4.608595145090788,2.6179938779914944,2.5375587188182345,2.5375587188182345
2,45,6,1,0.01211032472155606,1.012109732723019,-0.0958965709420543,-0.1501739226097746,-0.676695136954644,-0.1542958380070421,-8.840500314237753,3.141592653589793,2.987296815582751,2.987296815582751
2,45,7,1,0.4420784409692519,1.4153657759516558,-0.25416542076290993,-0.39086157457658893,0.2718532099180849,0.06946805047463324,3.9802261031982598,3.665191429188092,3.7346594796627253,3.7346594796627253
2,45,8,1,-0.6174621960381419,0.4506414085423801,-0.10130121019757675,-0.1585814886362609,-0.7434671301770932,-0.16525702864741443,-9.468530276369385,4.1887902047863905,4.023533176138976,4.023533176138976
2,45,9,1,-0.463675889298011,0.5669245798717302,0.11627484243158567,0.18182541621597959,0.025074754034183674,0.006563179794597918,0.37604250241599924,4.71238898038469,4.718952160179287,4.718952160179287
2,45,10,1,-0.49813836802541595,0.5393481779094629,-0.16279092680105914,-0.2534762209991099,0.5123033689632147,0.1235007009131087,7.076068929228601,5.235987755982989,5.359488456896098,5.359488456896098
2,45,11,1,-0.14425060425994982,0.8567416711358182,-0.058423043904370954,-0.09166643294246622,0.5619352911894885,0.1333637307449558,7.641178911805066,5.759586531581287,5.892950262326243,5.892950262326243
2,45,0,2,-0.31798694951420076,0.6923144223728319,-0.2114380962025344,-0.32726376624013725,-0.0404060156184784,-0.010572517052238708,-0.6057606059233721,0.0,-0.010572517052238708,6.272612790127347
2,45,1,2,-0.2667616113752017,0.7393910556283176,-0.1982564192181493,-0.30740341014257827,-0.2631034086902075,-0.06733374417517007,-3.857939360050836,0.5235987755982988,0.45626503142312874,0.45626503142312874
2,45,2,2,-0.7437910535032799,0.36856983461972703,-0.06870928402323713,-0.10775876915557442,0.20582059370511527,0.05313550507520297,3.0444401831050962,1.0471975511965976,1.1003330562718006,1.1003330562718006
2,45,3,2,-0.23474155398516716,0.7694771846286909,0.17317196353520006,0.26933097151982627,0.26476935403762525,0.06774086204480027,3.8812654957450032,1.5707963267948966,1.638537188839697,1.638537188839697
2,45,4,2,-0.39645222801223357,0.6230907337344072,0.10422104067557272,0.1631198511186958,0.4243279920509271,0.10486904804702062,6.008553854648929,2.0943951023931953,2.1992641504402157,2.1992641504402157
2,45,5,2,-0.09616462147066533,0.904130717855957,0.2958934358080984,0.4516825840018682,0.5409272155453977,0.1292476124045893,7.4053427029256715,2.6179938779914944,2.7472414903960836,2.7472414903960836
2,45,6,2,-0.4816307162923391,0.552451354299696,0.047618412906622554,0.07474234353489183,1.1246391101356845,0.2118419163419564,12.137647730357564,3.141592653589793,3.3534345699317494,3.3534345699317494
2,45,7,2,-0.42440182429165535,0.5993677594811588,-0.041827852975667754,-0.06566474726950287,-0.21515354484673613,-0.05547371750452142,-3.178409886910075,3.665191429188092,3.6097177116835706,3.6097177116835706
2,45,8,2,-0.7729614931456144,0.3513517917071174,-0.18990531896828855,-0.29476756572074675,0.605204419387909,0.14156607135509225,8.111138410894645,4.1887902047863905,4.330356276141483,4.330356276141483
2,45,9,2,-0.38219512992519816,0.6353877062243569,-0.3205616970772924,-0.486969987270198,0.2641575092488538,0.06759138223384933,3.8727009334551012,4.71238898038469,4.779980362618539,4.779980362618539
2,45,10,2,-0.5238721389938709,0.519316993123499,0.017223254124112113,0.02705154950494006,0.12262040141855657,0.031942015410003854,1.8301426721350587,5.235987755982989,5.267929771392993,5.267929771392993
2,45,11,2,-0.4320252542661859,0.5929875472135478,-0.09409441438437276,-0.14736849527853643,-0.054500002244999866,-0.014253957409706476,-0.8166916009354083,5.759586531581287,5.745332574171581,5.745332574171581
2,46,0,1,-0.432001705872549,0.5930071947889319,-0.18679103159978544,-0.29004517546687886,-1.0987983788838176,-0.20945704621813502,-12.001004737575757,0.0,-0.20945704621813502,6.073728260961452
2,46,1,1,0.7190068277563062,1.6162937322777524,0.8379890659549672,1.0755909558272132,1.1300865013434023,0.21233209630956454,12.16573297370337,0.5235987755982988,0.7359308719078633,0.7359308719078633
2,46,2,1,-0.9256350427929382,0.27144768673689956,-0.16358951435704983,-0.2546978171339356,0.7956283691795305,0.1732027280362602,9.923785316629926,1.0471975511965976,1.2204002792328579,1.2204002792328579
2,46,3,1,-0.645422019200945,0.4314199656585501,-0.005954185357855291,-0.009352701964431758,-0.00878664883076761,-0.00230028008714615,-0.1317963406914596,1.5707963267948966,1.5684960467077504,1.5684960467077504
2,46,4,1,-0.38322860015242033,0.6344919655732968,0.3729401990259727,0.5600843846387111,0.0643959802181636,0.016835563153878498,0.9646067144431952,2.0943951023931953,2.111230665547074,2.111230665547074
2,46,5,1,0.18223039150597625,1.1802396666403359,0.09210295443963389,0.1442672754713,-0.18719458690731616,-0.04844290333917513,-2.7755739086949376,2.6179938779914944,2.5695509746523193,2.5695509746523193
2,46,6,1,0.0993986930596324,1.0990726252834873,0.09682630359525013,0.15162086587669235,-0.3974672889486271,-0.09890251871117371,-5.666696905363908,3.141592653589793,3.0426901348786193,3.0426901348786193
2,46,7,1,0.3275764264345157,1.3163414100557271,-0.32050832585456507,-0.48689420803539163,0.17758326065553728,0.046008563501624494,2.636096510102724,3.665191429188092,3.7111999926897163,3.7111999926897163
2,46,8,1,0.3207302668839031,1.3101670831915833,-0.5515823680708295,-0.7880767231842366,0.4178425184796784,0.10343990033038467,5.926669722184931,4.1887902047863905,4.292230105116775,4.292230105116775
2,46,9,1,0.40896904620764274,1.38759695830138,0.09710398157649204,0.1520529659698164,-0.43072252915647385,-0.10627090601849773,-6.088874399891339,4.71238898038469,4.606118074366192,4.606118074366192
2,46,10,1,-0.8344468606360465,0.31714346051601616,0.23969038305414622,0.3694564515579488,-0.5593524922098859,-0.13286236482500302,-7.612452760600077,5.235987755982989,5.1031253911579855,5.1031253911579855
2,46,11,1,-0.5169258852934403,0.5246760796741874,-0.09186584007035765,-0.14389795081971005,-0.8578187182790575,-0.1819851617851953,-10.426981704297166,5.759586531581287,5.577601369796092,5.577601369796092
2,46,0,2,-0.46365050773647215,0.5669452012384345,0.061187205900940844,0.09599287308600951,-0.8893925944329327,-0.1861638673256605,-10.666403895593755,0.0,-0.1861638673256605,6.0970214398539255
2,46,1,2,-0.49609708875451053,0.5409578088434087,-0.22803776952174637,-0.3521184163007952,-0.17284329589243186,-0.0448049752002124,-2.567135980160491,0.5235987755982988,0.4787938003980864,0.4787938003980864
2,46,2,2,-0.9632424315065873,0.2542803266909437,0.15431592717971898,0.2404929301398772,0.02315639361492306,0.006061246326480127,0.34728383309648553,1.0471975511965976,1.0532587975230778,1.0532587975230778
2,46,3,2,-0.540929566197485,0.5063087087444694,-0.5222619047994318,-0.7531086685869268,0.755708735712134,0.16716999947567562,9.578135431160398,1.5707963267948966,1.7379663262705722,1.7379663262705722
2,46,4,2,-0.4742726781203898,0.5583549133206653,0.07403818538394245,0.1160868711418677,0.9337168856095518,0.19172148482240958,10.984831922305538,2.0943951023931953,2.286116587215605,2.286116587215605
2,46,5,2,-0.02379986178866558,0.9762046308724651,-0.1583381454497307,-0.24665908697254962,0.3334186790596826,0.08419187111137662,4.82383888399128,2.6179938779914944,2.702185749102871,2.702185749102871
2,46,6,2,-0.3260007025204213,0.6850773342143717,-0.05371722675650691,-0.08429775653925553,-0.6688383422414823,-0.15294718872750418,-8.76322840247687,3.141592653589793,2.988645464862289,2.988645464862289
2,46,7,2,0.1913290254999306,1.1890280644262987,0.006021736229065504,0.00945880682025357,0.9210842478138767,0.19017367747029254,10.896149093529912,3.665191429188092,3.8553651066583843,3.8553651066583843
2,46,8,2,-0.5539161733164036,0.4965504539538347,-0.04045061149275253,-0.06350503897875005,0.5898408311608658,0.13869637339378868,7.946716829234654,4.1887902047863905,4.327486578180179,4.327486578180179
2,46,9,2,-0.6267749155665271,0.4441725019982926,-0.12062083093384086,-0.18855718026981078,-0.0540809965493748,-0.01414458466515477,-0.810425004278833,4.71238898038469,4.698244395719535,4.698244395719535
2,46,10,2,-0.6531193726296939,0.4262338375374872,0.04976524455783117,0.07810659493116012,-0.026980005074790155,-0.007061635457728391,-0.40460190818777003,5.235987755982989,5.22892612052526,5.22892612052526
2,46,11,2,-0.6115705699675626,0.45476828148696913,0.05375837427377801,0.08436220461899731,0.034219546704156494,0.008955161220355744,0.5130929427856079,5.759586531581287,5.768541692801643,5.768541692801643
3,42,0,1,-0.49537323416094103,0.5415293227928231,-0.12973061422481433,-0.20264480624987322,0.342233199969744,0.0862549508098689,4.94204464351401,0.0,0.0862549508098689,0.0862549508098689
3,42,1,1,-0.849761863774734,0.3090549584800423,-0.14031310418756393,-0.21896819294586486,-0.10957938793895589,-0.028573541171576552,-1.6371433148746302,0.5235987755982988,0.49502523442672225,0.49502523442672225
3,42,2,1,-0.16371037308799696,0.8377366547325567,-0.19566760125739172,-0.30349067041101685,-0.652068893086056,-0.15002704097990588,-8.595916260984854,1.0471975511965976,0.8971705102166918,0.8971705102166918
3,42,3,1,-0.16029315278187736,0.8410657346834143,-0.021691971078197664,-0.03406832513667829,0.5401606157365223,0.12909577495587748,7.396643057942451,1.5707963267948966,1.699892101750774,1.699892101750774
3,42,4,1,-0.7488499813116176,0.36553763364398806,0.008141919848923937,0.012789015194730151,-0.4642968973086964,-0.11351093135543384,-6.50369729526556,2.0943951023931953,1.9808841710377614,1.9808841710377614
3,42,5,1,0.2558819285505477,1.250439745270613,0.3464362293063145,0.5234069747171936,0.08640989819676802,0.022565922282971308,1.2929321076344753,2.6179938779914944,2.640559800274466,2.640559800274466
3,42,6,1,-0.056625815457607497,0.943434630254078,0.08072342854659398,0.12652535981238652,-0.33257647508506744,-0.08399413195902436,-4.812509265117001,3.141592653589793,3.057598521630769,3.057598521630769
3,42,7,1,-0.1675558542443521,0.833994776066116,0.13089512819428875,0.20444330592767565,-0.30959130868827195,-0.07855689866544058,-4.500978745166634,3.665191429188092,3.5866345305226512,3.5866345305226512
3,42,8,1,-0.3596580327193746,0.6550872155222721,-0.12342762710750059,-0.1929010806604049,0.2923902564376738,0.07443828852217552,4.264999766497775,4.1887902047863905,4.263228493308566,4.263228493308566
3,42,9,1,-0.5416356837142656,0.5057748802039952,-0.03875939868049211,-0.06085265133106876,-0.4065472925406638,-0.10093337638560182,-5.7830564789003915,4.71238898038469,4.6114556039990875,4.6114556039990875
3,42,10,1,-0.5736787468638817,0.48194415710206095,0.45918247978514654,0.6745277076186004,-0.3256423670327383,-0.08236204348823682,-4.718997483948915,5.235987755982989,5.153625712494752,5.153625712494752
3,42,11,1,-0.5812747392696476,0.4764086806232214,0.13661077917483624,0.2132626858224165,0.9698736823635403,0.19599579030618136,11.229731586875285,5.759586531581287,5.955582321887468,5.955582321887468
3,42,0,2,-0.19018481123152106,0.8120755034326487,0.28847509666687404,0.4409707346542902,-0.327312013719526,-0.08275568647648214,-4.74155156581029,0.0,-0.08275568647648214,6.200429620703104
3,42,1,2,-0.3607782055061758,0.6541006854696556,0.3374501075405743,0.5108214872807892,0.4668216395264776,0.11404706145672636,6.5344152873395425,0.5235987755982988,0.6376458370550252,0.6376458370550252
3,42,2,2,0.20103417313443864,1.198369001874126,0.6804829110444829,0.9296494928899042,-0.24556386190626164,-0.06302666283836737,-3.6111617774324762,1.0471975511965976,0.9841708883582303,0.9841708883582303
3,42,3,2,-0.30530485144015346,0.7038402579960907,-0.1676546537182346,-0.2609113105681845,-1.0014098724921783,-0.19953973151680343,-11.432784461086413,1.5707963267948966,1.371256595278093,1.371256595278093
3,42,4,2,-0.3980195458782136,0.6217468649499279,-0.12349255681169585,-0.19300153307075638,-0.05092365735701687,-0.01332027018527476,-0.7631952635901869,2.0943951023931953,2.0810748322079204,2.0810748322079204
3,42,5,2,-0.014386017667891918,0.9856149746813965,0.3184308584369263,0.4839425666161349,-0.4219959272225023,-0.10435600059672095,-5.979158401056811,2.6179938779914944,2.5136378773947734,2.5136378773947734
3,42,6,2,0.20697580379222114,1.2040700412810632,-0.41738328369916744,-0.6200305415523968,-0.40293950111318255,-0.10012813426296874,-5.736919503787361,3.141592653589793,3.0414645193268246,3.0414645193268246
3,42,7,2,0.06685052444244584,1.0667511173051507,0.1943551649933408,0.3015055552761435,0.305465751422342,0.07757286615412061,4.444597835364341,3.665191429188092,3.742764295342212,3.742764295342212
3,42,8,2,-0.00020739532576913126,0.9997926046772044,0.6119019508753246,0.8568137040212546,0.3669771046101895,0.0919818514926565,5.270171882328329,4.1887902047863905,4.280772056279047,4.280772056279047
3,42,9,2,-0.6221975255703902,0.44734378021122645,0.011163321752459692,0.017534576424786223,0.20882756868904656,0.053889837844268054,3.087660267120942,4.71238898038469,4.766278818228958,4.766278818228958
3,42,10,2,-0.7305288487773678,0.37661121286665844,0.13025270677031134,0.20345120398638802,0.5338760894198665,0.12784669804365517,7.32507622258488,5.235987755982989,5.363834454026644,5.363834454026644
3,42,11,2,-0.21918469987348665,0.7842591543332329,0.5434056304130986,0.7784262963139311,0.8678935381665286,0.18333871598376777,10.50453464721758,5.759586531581287,5.9429252475650545,5.9429252475650545
3,42,0,3,-0.47230543207543907,0.5599398222351162,-0.15084054840447336,-0.23515896498557712,-0.2064424384155412,-0.05329157762198149,-3.0533824813333634,0.0,-0.05329157762198149,6.229893729557605
3,42,1,3,-0.258009646691994,0.7475670523262654,-0.2859466276047311,-0.4373094430323119,0.36453789510237056,0.09142161769948279,5.23807285043887,0.5235987755982988,0.6150203932977816,0.6150203932977816
3,42,2,3,-0.38305258563073297,0.6346444750473341,0.06043338385651418,0.09481314014800268,-0.13887688927061065,-0.03612593157843168,-2.0698634104225193,1.0471975511965976,1.011071619618166,1.011071619618166
3,42,3,3,-0.543681126352259,0.5042306175161629,0.12584270700792072,0.19663635303081595,-0.7787791574627823,-0.1706946186628322,-9.7800812349753,1.5707963267948966,1.4001017081320644,1.4001017081320644
3,42,4,3,-0.7078978481046464,0.39064306402683036,0.20893084655080058,0.3234943783418905,-0.6122431409926394,-0.14286501916879615,-8.185562638427625,2.0943951023931953,1.9515300832243991,1.9515300832243991
3,42,5,3,-0.5018589180965589,0.5364221572839196,0.006540226385476168,0.01027321710567955,0.6118173332735813,0.14278672161712633,8.181076519170736,2.6179938779914944,2.7607805996086205,2.7607805996086205
3,42,6,3,-0.5856915306663961,0.47321016085430734,0.10627035911535489,0.16630351713310348,0.09131754901131342,0.023840647022003694,1.3659684552219462,3.141592653589793,3.165433300611797,3.165433300611797
3,42,7,3,-0.35796991478184387,0.6565753718687669,-0.054587313934625445,-0.08566048612800109,-0.532023115250605,-0.12747694210386906,-7.3038907677852425,3.665191429188092,3.537714487084223,3.537714487084223
3,42,8,3,-0.723123798916664,0.3811594724473557,-0.06876134347683542,-0.10784015881909306,1.144996597771544,0.21365180055339475,12.241346457080345,4.1887902047863905,4.402442005339785,4.402442005339785
3,42,9,3,-0.4600399478219028,0.5698832305811585,-0.12515397737296252,-0.19557136078659748,-0.4333746098346848,-0.10685018864257036,-6.122064849395964,4.71238898038469,4.605538791742119,4.605538791742119
3,42,10,3,-0.5243229895092653,0.5189703895319058,-0.06326703094499127,-0.09924723559886413,-0.4595232379955806,-0.11249403390931416,-6.445433363405271,5.235987755982989,5.1234937220736745,5.1234937220736745
3,42,11,3,-0.8964983114710762,0.285411443141281,-0.1239281440369265,-0.19367538633696768,-0.6865373950749019,-0.1559677591365721,-8.936294338638566,5.759586531581287,5.603618772444715,5.603618772444715
3,43,0,1,0.21722971974114366,1.2138760742223909,0.27186729969092427,0.4168288766136087,-0.9148623278345075,-0.18940082077072912,-10.851867666476519,0.0,-0.18940082077072912,6.0937844864088575
3,43,1,1,0.43910215035358985,1.4128999398625681,0.20279178246151397,0.31424857863514055,0.22440590598249396,0.05778263011319194,3.3107008346514366,0.5235987755982988,0.5813814057114908,0.5813814057114908
3,43,2,1,-0.90076827002385,0.28332825161084707,-0.021213167189325813,-0.03331656778250679,-0.42557176121134205,-0.10514228224558081,-6.024209021045068,1.0471975511965976,0.9420552689510169,0.9420552689510169
3,43,3,1,-0.5057853328059542,0.5333451629895228,-0.12874123616661118,-0.2011163652945395,-0.9403124041803439,-0.1925183040751558,-11.030486302522664,1.5707963267948966,1.3782780227197406,1.3782780227197406
3,43,4,1,-0.16877824254620305,0.8328063157740763,-0.2073764697446366,-0.32115557688915297,0.10396624275483526,0.02712065351577355,1.5538989840904622,2.0943951023931953,2.121515755908969,2.121515755908969
3,43,5,1,0.07487599203317902,1.0747363765138942,-0.19494601833558498,-0.30239937002015627,0.3930206634870921,0.09790286313566791,5.6094208599207045,2.6179938779914944,2.715896741127162,2.715896741127162
3,43,6,1,-0.22263922483482712,0.7809678831882639,0.25374635717910543,0.39024400403277154,1.3554389246821004,0.22916110824184696,13.129964330798456,3.141592653589793,3.37075376183164,3.37075376183164
3,43,7,1,0.2716663678303535,1.2651747116924081,0.2747837134734258,0.4210840779755295,-0.03813803888133986,-0.009979677186653796,-0.5717933836982536,3.665191429188092,3.655211752001438,3.655211752001438
3,43,8,1,-0.9069284619990978,0.2803452547239468,0.10335835108177074,0.1617792350058603,0.559306035480876,0.1328533347175281,7.611935373553216,4.1887902047863905,4.321643539503919,4.321643539503919
3,43,9,1,-0.800690555082729,0.33557734835332254,0.37446109400833244,0.5621685400504542,0.6193469036755944,0.14416589129544802,8.260097120970984,4.71238898038469,4.856554871680138,4.856554871680138
3,43,10,1,-1.3783860444592593,0.1194106509949795,0.27763010425637097,0.42523070179578315,0.5666583783794443,0.1342771548628169,7.693514258663968,5.235987755982989,5.370264910845806,5.370264910845806
3,43,11,1,-0.914534106682586,0.2766986257891838,0.6297575302273087,0.8763240758440277,-1.281528528304887,-0.22433370518580745,-12.853374509678837,5.759586531581287,5.53525282639548,5.53525282639548
3,43,0,2,-0.38781221511515745,0.630527373636208,-0.596386673228127,-0.8395488788065454,-0.10593511785797345,-0.02763046758267202,-1.5831091784601448,0.0,-0.02763046758267202,6.255554839596914
3,43,1,2,-0.5362613471278408,0.5098472671534257,-0.0867060261962614,-0.13585722271709277,-0.5647495831941433,-0.13390853341559397,-7.672393805500088,0.5235987755982988,0.38969024218270487,0.38969024218270487
3,43,2,2,-1.0441110557650832,0.22049370209603436,0.11111031756790526,0.17381698071785504,-0.23268814853325806,-0.059841478734715174,-3.4286641713210453,1.0471975511965976,0.9873560724618825,0.9873560724618825
3,43,3,2,-0.2378158906954131,0.7665682912446456,0.12224138736929355,0.19106557411801442,0.7659669671054986,0.16875017588696178,9.668672870413223,1.5707963267948966,1.7395465026818584,1.7395465026818584
3,43,4,2,-0.2658815922281703,0.7402114944440321,0.16066239636497998,0.2502186824015988,0.45193993016830847,0.11087003120673337,6.352384862629552,2.0943951023931953,2.2052651335999287,2.2052651335999287
3,43,5,2,0.21482686347110405,1.2115819571844952,0.5856449346636545,0.8274266617567372,0.8437721200760907,0.1800661061335503,10.317027914807179,2.6179938779914944,2.798059984125045,2.798059984125045
3,43,6,2,-0.24993695302228386,0.755140603606587,-0.403616596497646,-0.6016765725433223,-0.5994339402488261,-0.14049376417840115,-8.049699735328655,3.141592653589793,3.001098889411392,3.001098889411392
3,43,7,2,-0.01747606900620314,0.9825257099159589,-0.6854024232033219,-0.9346557251431119,-1.0372140390169304,-0.20336197659438646,-11.651782972296575,3.665191429188092,3.4618294525937054,3.4618294525937054
3,43,8,2,-0.42310861784195225,0.6004539604433835,-0.8745668425848634,-1.1053489580515778,-0.29353918563990705,-0.07471466965982526,-4.28083523922213,4.1887902047863905,4.114075535126565,4.114075535126565
3,43,9,2,-0.04533846193746542,0.9546925780941146,0.2585848038695312,0.39736650856076655,1.2788834581323476,0.22414927081660735,12.842807198726513,4.71238898038469,4.936538251201297,4.936538251201297
3,43,10,2,-0.25204611286056683,0.7531589271876801,0.22847778612687625,0.35277479623224506,0.7052241533450521,0.15908849464354377,9.115099312164663,5.235987755982989,5.395076250626532,5.395076250626532
3,43,11,2,-0.47242241006215197,0.5598455022375655,-0.3579116048933259,-0.5393693523400455,0.3804710349701184,0.09506366819281695,5.446746972480457,5.759586531581287,5.854650199774104,5.854650199774104
3,43,0,3,-0.7144887062760149,0.3865161304135937,-0.18067166245506988,-0.28075023767344837,-0.7803393253975391,-0.17092919382119853,-9.793521401528304,0.0,-0.17092919382119853,6.112256113358388
3,43,1,3,-0.4004337707515887,0.6196799478483257,-0.14844732154459422,-0.23148263620894263,0.9341832050434956,0.19177807550723755,10.988074329705936,0.5235987755982988,0.7153768511055364,0.7153768511055364
3,43,2,3,-0.6717137324673759,0.4138939564874581,-0.05479113658613852,-0.085979694323588,0.2619926699555638,0.06706211170337835,3.8423759658384635,1.0471975511965976,1.114259662899976,1.114259662899976
3,43,3,3,-0.3749360762663043,0.6416983175716724,0.1139544958096911,0.17822850086466888,-0.6872883027417361,-0.15609451654563297,-8.943557003199768,1.5707963267948966,1.4147018102492637,1.4147018102492637
3,43,4,3,-0.3719011182091805,0.6443465190275964,0.06903699995803152,0.1082711099987483,-0.5001472615036121,-0.1210123066957724,-6.933494442810471,2.0943951023931953,1.9733827956974228,1.9733827956974228
3,43,5,3,-0.22039916774098528,0.7831015166769373,0.23217093992432866,0.3582787996406212,0.03236577115592227,0.008470381584087234,0.48531711563353513,2.6179938779914944,2.626464259575582,2.626464259575582
3,43,6,3,-0.7678988090664151,0.35429401615081624,-0.025047423968077118,-0.03933617575137091,0.8021635931676555,0.1741606292856697,9.978669015411398,3.141592653589793,3.315753282875463,3.315753282875463
3,43,7,3,-0.933272837693573,0.26788384574092916,0.08498621587361381,0.1331755628694872,0.13937207983174424,0.03625309491498134,2.0771493329156168,3.665191429188092,3.7014445241030733,3.7014445241030733
3,43,8,3,-0.19409902442321583,0.8083023178291242,-0.1298298683246627,-0.20279811748778018,-0.5001093552332788,-0.12100450304115457,-6.933047326336092,4.1887902047863905,4.067785701745236,4.067785701745236
3,43,9,3,-0.7562684347303144,0.3611262670019688,-0.0516128941221005,-0.08100143094929942,1.133409072922837,0.21262895673364765,12.182741823107797,4.71238898038469,4.925017937118337,4.925017937118337
3,43,10,3,-0.9005793586015737,0.28342014709203256,0.16506041892554113,0.25694702493371996,-0.2885442281073113,-0.07351179434445158,-4.21191556037075,5.235987755982989,5.162475961638537,5.162475961638537
3,43,11,3,-0.49254334952131973,0.5437672763963862,-0.14294215281580394,-0.2230161508013668,0.36930964575070735,0.09251668851675883,5.300815786536729,5.759586531581287,5.852103220098046,5.852103220098046
3,44,0,1,-0.4271851003296493,0.5970338250089894,-0.045449970465269725,-0.07134352865226716,-0.3659041080673526,-0.09173552528513387,-5.256058430253819,0.0,-0.09173552528513387,6.191449781894453
3,44,1,1,-0.2081662531486316,0.7947893627576088,-0.2253605631736915,-0.34812200099172125,-0.5978010903463732,-0.14018912795020835,-8.032245365166425,0.5235987755982988,0.3834096476480905,0.3834096476480905
3,44,2,1,-0.6238533500061519,0.4461947449411765,0.3157457665368967,0.4801220208850464,-0.8402092917464827,-0.17957341016783307,-10.288798515388459,1.0471975511965976,0.8676241410287646,0.8676241410287646
3,44,3,1,-0.5717783167157573,0.48333591482940463,0.1336545839137814,0.20870288228446324,0.014226247374224453,0.0037241716164334447,0.21337931580405003,1.5707963267948966,1.57452049841133,1.57452049841133
3,44,4,1,-0.365632194576055,0.649834654539831,0.25039306773582104,0.3852976721309278,0.9616625359867749,0.19504513262690593,11.175262914091102,2.0943951023931953,2.289440235020101,2.289440235020101
3,44,5,1,-0.36787593240307437,0.6478675831403933,-0.052968114909069525,-0.08312439635005904,0.7851133749880356,0.17164402002274926,9.83447792596253,2.6179938779914944,2.7896378980142438,2.7896378980142438
3,44,6,1,-0.28156241738463544,0.7256494839954707,0.13468375949519584,0.21029075162598004,0.020963459189440516,0.005487416959967732,0.3144058322346597,3.141592653589793,3.147080070549761,3.147080070549761
3,44,7,1,-0.13080471127234364,0.869936235449299,-0.05762630450110084,-0.09041912192022648,-0.09855959505034066,-0.025719615466672445,-1.4736254169397263,3.665191429188092,3.6394718137214195,3.6394718137214195
3,44,8,1,-1.1043036247116602,0.19796042736037,0.08669076521663759,0.13583343011465254,0.17173484755113125,0.04452323038690821,2.55099319145846,4.1887902047863905,4.233313435173299,4.233313435173299
3,44,9,1,-0.6089376460193977,0.4566211516650911,-0.039908497957221574,-0.06265486231028196,-0.07562026418876337,-0.019759688459633818,-1.1321467532303766,4.71238898038469,4.692629291925056,4.692629291925056
3,44,10,1,-0.8323269861884048,0.31827649067778563,0.03806560011849562,0.05976444160709416,-0.5235808569604969,-0.12578387101299285,-7.206884939862425,5.235987755982989,5.110203884969996,5.110203884969996
3,44,11,1,-0.3516227182909541,0.6621861318854128,0.18234401968947303,0.28329249111700866,-0.33770103947069496,-0.08519565616481325,-4.881351531091513,5.759586531581287,5.674390875416474,5.674390875416474
3,44,0,2,-0.11094225530466373,0.8895106807952847,0.1458401476291939,0.22747470411249324,0.07451120030025311,0.01947096621060823,1.1156041869096853,0.0,0.01947096621060823,0.01947096621060823
3,44,1,2,-0.221833803612083,0.7817347994011659,-0.25440334709792684,-0.39121214734894116,0.158961496746133,0.04126900123588011,2.3645395955361086,0.5235987755982988,0.5648677768341789,0.5648677768341789
3,44,2,2,-0.6966880051339558,0.3977386858729661,0.17944846959626223,0.278889823389342,0.4879359172455315,0.1184842928127784,6.788649916764436,1.0471975511965976,1.1656818440093761,1.1656818440093761
3,44,3,2,-0.019869147163748883,0.9801334670906612,0.13978553859729614,0.21815553860516362,1.090146822221339,0.208636237952202,11.953975888148344,1.5707963267948966,1.7794325647470985,1.7794325647470985
3,44,4,2,-0.15833413123123644,0.8429758634382691,-0.16156683807565705,-0.2516031267041215,-0.3003437961204871,-0.07634782281032615,-4.374408022044324,2.0943951023931953,2.018047279582869,2.018047279582869
3,44,5,2,-0.35475996945924365,0.6594098496347713,-0.25525536436845936,-0.3924672119699094,0.5557576561013354,0.13216235471918725,7.572345135920328,2.6179938779914944,2.7501562327106814,2.7501562327106814
3,44,6,2,-0.28544367792672226,0.7220641946817887,-0.19764278012620598,-0.3064763125421009,-0.041366102617139695,-0.010823447514835728,-0.6201378623814466,3.141592653589793,3.1307692060749575,3.1307692060749575
3,44,7,2,0.05785410570815827,1.0577896442318837,-0.4897185716170787,-0.7131305964198031,0.16780732953660185,0.043524085107866727,2.4937463838489617,3.665191429188092,3.7087155142959585,3.7087155142959585
3,44,8,2,-0.12510090224657386,0.8755476575475913,-0.3688025720886265,-0.5544029671807285,0.1331949679183123,0.03466560344652806,1.9861927717602184,4.1887902047863905,4.223455808232918,4.223455808232918
3,44,9,2,-0.636706055413738,0.4373474290664403,0.41682681831613105,0.6192924754883175,0.3987213368229409,0.09918383879433763,5.68281535882147,4.71238898038469,4.811572819179028,4.811572819179028
3,44,10,2,-0.5390716653529706,0.5077150697266437,0.449541303422127,0.662125025705476,-0.20316741831913682,-0.05246916135864968,-3.006261500441531,5.235987755982989,5.183518594624339,5.183518594624339
3,44,11,2,-0.33309412406799255,0.6787017610593451,0.4080065398031405,0.6075506328551882,-0.07507978585548188,-0.01961899190167182,-1.1240854342671363,5.759586531581287,5.739967539679616,5.739967539679616
3,44,0,3,-0.4446647041848867,0.5824964667769987,0.13865493116939873,0.2164135668634417,-0.001472163411895903,-0.0003854112015452778,-0.02208243522561037,0.0,-0.0003854112015452778,6.282799895978041
3,44,1,3,-0.32459886294551926,0.686340701459974,0.17498191831372803,0.27208959924108905,-0.5740298026980262,-0.13569393053239973,-7.774689525047884,0.5235987755982988,0.38790484506589906,0.38790484506589906
3,44,2,3,-0.5180339122989205,0.5238188441774496,0.17865777288679932,0.2776867833932129,-0.0641286674929471,-0.01676586905485877,-0.960613536712398,1.0471975511965976,1.030431682141739,1.030431682141739
3,44,3,3,-0.49545175259432683,0.5414673108024153,0.19811220847977826,0.30718555380906115,0.10904414533602748,0.028435076117123686,1.6292098516444318,1.5707963267948966,1.5992314029120203,1.5992314029120203
3,44,4,3,-0.4429636680264739,0.5839019935164705,0.11990356986345756,0.18744664846188044,0.284959058696188,0.07264633562657588,4.162328428493669,2.0943951023931953,2.1670414380197713,2.1670414380197713
3,44,5,3,0.5664728494098473,1.5127642152190015,-0.40812460420885766,-0.6077083371079423,0.404625930157694,0.1005048150102006,5.758501720827581,2.6179938779914944,2.718498693001695,2.718498693001695
3,44,6,3,-0.5341647889420398,0.5114417640834608,0.39879757628133106,0.595205597716262,-0.2672369471459046,-0.06834323855801225,-3.915779127629856,3.141592653589793,3.073249415031781,3.073249415031781
3,44,7,3,0.02074798916261185,1.0207450124835855,0.07539219947788897,0.1182019222244029,0.06516313999682319,0.0170355646453629,0.9760659558015733,3.665191429188092,3.6822269938334546,3.6822269938334546
3,44,8,3,-0.4970139254394551,0.5402344723710859,-0.2029321642488,-0.3144602584209524,-0.4323307515985094,-0.10662233242788569,-6.109009649958706,4.1887902047863905,4.082167872358505,4.082167872358505
3,44,9,3,-0.1959036351405172,0.8065646259718169,0.07879989996516779,0.12352303022587656,0.23776015207099274,0.061098481069581434,3.500685099946972,4.71238898038469,4.7734874614542715,4.7734874614542715
3,44,10,3,-0.6106677575314039,0.4554030202572098,0.17034611827298446,0.2650205643124703,0.36116905147358636,0.09064629723780576,5.193650260214642,5.235987755982989,5.326634053220794,5.326634053220794
3,44,11,3,-0.4019732752037651,0.6183638940602578,0.12224020181022983,0.19106373939888377,0.6006276701462334,0.14071613750254539,8.062440788278415,5.759586531581287,5.900302669083833,5.900302669083833
3,45,0,1,-0.3608224749509331,0.6540617132985485,-0.00036774822889857565,-0.0005776575410986485,-0.9916099994942252,-0.19845650102712453,-11.370719925787922,0.0,-0.19845650102712453,6.084728806152461
3,45,1,1,-0.805644189827069,0.33281963167038275,0.13842400327752796,0.21605770020474238,0.9282449414161645,0.19105453851827847,10.946618713916978,0.5235987755982988,0.7146533141165773,0.7146533141165773
3,45,2,1,-0.09661578037317016,0.9036837248822909,0.3372134182133229,0.5104889894839495,0.7802372878168902,0.17091386680929085,9.792643228433448,1.0471975511965976,1.2181114180058885,1.2181114180058885
3,45,3,1,-0.7802287924790842,0.347161992723781,-0.07673052173552998,-0.12029203825349068,-0.6168819747010867,-0.14371565064965944,-8.234300232202054,1.5707963267948966,1.427080676145237,1.427080676145237
3,45,4,1,-0.5051923414025516,0.5338091489308683,0.3613629700522914,0.5441458544194587,0.4246917543249257,0.10494898842065359,6.013134100670798,2.0943951023931953,2.199344090813849,2.199344090813849
3,45,5,1,-0.2955880015706495,0.7127301401868238,0.22490227470511445,0.3474374112014258,0.813657949465694,0.17582531288013006,10.074048359598645,2.6179938779914944,2.7938191908716243,2.7938191908716243
3,45,6,1,-0.3675463642300213,0.6481563192677711,0.3306950670629424,0.5013120878602179,-0.5971209408201233,-0.140062077042749,-8.024965884385697,3.141592653589793,3.001530576547044,3.001530576547044
3,45,7,1,-0.41931992877842184,0.6036426460420249,0.16358707372777376,0.25469408419442374,-0.2214413713941243,-0.05704384343553704,-3.268371476061319,3.665191429188092,3.6081475857525547,3.6081475857525547
3,45,8,1,0.2779393155785783,1.2709967996512668,-0.08744175346764656,-0.13700418227240901,-0.24646393222716012,-0.06324859551203109,-3.6238775829694614,4.1887902047863905,4.125541609274359,4.125541609274359
3,45,9,1,-1.2661966621460594,0.14723651711308383,0.015659326523044224,0.024595602215852424,-0.04322070036634254,-0.011308112479102508,-0.647907119311792,4.71238898038469,4.7010808679055875,4.7010808679055875
3,45,10,1,-0.9902371309351566,0.24253658076294193,0.19682372239426876,0.3052385187170077,-0.3079005437021226,-0.07815390840080375,-4.477889103818083,5.235987755982989,5.157833847582185,5.157833847582185
3,45,11,1,-0.7026524636306192,0.39395129777734117,0.14177521908838236,0.22121978746935575,-0.6593621384670522,-0.15130401415410621,-8.669081434417956,5.759586531581287,5.608282517427181,5.608282517427181
3,45,0,2,0.15851434437868775,1.1571999012937313,-0.15266748413605058,-0.23796362161188064,-1.086304550329372,-0.20826805803725187,-11.932880732920216,0.0,-0.20826805803725187,6.074917249142334
3,45,1,2,-0.29571961352630516,0.7126093939384477,-0.005082333222926857,-0.00798324162223382,-0.5118715323389715,-0.12341278723203612,-7.071031846341683,0.5235987755982988,0.4001859883662627,0.4001859883662627
3,45,2,2,-0.7216985977491311,0.38203964914260036,0.008454030961960476,0.013279244424468133,0.29787327188811286,0.07575562209329348,4.340477420333731,1.0471975511965976,1.1229531732898912,1.1229531732898912
3,45,3,2,-0.17631411339136618,0.825490456716898,-0.06181505808266895,-0.09697538004330246,0.683275210279795,0.15541576685341343,8.904667510489784,1.5707963267948966,1.72621209364831,1.72621209364831
3,45,4,2,0.39466614828974406,1.3753758874664554,-0.4232496036387331,-0.6277915475947411,0.6931053517967998,0.15707262402706207,8.999598433795825,2.0943951023931953,2.251467726420257,2.251467726420257
3,45,5,2,0.18313441003926378,1.1811141741920175,-0.030936553629182805,-0.04857952778460866,0.13979955425688198,0.03636285494409948,2.0834381193433194,2.6179938779914944,2.654356732935594,2.654356732935594
3,45,6,2,-0.03962924950137785,0.9603914830884794,-0.42496737532693546,-0.6300572601116772,0.10691360540747276,0.027883755382974336,1.59762150041962,3.141592653589793,3.1694764089727676,3.1694764089727676
3,45,7,2,0.06370996353238688,1.0636239045340976,-0.4258039001119365,-0.6311594932636608,-0.3458321209057162,-0.08709387221607091,-4.990111299432566,3.665191429188092,3.578097556972021,3.578097556972021
3,45,8,2,-0.5777733604412822,0.4789548213180056,-0.37034983036135927,-0.5565294749341112,0.7785838175807677,0.17066521517762187,9.778396539369773,4.1887902047863905,4.3594554199640125,4.3594554199640125
3,45,9,2,-0.860477031554641,0.30349663023348084,0.22860164235813132,0.35295953120273604,0.5985806489641748,0.14033463454276354,8.040582278811167,4.71238898038469,4.852723614927453,4.852723614927453
3,45,10,2,-0.2186793503223852,0.7847410353338151,0.35099550908455346,0.529763811711239,-0.07806000611626086,-0.020394654608686218,-1.1685276337047539,5.235987755982989,5.215593101374303,5.215593101374303
3,45,11,2,-0.2136863535775826,0.7895077580767467,0.48679676260560095,0.709482154501112,-0.9090934685211041,-0.18867799757995782,-10.810452948311143,5.759586531581287,5.57090853400133,5.57090853400133
3,45,0,3,-0.34220173536745224,0.67055840650182,-0.038740330641618456,-0.06082274425515898,0.17961045220674735,0.04652270621014169,2.665554717368184,0.0,0.04652270621014169,0.04652270621014169
3,45,1,3,-0.08913152870305711,0.9111037566879107,-0.3700515451317513,-0.5561197013127006,-0.05893501736580612,-0.0154113127060847,-0.883003174814993,0.5235987755982988,0.5081874628922142,0.5081874628922142
3,45,2,3,-0.6361974182983482,0.4376951423847455,-0.007595471956565854,-0.01193071001822666,0.44495454688554875,0.10936481576679151,6.266142370662956,1.0471975511965976,1.156562366963389,1.156562366963389
3,45,3,3,-0.6868862919172574,0.4040220250492752,0.21298458628213282,0.3295867925458274,-0.7762372345626906,-0.17031141081954768,-9.758125042878786,1.5707963267948966,1.400484915975349,1.400484915975349
3,45,4,3,-0.5392249552408475,0.50759893755724,0.044703762883852756,0.07017376705527348,0.050350400432311294,0.013170576037653698,0.7546184207136917,2.0943951023931953,2.107565678430849,2.107565678430849
3,45,5,3,-0.2026235463982753,0.8001046496306823,0.18355769348339887,0.2851365122767998,0.6315006192393872,0.14636801731416174,8.386269647799226,2.6179938779914944,2.7643618953056563,2.7643618953056563
3,45,6,3,-0.11607300226460726,0.8844454852969177,0.15802234571023674,0.24617523760455678,-0.5593327736321946,-0.13285853204418788,-7.612233158435571,3.141592653589793,3.008734121545605,3.008734121545605
3,45,7,3,-0.602347452311957,0.4612821444109305,0.08360967598848111,0.13102859226302827,-0.626637275537669,-0.14549039523726354,-8.335985606785455,3.665191429188092,3.5197010339508283,3.5197010339508283
3,45,8,3,-0.8194443404914884,0.3252326733450973,0.058189410205515185,0.09130068679430156,0.8170356156702242,0.17630963213119044,10.101797808621342,4.1887902047863905,4.365099836917581,4.365099836917581
3,45,9,3,-0.2526628233887605,0.7525798813709735,0.023346016981681577,0.036665176675515845,0.7524201094359325,0.16665901276441078,9.548858049217653,4.71238898038469,4.879047993149101,4.879047993149101
3,45,10,3,-0.7496375223777798,0.3650673464063591,0.14720274001882172,0.22956975838851665,0.9900322233842725,0.1982805898906809,11.360640960100353,5.235987755982989,5.43426834587367,5.43426834587367
3,45,11,3,-0.12020483942301996,0.8803707885849327,0.004093253662607492,0.006429631908997715,0.8357406814684241,0.17895204233399908,10.253196760984585,5.759586531581287,5.938538573915286,5.938538573915286
3,46,0,1,-0.5408170867760372,0.5063937781573609,-0.24354672899154453,-0.37517366527350393,-0.16023042494646297,-0.04159288591583803,-2.383096820746643,0.0,-0.04159288591583803,6.241592421263748
3,46,1,1,-0.5315333862788101,0.5134476536106529,-0.24849801012288047,-0.3824987247816752,-0.11754945854061875,-0.030633409876326873,-1.755165098007903,0.5235987755982988,0.4929653657219719,0.4929653657219719
3,46,2,1,-0.31862190479505464,0.6917396909322746,0.11352260201570598,0.17755878486613103,-0.06395979580685349,-0.0167218393928372,-0.9580908229051746,1.0471975511965976,1.0304757118037604,1.0304757118037604
3,46,3,1,-0.28961786843680104,0.7182169391072227,0.13758077849748598,0.21475807434796218,0.5782499866151103,0.13650019025643859,7.820884804426694,1.5707963267948966,1.7072965170513352,1.7072965170513352
3,46,4,1,-0.08856072990181087,0.9116700734020782,-0.07723333572517399,-0.12107719440031753,-0.2564198321542425,-0.06569694461802746,-3.7641576535176813,2.0943951023931953,2.028698157775168,2.028698157775168
3,46,5,1,0.18127326304442531,1.17931347227966,0.20230368034219728,0.3135124835998591,0.1595562617580714,0.04142082686797472,2.373238563477036,2.6179938779914944,2.659414704859469,2.659414704859469
3,46,6,1,0.053379483625339626,1.0533288420563678,-0.17832340592310958,-0.2771779449166839,0.8432951596227143,0.18000028805007995,10.313256816408687,3.141592653589793,3.321592941639873,3.321592941639873
3,46,7,1,-0.03570105034259817,0.9643141096981563,-0.319230801934328,-0.48507956560082216,0.06356719540804553,0.0166194736115368,0.9522256956701024,3.665191429188092,3.6818109027996284,3.6818109027996284
3,46,8,1,-0.3927599760428819,0.6262628622507649,-0.12307793364996052,-0.1923600441897185,-0.5055432195600424,-0.12212036310800087,-6.9969813986935705,4.1887902047863905,4.066669841678389,4.066669841678389
3,46,9,1,-0.4417356453858938,0.5849179179285973,-0.00891358985414136,-0.014001063398850074,0.20546188141664612,0.05304545640698283,3.039280774465308,4.71238898038469,4.765434436791672,4.765434436791672
3,46,10,1,-0.8320585866794238,0.31842017862316574,0.23299441784241426,0.35950479149701714,0.4562819338747243,0.11180117867394328,6.405735682604975,5.235987755982989,5.347788934656932,5.347788934656932
3,46,11,1,-0.4479022691856842,0.5798268569674851,-0.03657444465103214,-0.05742539980123866,0.5015473266844317,0.12130034243681287,6.949997675121013,5.759586531581287,5.8808868740181,5.8808868740181
3,46,0,2,-0.1271856200597219,0.873495763979935,0.06644177395115691,0.10421318954788192,-0.11687210325643853,-0.030458492784296614,-1.7451430868698676,0.0,-0.030458492784296614,6.25272681439529
3,46,1,2,-0.11081024300732982,0.8896410834023475,-0.015166130579014763,-0.02382107585928375,0.25256892612886406,0.06475135764933303,3.7099795110489215,0.5235987755982988,0.5883501332476319,0.5883501332476319
3,46,2,2,-0.10084808052803061,0.8994924206007551,0.4024435906552508,0.60010365090084,0.27171434289688723,0.06943425369701386,3.9782896904795275,1.0471975511965976,1.1166318048936115,1.1166318048936115
3,46,3,2,0.07754348163102578,1.0773884317792968,0.34572938167310685,0.5224197065038972,-0.3240280191937161,-0.08198104454815767,-4.697167852683422,1.5707963267948966,1.4888152822467389,1.4888152822467389
3,46,4,2,-0.2247879798102151,0.7789231803581775,0.05025473156055497,0.07887355952455345,-0.5526560805755354,-0.1315563500080703,-7.537623623608282,2.0943951023931953,1.962838752385125,1.962838752385125
3,46,5,2,-0.04866145027429015,0.9513769224591249,0.3260291993753067,0.4947196896298552,0.3244550348081993,0.08208186117890924,4.702944220130215,2.6179938779914944,2.7000757391704036,2.7000757391704036
3,46,6,2,-0.34450396319060544,0.6685076025790326,0.439661523134484,0.6493104015346572,0.42927736475750755,0.10595471912054094,6.070758225101081,3.141592653589793,3.247547372710334,3.247547372710334
3,46,7,2,-0.2144175957464605,0.7888090227173289,-0.058029605272208434,-0.0910505115144589,-0.05217716986702178,-0.013647568402571097,-0.7819480700834227,3.665191429188092,3.651543860785521,3.651543860785521
3,46,8,2,-0.2783733728176639,0.7286010672818493,-0.5048497935244736,-0.7318696777478533,-0.09679680997102814,-0.025262494818991725,-1.4474343330993344,4.1887902047863905,4.163527709967399,4.163527709967399
3,46,9,2,-0.5901858594078833,0.4699707335729053,0.3599504730823844,0.5421924101513925,0.8170621306567754,0.17631342537973618,10.102015145753658,4.71238898038469,4.888702405764426,4.888702405764426
3,46,10,2,-0.5258479746047436,0.5177991300546044,0.5183735213967423,0.748396039958137,0.47887683137498926,0.11659069526492895,6.68015476917634,5.235987755982989,5.3525784512479175,5.3525784512479175
3,46,11,2,-0.06364914368266683,0.9364366693511179,0.4392076579962704,0.6487191790202727,0.10390624144062882,0.027105113686590465,1.5530086174639173,5.759586531581287,5.786691645267878,5.786691645267878
3,46,0,3,-0.5399792027478176,0.5070277762336723,-0.3068834118668938,-0.46746768595537785,0.23287465724740952,0.05988775348364092,3.431315519132518,0.0,0.05988775348364092,0.05988775348364092
3,46,1,3,-0.29325684378561045,0.7148703509322673,-0.3779203893688106,-0.5669005246947856,-0.2102156537119675,-0.05423774013488609,-3.107593600056289,0.5235987755982988,0.46936103546341273,0.46936103546341273
3,46,2,3,-0.46277289908653196,0.5676584971768902,0.02446640844301625,0.038424077867903784,-0.20944673289584,-0.054045046526091434,-3.0965530695332104,1.0471975511965976,0.9931525046705062,0.9931525046705062
3,46,3,3,-0.3799164710116293,0.6373650748092856,0.14791130872243752,0.2306588891287652,-0.02543360272336469,-0.0066570662696929135,-0.3814218011923026,1.5707963267948966,1.5641392605252036,1.5641392605252036
3,46,4,3,-0.5790238946208695,0.4780443859600282,0.14319361188967042,0.2234031660044712,0.43401404071844135,0.10698966952046875,6.130056515022321,2.0943951023931953,2.201384771913664,2.201384771913664
3,46,5,3,-0.24416328008540938,0.7605757329484245,0.08436894759894645,0.13221287939749626,-0.3565580746167107,-0.08958217359966994,-5.132680466869353,2.6179938779914944,2.5284117043918246,2.5284117043918246
3,46,6,3,-0.5445454684949657,0.5035789990683681,0.07639615046361069,0.11976987596449772,0.1547973150621501,0.040205218873159324,2.3035893558317526,3.141592653589793,3.1817978724629525,3.1817978724629525
3,46,7,3,-0.506729422544068,0.5326069900248019,0.1348097397031006,0.21048509090871756,0.10019594287529998,0.026143807131616983,1.4979298090456759,3.665191429188092,3.6913352363197087,3.6913352363197087
3,46,8,3,-0.9576299183605337,0.2567821783329439,-0.05246660333314554,-0.08233880908960255,0.034513880520647036,0.009032126695283688,0.5175027396671991,4.1887902047863905,4.1978223314816745,4.1978223314816745
3,46,9,3,-0.6642147494476316,0.41883852633833785,-0.03295420117605896,-0.05174560796147839,-0.23807859691092464,-0.061177303135418616,-3.505201271651945,4.71238898038469,4.651211677249271,4.651211677249271
3,46,10,3,-0.8895320976271983,0.28883745096889357,0.08029994100616784,0.12586444057933982,-0.06965284484563897,-0.018205639988919185,-1.043106334699668,5.235987755982989,5.21778211599407,5.21778211599407
3,46,11,3,-0.5252673624883459,0.5182448643321937,-0.15620346924187903,-0.24338753488214776,-0.018403388376620883,-0.0048174519569459265,-0.2760196651400408,5.759586531581287,5.754769079624341,5.754769079624341
4,42,0,1,-0.3441752530475273,0.668800223556618,-0.16582057255048874,-0.25810897691043133,-0.4671066479301098,-0.11410750917175283,-6.537878686291769,0.0,-0.11410750917175283,6.169077798007834
4,42,1,1,-0.14108320973868635,0.8598454593634972,-0.7145055719906581,-0.963674730504865,-1.03857351788376,-0.20350298330701488,-11.659862061813197,0.5235987755982988,0.32009579229128393,0.32009579229128393
4,42,2,1,-0.9520376394365409,0.2592958562270147,0.1645109872999749,0.2561069973741319,-0.09678957290047338,-0.025260617798993017,-1.4473267877753468,1.0471975511965976,1.0219369333976047,1.0219369333976047
4,42,3,1,0.03646714000513278,1.0364509832961544,-0.30903106629181165,-0.47054046759462964,-0.5952387931986344,-0.13971001261971816,-8.00479407882932,1.5707963267948966,1.4310863141751784,1.4310863141751784
4,42,4,1,-0.28764607420251737,0.720033176320908,0.11175329794688721,0.174814533882975,0.10887641891307186,0.028391682666346237,1.6267235900563752,2.0943951023931953,2.1227867850595414,2.1227867850595414
4,42,5,1,0.2827409185254003,1.2754399607328497,0.14616663011685643,0.22797676295352814,1.2159267615870648,0.21950531224591407,12.576727972392183,2.6179938779914944,2.8374991902374083,2.8374991902374083
4,42,6,1,-0.5906255330717765,0.4696546515614052,-0.12073839924670238,-0.18873919250266483,-0.2609201720651786,-0.06679968434614904,-3.827339985840452,3.141592653589793,3.074792969243644,3.074792969243644
4,42,7,1,-0.2934040862467667,0.7147350848035879,0.13016226321685673,0.2033115172464428,-0.7258038540292236,-0.16244428881802084,-9.307372155276786,3.665191429188092,3.502747140370071,3.502747140370071
4,42,8,1,-0.7132588439084608,0.38728369750012026,-0.15801120412462347,-0.2461581662619292,0.6327054604748121,0.14658470324432046,8.39868483707719,4.1887902047863905,4.335374908030711,4.335374908030711
4,42,9,1,-1.1675895254835547,0.17650210536363709,0.08417167659381339,0.13190519700741904,0.7628935427115361,0.16827892779195158,9.64167234346556,4.71238898038469,4.880667908176641,4.880667908176641
4,42,10,1,-0.8712508859484228,0.29799088345233304,0.17965340142848396,0.2792015708090058,0.08452339644425338,0.022075627532425004,1.2648402877107525,5.235987755982989,5.258063383515414,5.258063383515414
4,42,11,1,-1.2276318360814402,0.15810895624428012,-0.37181145405800725,-0.5585361487687924,0.40992837136174437,0.10168598701443621,5.826177891549289,5.759586531581287,5.861272518595723,5.861272518595723
4,42,0,2,-0.2841608223413188,0.7232483734099306,-0.39578289984092163,-0.5911454446890287,-0.8075152523839506,-0.17493887216750725,-10.02325904797679,0.0,-0.17493887216750725,6.108246435012079
4,42,1,2,0.02714867567387714,1.0271420076572544,-0.12791217892411097,-0.19983529764554323,0.30328364101727917,0.07705141121775776,4.414720668304486,0.5235987755982988,0.6006501868160565,0.6006501868160565
4,42,2,2,-0.4255188872999272,0.5984304118851462,0.17426419722624686,0.270995896515968,-0.5010445308123221,-0.12119694507788809,-6.944073442841824,1.0471975511965976,0.9260006061187096,0.9260006061187096
4,42,3,2,0.18180243135813343,1.1798255774346087,0.09332548115673098,0.14617120274907383,-0.11013537235669772,-0.028717354917744974,-1.6453832355660465,1.5707963267948966,1.5420789718771515,1.5420789718771515
4,42,4,2,0.03708331109799091,1.0370663217999856,-0.5080536585993666,-0.7358039099227811,0.09677603380014299,0.025257106265861466,1.4471255917472885,2.0943951023931953,2.1196522086590566,2.1196522086590566
4,42,5,2,0.09873365568345147,1.0984140722122482,-0.33845530926248263,-0.512233009794252,-0.6689573248803995,-0.15296770529947096,-8.764403915460642,2.6179938779914944,2.4650261726920233,2.4650261726920233
4,42,6,2,-0.34820388013014414,0.6652183084975587,0.11784153708920773,0.18425295805264386,-0.2310881306134537,-0.05944433583611018,-3.405909559367387,3.141592653589793,3.082148317753683,3.082148317753683
4,42,7,2,-0.634385921617566,0.43893512952329305,0.3022338480976826,0.4608018307092401,0.7611006748496376,0.16800316596545026,9.625872354656215,3.665191429188092,3.833194595153542,3.833194595153542
4,42,8,2,-0.8002948914606743,0.335798401418397,0.40748356272597114,0.6068518942744329,-0.057360284441189485,-0.015000439465008602,-0.8594618721864714,4.1887902047863905,4.173789765321382,4.173789765321382
4,42,9,2,-0.5064299950389449,0.5328410384754245,0.14883520987600501,0.23207866373057365,1.171799548742809,0.2159447554401547,12.372723094705588,4.71238898038469,4.928333735824844,4.928333735824844
4,42,10,2,-0.3230115391590555,0.6877725726065556,0.02857346856107894,0.04487088861492998,0.5447616358235547,0.13000535573322955,7.448758197610953,5.235987755982989,5.365993111716218,5.365993111716218
4,42,11,2,-0.5435083507492063,0.5043609382351518,-0.09872364823705089,-0.1545728957106381,0.4704371896035953,0.11481277292890991,6.578287323020409,5.759586531581287,5.874399304510197,5.874399304510197
4,42,0,3,-0.3883662524160755,0.6300490659385223,-0.2670542385979188,-0.40979197904585396,-0.8275134570346174,-0.17779806727409342,-10.187078860388635,0.0,-0.17779806727409342,6.105387239905493
4,42,1,3,0.42822220179333564,1.40383450691452,-0.3143119982618826,-0.47807937722398985,-0.1485411890734268,-0.03860447981691186,-2.2118737638070187,0.5235987755982988,0.484994295781387,0.484994295781387
4,42,2,3,-0.8766649319083438,0.2952553938250493,0.2921969898924876,0.4463506766723134,0.7193352693322317,0.16139863787144917,9.24746076919437,1.0471975511965976,1.2085961890680468,1.2085961890680468
4,42,3,3,0.3112972065165732,1.3016167542185275,-0.3437652767789931,-0.5196739665230631,-0.3676697237975553,-0.09214075646436501,-5.279276466550872,1.5707963267948966,1.4786555703305315,1.4786555703305315
4,42,4,3,0.7430312938258472,1.6309731057864876,-0.3022023348613519,-0.4607565893359065,-0.7954239666078454,-0.17317263367193028,-9.922061036566694,2.0943951023931953,1.921222468721265,1.921222468721265
4,42,5,3,0.17602236979603178,1.1742266699312567,0.05333781892988861,0.08370348844712297,0.6696941705500892,0.15309469851742427,8.771680090876153,2.6179938779914944,2.7710885765089186,2.7710885765089186
4,42,6,3,-0.11051080895716278,0.8899368803839621,0.3955584060165403,0.5908427278822352,-1.0005418600505427,-0.19944443618339572,-11.427324440674859,3.141592653589793,2.9421482174063973,2.9421482174063973
4,42,7,3,-0.7181136050201583,0.38426053338591004,-0.1623665033505814,-0.25282685393574594,-0.05854556066592411,-0.015309704177429962,-0.8771814349605425,3.665191429188092,3.649881725010662,3.649881725010662
4,42,8,3,0.13214209975595184,1.1313782995496788,0.16909603875625798,0.26311243805869855,0.8368322582421933,0.1791041789983422,10.261913549760644,4.1887902047863905,4.367894383784733,4.367894383784733
4,42,9,3,0.2188365306306312,1.2154088567286054,0.3482231147835934,0.5259006785232069,0.9672508788490466,0.19569339810614816,11.212405790055707,4.71238898038469,4.908082378490838,4.908082378490838
4,42,10,3,-0.061259359266734335,0.9388171553986867,-0.1505497934758002,-0.23471246478920282,0.5538109039929333,0.13178220766446108,7.55056431409019,5.235987755982989,5.36776996364745,5.36776996364745
4,42,11,3,-0.28964448968828144,0.7181924318120357,-0.1745903354110721,-0.27149291739528203,-0.34535051124134625,-0.08698172323896913,-4.983685636367924,5.759586531581287,5.672604808342318,5.672604808342318
4,42,0,4,-0.8490358613966863,0.3094345540051612,-0.2087058937483701,-0.32315599430062214,-0.7394895401741187,-0.1646290512000283,-9.432549819004763,0.0,-0.1646290512000283,6.118556255979558
4,42,1,4,-0.7077885285849806,0.3907117960516341,-0.13804128273658933,-0.21546786685384212,-1.4141626349933794,-0.23257598586584263,-13.32562240620707,0.5235987755982988,0.2910227897324562,0.2910227897324562
4,42,2,4,-0.4829602330089107,0.5513887723897972,0.01279272286985095,0.020093665970973628,0.5818287662534264,0.1371811367698117,7.8599001657171215,1.0471975511965976,1.1843786879664093,1.1843786879664093
4,42,3,4,-0.7502491968953446,0.364702403811476,0.06547020055240023,0.10269366555271232,0.12134310522112522,0.0316125467981821,1.8112655111956382,1.5707963267948966,1.6024088735930786,1.6024088735930786
4,42,4,4,-0.3866308909185351,0.631547880183864,0.2181528919200723,0.33733926109048534,0.931148873069061,0.19140914781657406,10.96693633008541,2.0943951023931953,2.2858042502097695,2.2858042502097695
4,42,5,4,-0.20572106809368096,0.7971327488220735,0.3060706546763659,0.4663037978374898,1.1133723470594021,0.21081427979247042,12.07876849319863,2.6179938779914944,2.828808157783965,2.828808157783965
4,42,6,4,-0.743280190858948,0.36887711335027706,0.16024707220890247,0.24958280485647927,0.5620843303631368,0.13339262163016008,7.642834237593668,3.141592653589793,3.274985275219953,3.274985275219953
4,42,7,4,-0.1391005612702644,0.8617896997951795,0.03757928245461448,0.05900162737648527,-1.2205972230703004,-0.21986704706286014,-12.59745385070613,3.665191429188092,3.4453243821252317,3.4453243821252317
4,42,8,4,-0.4776498402996982,0.5556405267626593,-0.05380475461884805,-0.08443484837307975,-0.45852320794030266,-0.11228047459544638,-6.433197316044937,4.1887902047863905,4.076509730190944,4.076509730190944
4,42,9,4,-0.7057346487578527,0.39200482601126785,0.29104263119605084,0.44468327893885873,0.03238960192550076,0.008476613929231696,0.48567420270678163,4.71238898038469,4.7208655943139215,4.7208655943139215
4,42,10,4,-0.5322490014593194,0.5129016384986813,0.11684995304164925,0.1827166340941065,0.32832705981158966,0.08299479516646441,4.7552514845911755,5.235987755982989,5.318982551149453,5.318982551149453
4,42,11,4,-0.8631526139884593,0.30212158392537913,0.13111845298457167,0.20478815124560376,0.804595755485873,0.17451500490766236,9.998973242913902,5.759586531581287,5.934101536488949,5.934101536488949
4,43,0,1,-0.5437511674870344,0.5041777934357976,-0.08344546928650029,-0.13077244821917658,-0.3714067576752398,-0.09299679110425577,-5.328323638533614,0.0,-0.09299679110425577,6.19018851607533
4,43,1,1,-0.4290306095440777,0.595489143287806,-0.20362116386848078,-0.3154990189338236,-0.6654047338046949,-0.15235389124875864,-8.729234960948999,0.5235987755982988,0.37124488434954017,0.37124488434954017
4,43,2,1,-0.5945466613821331,0.4668422669800739,0.3940783559763704,0.5888456879995086,-0.6743561089827491,-0.15389563472943713,-8.817570355483683,1.0471975511965976,0.8933019164671605,0.8933019164671605
4,43,3,1,-0.45781954919636597,0.5716945814132217,0.2859250094868641,0.43727811712200604,0.07679237371083675,0.0200647708118571,1.1496266844166942,1.5707963267948966,1.5908610976067536,1.5908610976067536
4,43,4,1,-0.3722551227422054,0.6440373312555966,0.11392073707077845,0.17817615524655184,0.6431726328508951,0.14845488489975872,8.50583835285659,2.0943951023931953,2.242849987292954,2.242849987292954
4,43,5,1,-0.3491477124814381,0.6643805246954798,-0.10784159692696331,-0.1687435391768455,-0.5993036100896842,-0.14046946843191316,-8.048307691594774,2.6179938779914944,2.477524409559581,2.477524409559581
4,43,6,1,-0.4141831188052544,0.6079812628411797,0.5227505357791551,0.7536996382239489,-0.05637684850100655,-0.014743807410319625,-0.8447579385650225,3.141592653589793,3.1268488461794735,3.1268488461794735
4,43,7,1,-0.39255825206204004,0.6264364226199521,0.20092376011533658,0.311430684246601,0.6846149993929437,0.1556427309276823,8.917671594046483,3.665191429188092,3.820834160115774,3.820834160115774
4,43,8,1,-0.04678302810962353,0.9532510726218035,-0.10756464836118707,-0.16831351694913052,0.19080146297511988,0.0493542378180781,2.827789528060832,4.1887902047863905,4.238144442604469,4.238144442604469
4,43,9,1,0.03461677516133308,1.0346029544483326,0.19252086664910636,0.29872942692820453,-0.3527740909172182,-0.08870639007466384,-5.082501767119414,4.71238898038469,4.623682590310026,4.623682590310026
4,43,10,1,-0.20795958314009289,0.794987337995071,-0.1419179820953973,-0.22143958687101,0.03292441966702595,0.008616479666125408,0.49368791912927856,5.235987755982989,5.244604235649114,5.244604235649114
4,43,11,1,-0.561975181580066,0.4905585343327745,-0.09673808753141655,-0.15148358629704523,0.1313917140574765,0.034201679663933116,1.9596118970017833,5.759586531581287,5.793788211245221,5.793788211245221
4,43,0,2,0.01957050031904682,1.0195680021719828,0.40539944295253516,0.604064542948373,-0.6699232167789102,-0.15313415168425829,-8.773940590824166,0.0,-0.15313415168425829,6.130051155495328
4,43,1,2,-0.251804702696876,0.7533856416112117,0.3304243696740173,0.5009301536474088,-0.31587446895234844,-0.08005088194124617,-4.586577681533424,0.5235987755982988,0.44354789365705266,0.44354789365705266
4,43,2,2,-0.3801795037578847,0.6371366537378751,0.32103348371796625,0.4876397453612631,-0.02291961941047386,-0.005999291873125929,-0.3437341043972499,1.0471975511965976,1.0411982593234717,1.0411982593234717
4,43,3,2,-0.35064104816816616,0.6630560637803982,0.1865021558742355,0.289606858315707,0.6369405700315708,0.1473440523117046,8.442192333815495,1.5707963267948966,1.7181403791066012,1.7181403791066012
4,43,4,2,-0.41488461366035123,0.6073877361133442,0.2110901392023768,0.3267408835222886,0.22235591869801355,0.05727185861720018,3.2814357836355255,2.0943951023931953,2.1516669610103953,2.1516669610103953
4,43,5,2,-0.3993578846041262,0.6206005905820938,0.2949874037002445,0.45037672891693853,-0.27421344621173105,-0.0700420915183212,-4.013116232268866,2.6179938779914944,2.547951786473173,2.547951786473173
4,43,6,2,-0.5838049825711511,0.4745745319516572,0.12558433671945526,0.19623685291882015,-0.03219848290495429,-0.008426631232144925,-0.4828104051150289,3.141592653589793,3.1331660223576483,3.1331660223576483
4,43,7,2,-0.284692470962146,0.7227575168029264,0.03444859256381747,0.054090327924642155,0.3201005230072921,0.08105251760291322,4.64396717755674,3.665191429188092,3.746243946791005,3.746243946791005
4,43,8,2,-0.6565994014624307,0.4239041218777706,0.09457845863681236,0.14812210364467432,-0.07627627327811978,-0.01993044439229903,-1.141930347498913,4.1887902047863905,4.168859760394091,4.168859760394091
4,43,9,2,-0.6655141314180595,0.41797865869887674,0.04623423957994562,0.07257287036397507,0.1405266682966646,0.036549521670700635,2.0941333349530877,4.71238898038469,4.74893850205539,4.74893850205539
4,43,10,2,-0.6115177695191233,0.4548053866115642,-0.07872572504225597,-0.12340723635275652,-0.0038175347222444774,-0.000999423398134248,-0.057262742659715364,5.235987755982989,5.234988332584854,5.234988332584854
4,43,11,2,-0.4924539507707498,0.5438380698364116,0.0968929979478551,0.15172465236863134,-0.15401773964262858,-0.040005916111948,-2.2921701487690402,5.759586531581287,5.719580615469339,5.719580615469339
4,43,0,3,-0.10941959648196865,0.8910150030879769,0.1420181686907302,0.22159382990674395,-0.011992493067095617,-0.003139476838189739,-0.17987877270734812,0.0,-0.003139476838189739,6.280045830341397
4,43,1,3,-0.10675341819450022,0.8936502727258794,0.03526367105063484,0.05536909587883112,-0.2405967085529346,-0.06180017667013092,-3.5408892963613554,0.5235987755982988,0.4617985989281679,0.4617985989281679
4,43,2,3,0.18315718687723162,1.1811362038054285,-0.39126880560466565,-0.5850486506003888,0.26247904719557097,0.06718107489344899,3.849192054546924,1.0471975511965976,1.1143786260900466,1.1143786260900466
4,43,3,3,-0.11923877056743883,0.8813231416531504,0.21217042343177675,0.3283640028446471,0.4804843650439331,0.11692783709179501,6.699471572953096,1.5707963267948966,1.6877241638866916,1.6877241638866916
4,43,4,3,-0.2626194299009473,0.7432560626025239,0.0345744326001584,0.05428776174538999,0.2566083666745439,0.0657431924253516,3.766807457689089,2.0943951023931953,2.160138294818547,2.160138294818547
4,43,5,3,-0.3624271200403628,0.6526498863078863,0.2604783256932738,0.4001491681792935,-0.24773357127278794,-0.06356148957139227,-3.6418050920055727,2.6179938779914944,2.554432388420102,2.554432388420102
4,43,6,3,-0.36059990861912355,0.6542576594668468,0.32964750666947035,0.49983369071065187,0.4481823504990386,0.11006144440837674,6.306056251713721,3.141592653589793,3.25165409799817,3.25165409799817
4,43,7,3,-0.1908394797029923,0.8114440327607331,0.037271401094415735,0.0585186852224034,0.3806827503300491,0.0951117832034814,5.449503759522758,3.665191429188092,3.760303212391573,3.760303212391573
4,43,8,3,-0.6848044241762468,0.4053661004309569,-0.020445745628732914,-0.03211162773154584,0.04867141822075416,0.012732095364500371,0.7294953287439508,4.1887902047863905,4.201522300150891,4.201522300150891
4,43,9,3,-0.31854732052073104,0.6918071894310857,-0.028779411024627586,-0.04519411640363721,-0.4451971917697001,-0.10941724916982734,-6.269146583362417,4.71238898038469,4.602971731214862,4.602971731214862
4,43,10,3,0.005015026329847008,1.005014984286815,0.20385802419235396,0.31585605169082975,-0.3134683955330803,-0.07947944828171773,-4.553836944570729,5.235987755982989,5.156508307701271,5.156508307701271
4,43,11,3,0.06223913320802015,1.0621588920933136,0.08421214322148114,0.13196831339297493,0.1556761439686407,0.04042983910976029,2.3164591473822185,5.759586531581287,5.800016370691047,5.800016370691047
4,43,0,4,-0.47893743978101444,0.5546077621508592,-0.3421999505472988,-0.51748314564844,0.42021392128721546,0.10396332083921712,5.956659508251621,0.0,0.10396332083921712,0.10396332083921712
4,43,1,4,-0.644690010337856,0.4319155344833777,-0.4334153102220273,-0.6411544134270948,-0.035896215794103216,-0.009393573006190533,-0.5382120878027347,0.5235987755982988,0.5142052025921083,0.5142052025921083
4,43,2,4,-0.5871559145792162,0.47215297080682717,0.04102078514144097,0.06439918106990881,-0.1939822915768129,-0.050156897629028536,-2.8737785476130604,1.0471975511965976,0.9970406535675691,0.9970406535675691
4,43,3,4,-0.2244171045958712,0.779275957969924,0.04878482370995207,0.07657028680771082,0.2790678432713313,0.07122046281865331,4.080631934477237,1.5707963267948966,1.6420167896135498,1.6420167896135498
4,43,4,4,-0.3956586145202144,0.6237718096021705,0.1603514949728453,0.24974268810293546,-0.49948766055073346,-0.12087647753477009,-6.925712005150236,2.0943951023931953,1.973518624858425,1.973518624858425
4,43,5,4,-0.3138239795189873,0.696088094115332,0.4369087275834471,0.6457210994647634,0.8890356568661313,0.1861176609345188,10.663756464394805,2.6179938779914944,2.8041115389260134,2.8041115389260134
4,43,6,4,-0.26162327851580947,0.7441867879597235,0.07504390705397308,0.11765790946990894,-0.23485449470916683,-0.06037872776507274,-3.45944627330803,3.141592653589793,3.0812139258247204,3.0812139258247204
4,43,7,4,-0.48535755078902304,0.5494759804905243,0.2654148366080192,0.40739105162712314,0.3672411546558367,0.09204244061424724,5.273643383279883,3.665191429188092,3.757233869802339,3.757233869802339
4,43,8,4,-0.5217592266603742,0.5209433534394463,-0.3143973794719104,-0.47820106709589144,-0.18232648385581396,-0.04721097362416171,-2.7049895353679143,4.1887902047863905,4.141579231162229,4.141579231162229
4,43,9,4,-0.5373099385427001,0.5090510090575716,0.1186789015740463,0.18555006169334823,0.9104377693064659,0.18884697335322034,10.820134546959045,4.71238898038469,4.90123595373791,4.90123595373791
4,43,10,4,-0.7474272636760141,0.3663884143662163,-0.19891455909144257,-0.3083974929074152,0.025211016960128098,0.006598830803076537,0.3780851547372092,5.235987755982989,5.242586586786065,5.242586586786065
4,43,11,4,-0.4297163971142353,0.5949157296344569,-0.12494357360228248,-0.19524597403094227,-0.08298976542110303,-0.021676927439844885,-1.2419964551144367,5.759586531581287,5.737909604141442,5.737909604141442
4,44,0,1,-0.47926429911168045,0.5543457814419512,-0.31867874906080923,-0.4842949657251974,0.5959203273476066,0.13983757851787548,8.012103066403531,0.0,0.13983757851787548,0.13983757851787548
4,44,1,1,-0.027785283895740337,0.972221864180371,0.12822265912261643,0.20031508653748456,-0.27836109963329636,-0.0710490979823115,-4.070813452597902,0.5235987755982988,0.4525496776159873,0.4525496776159873
4,44,2,1,-0.31072708886535966,0.6989015873861051,0.20252258968535725,0.31384263325855544,-0.7482273889249492,-0.16600443845261323,-9.511353703773972,1.0471975511965976,0.8811931127439844,0.8811931127439844
4,44,3,1,-0.27747804452704977,0.7294306493951652,-0.4893334562085394,-0.7126502581419456,0.9557370877212616,0.1943518404206706,11.135540196704504,1.5707963267948966,1.765148167215567,1.765148167215567
4,44,4,1,0.09327841782071511,1.0930088218170781,0.23744724557895242,0.36612611071876955,0.03273484919587288,0.008566903684424124,0.4908474246125772,2.0943951023931953,2.1029620060776195,2.1029620060776195
4,44,5,1,0.6127043227448943,1.5460279394237983,0.009843113758864432,0.015461027616254293,-0.6955017444649272,-0.15747358636685704,-9.022571883609768,2.6179938779914944,2.460520291624637,2.460520291624637
4,44,6,1,-0.24730470435603275,0.7576166229976508,0.05579540981545576,0.08755238971568015,0.8533104522610975,0.1813732996363565,10.391924585524897,3.141592653589793,3.3229659532261495,3.3229659532261495
4,44,7,1,-0.172817469369807,0.8288826715044313,0.4679894816854226,0.6857679296603266,-0.4967063407358405,-0.1203028210245221,-6.892843908222822,3.665191429188092,3.5448886081635695,3.5448886081635695
4,44,8,1,-0.13349846554915198,0.8672889841834625,-0.20416701196089318,-0.31632175503818827,0.4560920624323312,0.11176053248481174,6.4034068275144485,4.1887902047863905,4.300550737271203,4.300550737271203
4,44,9,1,-0.8996433044296079,0.283875855446427,0.35036579658686146,0.5288869844666487,0.9745667290321999,0.19653391227860012,11.260563704758136,4.71238898038469,4.9089228926632895,4.9089228926632895
4,44,10,1,0.6375319202010686,1.5632167228924265,0.28861964808856144,0.4411798924061226,0.009772475814452583,0.0025583467442249204,0.14658247097512306,5.235987755982989,5.238546102727214,5.238546102727214
4,44,11,1,0.2132561476171525,1.21008105988216,0.32782710122701514,0.4972622516560543,-0.5570068516004555,-0.13240589505554806,-7.586298969334998,5.759586531581287,5.627180636525739,5.627180636525739
4,44,0,2,-0.6498712127375869,0.4284167390394491,-0.05049969818464765,-0.07925737729443633,0.31929441457908564,0.08086165954754868,4.633031816498277,0.0,0.08086165954754868,0.08086165954754868
4,44,1,2,0.14595006570445365,1.1449225055825472,0.2615859808419766,0.4017757002069168,0.4214270090962195,0.10423069529379261,5.971978936048409,0.5235987755982988,0.6278294708920914,0.6278294708920914
4,44,2,2,0.16846729361013132,1.1668914117668374,-0.2943497656103598,-0.44945730050698246,-0.3482889383024806,-0.08766541370589695,-5.022858214616217,1.0471975511965976,0.9595321374907007,0.9595321374907007
4,44,3,2,-0.26007763613103313,0.7456318531112776,0.28728710071815566,0.4392511290823271,0.3052924285624993,0.07753147209601248,4.442226130537826,1.5707963267948966,1.648327798890909,1.648327798890909
4,44,4,2,-0.1111215661311564,0.8893335624865305,-0.019045911918094214,-0.029913631544554006,-0.6337963963689005,-0.14678065171778806,-8.409911857608913,2.0943951023931953,1.9476144506754072,1.9476144506754072
4,44,5,2,-0.22323219822105156,0.7804034311179953,0.13334098679064074,0.2082189607190546,0.2325603362369854,0.05980976489800993,3.4268471023256675,2.6179938779914944,2.6778036428895042,2.6778036428895042
4,44,6,2,-0.8789773372864097,0.2940933749327682,-0.192997353872296,-0.29945075594264325,0.03556066112362543,0.009305837044196545,0.5331851874689589,3.141592653589793,3.1508984906339896,3.1508984906339896
4,44,7,2,-0.027883968744551315,0.9721232557498732,0.04150546151645202,0.06515921412327867,0.5635026596201609,0.13366734175109746,7.658574541070703,3.665191429188092,3.7988587709391894,3.7988587709391894
4,44,8,2,-1.179812160405024,0.17260762849940925,-0.3242087993895414,-0.49214237581225945,0.30676509297804533,0.07788304756700636,4.462369921206099,4.1887902047863905,4.266673252353397,4.266673252353397
4,44,9,2,-1.2354382807242532,0.15585045670334452,-0.14374387699586288,-0.22424997046016606,-0.5059053665417832,-0.1221945307573249,-7.0012308919762445,4.71238898038469,4.590194449627365,4.590194449627365
4,44,10,2,-0.815738917277752,0.3272560265399913,0.05064487548622107,0.07948483902381048,0.6336916317247204,0.14676184481147306,8.408834301251366,5.235987755982989,5.382749600794462,5.382749600794462
4,44,11,2,-0.4559045760403818,0.5732595429587546,-0.05703573881856223,-0.0894945059435373,-0.9400840667909709,-0.19249084691302978,-11.028913123015437,5.759586531581287,5.567095684668257,5.567095684668257
4,44,0,3,-0.19181108792224288,0.81050714040713,-0.12367161620065621,-0.19327854662043348,-0.03319886373375914,-0.008688250475070944,-0.49780008357409755,0.0,-0.008688250475070944,6.274497056704515
4,44,1,3,0.22517200502015008,1.2214420446096979,0.060787901895848984,0.09536797500991159,0.3600531681991173,0.09038908316016507,5.178912979134481,0.5235987755982988,0.6139878587584638,0.6139878587584638
4,44,2,3,-0.6276635133949765,0.4435587346273825,-0.0105917716055932,-0.016636893796855557,-0.7340636003984244,-0.1637673309613108,-9.383176886205243,1.0471975511965976,0.8834302202352868,0.8834302202352868
4,44,3,3,-0.4654209275805988,0.5655079031244035,0.13024343017207754,0.20343687677238181,-0.7655275263467621,-0.16868291066696237,-9.664818857199238,1.5707963267948966,1.4021134161279343,1.4021134161279343
4,44,4,3,-0.42343027961450413,0.6001836825484331,-0.12958767462975906,-0.20242401002140537,-0.20881751481873018,-0.05388731726854338,-3.087515848769975,2.0943951023931953,2.040507785124652,2.040507785124652
4,44,5,3,-0.2240953951261875,0.7795820157652087,-0.010033306188748741,-0.015759751680245505,-0.2405383131345776,-0.06178574048825963,-3.540062164067847,2.6179938779914944,2.556208137503235,2.556208137503235
4,44,6,3,-0.6074102571389988,0.4576984561016848,0.01940565404660879,0.030478504332462145,-0.6667499323418525,-0.1525866128248119,-8.742568925058482,3.141592653589793,2.9890060407649814,2.9890060407649814
4,44,7,3,-0.6755657019980801,0.4113709252951895,-0.07150375566648587,-0.11212680835712605,0.1970102937690877,0.050920084630941075,2.917505941801892,3.665191429188092,3.716111513819033,3.716111513819033
4,44,8,3,-0.6627150354308561,0.41983257960558373,0.3204363672558576,0.48679203350936917,1.1255020302525738,0.21191985424811816,12.14211324344472,4.1887902047863905,4.400710059034509,4.400710059034509
4,44,9,3,-0.20356657967214298,0.7991994691249293,-0.05890433617129771,-0.09241984924894531,0.5750384646721864,0.13588695554875402,7.785749043825429,4.71238898038469,4.848275935933444,4.848275935933444
4,44,10,3,-0.6979356895448843,0.3969441573641931,0.16365113524130803,0.2547920652224239,0.5661744289874431,0.1341837640549486,7.688163359527797,5.235987755982989,5.370171520037937,5.370171520037937
4,44,11,3,-0.2851329770791673,0.722350919164206,-0.22213036880755743,-0.34329379751440314,0.11751830200143526,0.030625364763051652,1.754704146971528,5.759586531581287,5.7902118963443385,5.7902118963443385
4,44,0,4,-0.4353536268759321,0.5902143170423757,-0.31047716130482866,-0.47260726026680067,-0.5429111181680035,-0.12964002280528714,-7.427826162722696,0.0,-0.12964002280528714,6.1535452843742995
4,44,1,4,-0.566974980126298,0.48686577315765156,0.10026246538596412,0.15696629336685744,-0.14011893158304745,-0.03644485102915118,-2.0881361489533776,0.5235987755982988,0.48715392456914763,0.48715392456914763
4,44,2,4,-0.09299569073334142,0.9072714668628143,-0.28031628555458643,-0.42913807683002453,-1.1792683082155273,-0.21656588629675144,-12.408311271313927,1.0471975511965976,0.8306316648998462,0.8306316648998462
4,44,3,4,-0.2130361904029247,0.7901291994414482,0.11224840807005572,0.17558257620785303,-0.4920293647263566,-0.11933487046936941,-6.837384426635229,1.5707963267948966,1.4514614563255273,1.4514614563255273
4,44,4,4,-0.6306421416467893,0.44150577845925243,0.38508537872210585,0.576663932885141,0.41841952483060046,0.10356734876150084,5.933971979393451,2.0943951023931953,2.1979624511546962,2.1979624511546962
4,44,5,4,-0.64905607441957,0.4289658213236971,0.15738860575560884,0.24520411495081532,-0.828586736956049,-0.17794934293184622,-10.195746317120935,2.6179938779914944,2.440044535059648,2.440044535059648
4,44,6,4,-0.23360511338887302,0.7705535154073685,-0.0475394480232977,-0.07461858615409199,-1.0812776581590455,-0.2077829530811572,-11.905086266315113,3.141592653589793,2.933809700508636,2.933809700508636
4,44,7,4,-0.38455342146520083,0.6333446914708801,-0.1772166146950293,-0.275493206111981,-0.444902359652282,-0.10935353718029388,-6.265496155257768,3.665191429188092,3.5558378920077978,3.5558378920077978
4,44,8,4,-0.6021878315987776,0.46139545023336215,-0.07227310821461426,-0.11332908046625846,-0.24702314355423566,-0.06338643311703483,-3.6317750959943673,4.1887902047863905,4.1254037716693555,4.1254037716693555
4,44,9,4,-0.1458109897275157,0.8552136521900624,-0.14510941312033487,-0.22635082195496864,-0.32365302206470786,-0.08189248702881992,-4.69209388058122,4.71238898038469,4.63049649335587,4.63049649335587
4,44,10,4,-0.6021998893406949,0.46138689043600145,0.0808005590982854,0.1266457293806954,-0.7182785465929429,-0.16122702262242145,-9.237627939724995,5.235987755982989,5.074760733360567,5.074760733360567
4,44,11,4,-0.37991066849424854,0.6373701142825083,-0.011006978797027169,-0.01728902366006895,0.5993724200475192,0.1404822961955799,8.049042668313469,5.759586531581287,5.900068827776867,5.900068827776867
4,45,0,1,-0.5117159033724222,0.5287189308941309,-0.06446025197606096,-0.10111391884725343,-1.0866028986213945,-0.2082967275332911,-11.93452337404403,0.0,-0.2082967275332911,6.074888579646295
4,45,1,1,-0.6264561645332595,0.4443928157718461,-0.19327441248643396,-0.2998701202188185,0.24865778713695982,0.06378913516289389,3.654848223623375,0.5235987755982988,0.5873879107611927,0.5873879107611927
4,45,2,1,-0.147557731189227,0.8535039619475849,0.15219413505518084,0.23723709864750955,0.0901477795496543,0.023536909490205076,1.348565576570165,1.0471975511965976,1.0707344606868028,1.0707344606868028
4,45,3,1,0.2763959744781163,1.269566203189986,0.18371179949567784,0.2853705985131976,0.23405201565341827,0.06017977708732012,3.448047239141537,1.5707963267948966,1.6309761038822166,1.6309761038822166
4,45,4,1,-0.46960488118535726,0.5621199890725538,0.4974477342435461,0.7227352774364464,0.5197637674252693,0.12501383279378953,7.162764999838305,2.0943951023931953,2.219408935186985,2.219408935186985
4,45,5,1,-0.6196447936353463,0.4491193351125491,-0.08536560137310915,-0.1337671975500503,-0.3441144787205495,-0.08669373304042136,-4.967185013450002,2.6179938779914944,2.5313001449510732,2.5313001449510732
4,45,6,1,-0.06084656569036281,0.9392284141115002,0.18526010439020527,0.2877217366042869,-0.2710698083221002,-0.06927735744213193,-3.9693001972533835,3.141592653589793,3.072315296147661,3.072315296147661
4,45,7,1,0.02831954433348986,1.0283119760353732,0.04995217495848485,0.07839949579388199,0.4825598358664502,0.11736240197195476,6.724370306510858,3.665191429188092,3.7825538311600466,3.7825538311600466
4,45,8,1,-0.29587092014115185,0.7124705902821913,-0.022259371790099285,-0.03495916578382438,0.2213162856252145,0.057012649944437305,3.266584220673025,4.1887902047863905,4.245802854730828,4.245802854730828
4,45,9,1,0.21377479825244866,1.2105767663075293,0.44517673876671104,0.6564769792079915,-0.20204382954031236,-0.05218675839109483,-2.9900810022786684,4.71238898038469,4.660202221993595,4.660202221993595
4,45,10,1,0.020501862070697537,1.0204989900626291,0.02554557198732709,0.040118164302819836,-0.043413564414878314,-0.011358509545877875,-0.6507946585378596,5.235987755982989,5.224629246437111,5.224629246437111
4,45,11,1,-0.6033214328638175,0.4605911922642677,-0.11554249210857556,-0.180690360745814,-0.3858618599301811,-0.0962864904763108,-5.516809528419205,5.759586531581287,5.663300041104976,5.663300041104976
4,45,0,2,-0.40711940693801224,0.6139759329023138,0.13395815597922053,0.2091712954581972,-0.5622808711173751,-0.13343071387444097,-7.645016762423144,0.0,-0.13343071387444097,6.149754593305145
4,45,1,2,0.06651695911852723,1.066419030870263,-0.19763595850900462,-0.30646600506426835,-0.03782519935784477,-0.009897894028993055,-0.5671075539290401,0.5235987755982988,0.5137008815693057,0.5137008815693057
4,45,2,2,-1.144113577455035,0.18420537537814474,0.11169718657272822,0.174727485455799,-0.42164973094539343,-0.1042797569712808,-5.974789963104314,1.0471975511965976,0.9429177942253169,0.9429177942253169
4,45,3,2,-0.36045265341224375,0.65438731871558,0.16421004131346345,0.25564681637802694,-0.17790400442524326,-0.04608993604988764,-2.6407588136864266,1.5707963267948966,1.524706390745009,1.524706390745009
4,45,4,2,-0.2154188156158897,0.7878526614257729,0.006150484851721609,0.009661037192666914,0.045448058583116645,0.011890088611612242,0.6812518954819461,2.0943951023931953,2.1062851910048077,2.1062851910048077
4,45,5,2,-0.25947964293547726,0.7461912392827077,0.2859263977912129,0.4372801288670941,-0.4004885429963489,-0.09957982181560951,-5.7055035146991875,2.6179938779914944,2.5184140561758848,2.5184140561758848
4,45,6,2,-0.7260320797670354,0.37936818623625423,0.06901777896354722,0.10824106113500147,0.08427856127720522,0.02201198427776435,1.261193797824221,3.141592653589793,3.1636046378675573,3.1636046378675573
4,45,7,2,-0.17793771548395854,0.8239167463901981,0.014921788514577027,0.02343735109530795,0.48462359195318905,0.11779371293589029,6.7490826044020835,3.665191429188092,3.782985142123982,3.782985142123982
4,45,8,2,-0.7679276122915365,0.35427722234577375,0.2181254671988169,0.33729816900608967,0.34618095315709047,0.08717507983685939,4.9947641533680445,4.1887902047863905,4.27596528462325,4.27596528462325
4,45,9,2,-0.8373643664898444,0.3155894677079951,0.02780160829697571,0.04365941622231679,0.34406796911023246,0.08668289189566311,4.966563861610264,4.71238898038469,4.7990718722803525,4.7990718722803525
4,45,10,2,-0.4862225501132246,0.5487868204554649,0.18503767929803772,0.287384060537945,-0.002899639977829325,-0.0007591218434916296,-0.04349447776826099,5.235987755982989,5.235228634139498,5.235228634139498
4,45,11,2,-0.37871327933132803,0.6384104974974607,0.32048900303096234,0.4868667718683442,-0.45372602229001086,-0.11125347690428493,-6.374354682771706,5.759586531581287,5.6483330546770025,5.6483330546770025
4,45,0,3,-0.33120943035360534,0.6803929150937789,0.0029850067456735725,0.004688823705349299,-0.053406907434163625,-0.013968617309931047,-0.8003428174924344,0.0,-0.013968617309931047,6.269216689869655
4,45,1,3,-0.16102541861704683,0.8403520491447818,0.2301098781878356,0.3552082799583319,0.32733465203849554,0.08276102093248715,4.741857207625374,0.5235987755982988,0.606359796530786,0.606359796530786
4,45,2,3,-0.5871999905633972,0.47212117612267757,0.030860994989981513,0.04846095379443199,0.18924947434461212,0.04896225382653495,2.8053304997087176,1.0471975511965976,1.0961598050231325,1.0961598050231325
4,45,3,3,-0.3434494876656168,0.6694465325866052,0.15450804297521026,0.24078762253488775,-0.048786441896903156,-0.012762137101622491,-0.7312165934902898,1.5707963267948966,1.5580341896932741,1.5580341896932741
4,45,4,3,-0.3379477058135913,0.6743560380247816,-0.025840777451291926,-0.04058156598095881,0.28563024937367626,0.07280849249381031,4.171619332605265,2.0943951023931953,2.1672035948870056,2.1672035948870056
4,45,5,3,-0.38059070104194176,0.6367796520090706,-0.11566941785684146,-0.1808870942194546,-0.8685548417362248,-0.1834268975666705,-10.50958707974869,2.6179938779914944,2.434566980424824,2.434566980424824
4,45,6,3,-0.4709303367535504,0.5610492969488112,0.06526610377413271,0.10237443708990811,-0.08421813985711035,-0.021996277732659192,-1.2602938790789635,3.141592653589793,3.119596375857134,3.119596375857134
4,45,7,3,-0.07800510098528464,0.9221527299147494,0.05531202899672229,0.08679543544425544,0.2494804856385305,0.0639916895709875,3.666453736328909,3.665191429188092,3.7291831187590794,3.7291831187590794
4,45,8,3,-0.4985536578736146,0.5390210752039464,-0.15872648650256183,-0.24725401398366623,0.006116960002431717,0.0016013964106219136,0.09175325565603461,4.1887902047863905,4.190391601197012,4.190391601197012
4,45,9,3,-0.5295877136057263,0.5149341263191114,0.09020818063862401,0.1413155673607756,0.007011108510442343,0.0018354738412937526,0.1051649045127971,4.71238898038469,4.714224454225984,4.714224454225984
4,45,10,3,-0.677557469260934,0.4100707998963039,0.09998362152383004,0.15653264813113066,-0.1235096764999798,-0.03217133643086576,-1.8432817987840775,5.235987755982989,5.2038164195521235,5.2038164195521235
4,45,11,3,0.05604782749570684,1.0559892123652435,0.34612635056977825,0.5229742180918836,-0.24664890681484855,-0.06329419323221659,-3.626490139891509,5.759586531581287,5.69629233834907,5.69629233834907
4,45,0,4,-0.3831123108748175,0.6345927233364594,-0.39803271057696565,-0.5941763554419582,0.8817442059388779,0.18516862361357012,10.609380631304042,0.0,0.18516862361357012,0.18516862361357012
4,45,1,4,-0.5981294902692563,0.4642827829979571,-0.29464487248416704,-0.4498828652083704,0.9239236092578341,0.19052405605846678,10.916224307864049,0.5235987755982988,0.7141228316567656,0.7141228316567656
4,45,2,4,-1.070376001818494,0.21039716203529624,-0.19704750326663928,-0.3055767447887292,0.1221838710737021,0.031829427302601035,1.8236918487575116,1.0471975511965976,1.0790269784991986,1.0790269784991986
4,45,3,4,-0.317151921624871,0.6930705919295064,-0.07687014757229547,-0.12051007343913733,-0.5273164627775858,-0.12653474159615907,-7.249906655238377,1.5707963267948966,1.4442615851987375,1.4442615851987375
4,45,4,4,-0.21174436726470613,0.7913644574679206,0.2893826287346782,0.44228360080956647,-0.2527937166252923,-0.0648066045532037,-3.713144925471876,2.0943951023931953,2.0295884978399914,2.0295884978399914
4,45,5,4,-0.27782704767433875,0.7291072265450362,0.06202564843404338,0.09730490951801685,-0.14623690575667758,-0.03801413755618509,-2.178049643799163,2.6179938779914944,2.5799797404353093,2.5799797404353093
4,45,6,4,-0.07623585903557252,0.9239114903090146,-0.2681963274513161,-0.41146337176082043,-0.25087605449765665,-0.06433510247948199,-3.6861298466159558,3.141592653589793,3.077257551110311,3.077257551110311
4,45,7,4,-0.32090378880383225,0.6896760967669986,-0.13678952212020476,-0.21353827255497132,-0.5025588104278258,-0.1215082028881122,-6.96190720170815,3.665191429188092,3.54368322629998,3.54368322629998
4,45,8,4,-0.3144984260177412,0.6954760666867441,-0.46107477844115996,-0.6769500400480493,0.4514736355016355,0.11076982951900015,6.34664372882235,4.1887902047863905,4.299560034305391,4.299560034305391
4,45,9,4,-0.22279091431777126,0.780823475817632,0.036889313746788194,0.057919328292822335,1.7145118050128747,0.2453580641318439,14.057981544254842,4.71238898038469,4.957747044516534,4.957747044516534
4,45,10,4,-0.8064282389956574,0.33238481357240435,-0.03518590387046111,-0.055247090922550784,-1.2521258048582893,-0.22223591699381098,-12.73318009996506,5.235987755982989,5.013751838989178,5.013751838989178
4,45,11,4,-0.660521639016663,0.4212895431339062,-0.09500189007032163,-0.14878128753076203,-0.020370520259576443,-0.00533225219977063,-0.3055155463462062,5.759586531581287,5.754254279381517,5.754254279381517
4,46,0,1,-0.37969734498870833,0.6375553999849085,0.12396721137035306,0.1937358199532215,-0.2077940467140047,-0.05363067213685416,-3.0728111658916033,0.0,-0.05363067213685416,6.229554635042732
4,46,1,1,-0.00997287815792906,0.9900274524574164,-0.020161129063629345,-0.031664737326304405,-0.22571040374989026,-0.05810741635137845,-3.329309715343454,0.5235987755982988,0.46549135924692037,0.46549135924692037
4,46,2,1,-0.2566695103355289,0.7488222158506505,-0.10293467155584313,-0.16112075139356113,-0.35891025446693564,-0.09012543296041091,-5.163806935420785,1.0471975511965976,0.9570721182361868,0.9570721182361868
4,46,3,1,-0.31657574241887576,0.6935925840468689,-0.027976916462051634,-0.04393457556592417,-0.24064568891072655,-0.06181228500758129,-3.5415830529941816,1.5707963267948966,1.5089840417873153,1.5089840417873153
4,46,4,1,-0.3439715638335476,0.6689815816624286,-0.2169367986172389,-0.33551665208728887,0.2379487508156952,0.06114516480125428,3.5033598807437474,2.0943951023931953,2.1555402671944495,2.1555402671944495
4,46,5,1,-0.13660823254609955,0.8642352571854792,0.1885436836807498,0.29270350615056584,-0.3622839230480339,-0.09090307970482554,-5.208362811827833,2.6179938779914944,2.527090798286669,2.527090798286669
4,46,6,1,-0.37475279627421526,0.6418580785504893,0.14118702903033328,0.22031411084236438,0.5543045404810948,0.1318786718752551,7.556091306242747,3.141592653589793,3.273471325465048,3.273471325465048
4,46,7,1,-0.4040503674281694,0.6165907303788496,0.20131062387303356,0.3120144366480403,-0.35087596260026277,-0.08826623014209857,-5.057282460672661,3.665191429188092,3.576925199045993,3.576925199045993
4,46,8,1,-0.2196340394896467,0.7838307703874733,-0.049013124412468835,-0.07692804459095658,0.0995714659606423,0.025981939751590074,1.4886554913292938,4.1887902047863905,4.214772144537981,4.214772144537981
4,46,9,1,-0.19923179512724573,0.8033630694903924,0.12584519007099862,0.1966401922942744,-0.46902226513612433,-0.11451340447199555,-6.561134773919872,4.71238898038469,4.597875575912694,4.597875575912694
4,46,10,1,-0.13144054064158592,0.869311213912744,0.2983120873730263,0.4551652263402876,0.40411981809156133,0.10039182096823716,5.752027639112951,5.235987755982989,5.336379576951226,5.336379576951226
4,46,11,1,-0.25819030357431516,0.7473979150479446,0.09742134442965884,0.15254679201298088,0.1699073932405087,0.0440584973470612,2.524365949674941,5.759586531581287,5.803645028928348,5.803645028928348
4,46,0,2,-0.1906467861817556,0.8116298821314909,0.14282375995109614,0.2228339253414495,-0.2766713288310054,-0.07063911129106337,-4.0473229455328505,0.0,-0.07063911129106337,6.212546195888523
4,46,1,2,0.08157937798228003,1.0813988829052676,0.4386190008433163,0.647952040953076,-0.1344495441551592,-0.034988238251304864,-2.0046783843979563,0.5235987755982988,0.48861053734699395,0.48861053734699395
4,46,2,2,-0.044417887843901355,0.9556113005270397,-0.144018980797443,-0.22467327859142047,0.046093435385258355,0.012058694388180212,0.6909122948808165,1.0471975511965976,1.0592562455847778,1.0592562455847778
4,46,3,2,-0.1381597179397004,0.8627126908026057,-0.08461672526369092,-0.1325993222391285,-0.21767548946814436,-0.05610397860645744,-3.214521188042273,1.5707963267948966,1.5146923481884391,1.5146923481884391
4,46,4,2,-0.11911782413811632,0.8814423863601739,0.08621678903222692,0.13509444720067743,0.14544405798422141,0.0378109234866327,2.1664063352761334,2.0943951023931953,2.132206025879828,2.132206025879828
4,46,5,2,-0.26989122914274993,0.7364763789240425,0.03647798047149483,0.057274076202800464,-0.08491756735409545,-0.022178084084829384,-1.2707106157469845,2.6179938779914944,2.595815793906665,2.595815793906665
4,46,6,2,-0.3870589432061419,0.6311779973348317,0.28502769768181907,0.43597752776525334,0.554266938582239,0.1318713255696169,7.5556703939346646,3.141592653589793,3.27346397915941,3.27346397915941
4,46,7,2,-0.15722846378152702,0.8440544557325125,0.1772274024290715,0.27550963018062985,0.1425104517454044,0.037058610772086505,2.123301991858606,3.665191429188092,3.7022500399601785,3.7022500399601785
4,46,8,2,-0.7727101375049795,0.3514974145843722,0.03741050465781908,0.05873688420201598,-0.4147237455690823,-0.10275002472723319,-5.887142761735309,4.1887902047863905,4.0860401800591575,4.0860401800591575
4,46,9,2,-0.7511737610514577,0.36415132040424303,-0.002903286216314771,-0.004560458510752725,-0.4698307219345654,-0.11468450247705438,-6.570937967492851,4.71238898038469,4.5977044779076355,4.5977044779076355
4,46,10,2,-0.5927361709118039,0.4681393631960089,0.022235834256125735,0.0349222114057218,0.002251905795140823,0.0005895465620036917,0.03377852982925923,5.235987755982989,5.236577302544992,5.236577302544992
4,46,11,2,-0.5928715891874933,0.46804225845928715,-0.0866443808173382,-0.13576111421609863,-0.25831176668824357,-0.06616084022991921,-3.7907369142137175,5.759586531581287,5.693425691351368,5.693425691351368
4,46,0,3,-0.29948778970220047,0.7091562000362224,-0.2538672444089474,-0.3904221677515963,-0.18449781652531821,-0.04776072503192128,-2.7364879708139136,0.0,-0.04776072503192128,6.235424582147665
4,46,1,3,0.12736556715773764,1.1266812993341837,0.14026809440669877,0.2188988651933864,-0.03656724066005523,-0.00956901648658536,-0.5482642587724444,0.5235987755982988,0.5140297591117134,0.5140297591117134
4,46,2,3,0.12243714268814385,1.1218289767589145,-0.23972659721720624,-0.3695101892589903,-0.01315402635432939,-0.0034435174401665465,-0.1972990160012361,1.0471975511965976,1.043754033756431,1.043754033756431
4,46,3,3,0.21601472386106224,1.2127163550763589,-0.31553036530133366,-0.47981525973794087,0.09303523387590137,0.0242865365240086,1.3915160418160175,1.5707963267948966,1.5950828633189051,1.5950828633189051
4,46,4,3,-0.1003303512015256,0.900004946566726,0.21574111694560566,0.3337237114177896,0.6859349577564654,0.15586598232313598,8.930462956776386,2.0943951023931953,2.2502610847163314,2.2502610847163314
4,46,5,3,-0.10896192184834778,0.891467264113129,0.16650050322084634,0.25914805619981585,-0.3705096572378431,-0.09279150062874046,-5.316561360712353,2.6179938779914944,2.525202377362754,2.525202377362754
4,46,6,3,-0.5638527874010285,0.4891695549231977,0.3179494559309254,0.483258055340068,0.47074917619152795,0.11487873282971019,6.582066546953366,3.141592653589793,3.2564713864195034,3.2564713864195034
4,46,7,3,-0.14049028919752712,0.8604267812314194,-0.1079010753279565,-0.1688358888544069,-0.3855760614391414,-0.09622178277371647,-5.513102050158562,3.665191429188092,3.5689696464143754,3.5689696464143754
4,46,8,3,-0.25018835391098837,0.7549042902926626,-0.19541786034524758,-0.3031130041147892,-0.457873975270966,-0.11214173095612992,-6.425247891077818,4.1887902047863905,4.076648473830261,4.076648473830261
4,46,9,3,-0.4158143751757561,0.6066015793212337,-0.17233939116785665,-0.26806143705034985,-0.33002902424073255,-0.08339537194739641,-4.778202843509515,4.71238898038469,4.628993608437293,4.628993608437293
4,46,10,3,-0.12997254066369107,0.870754416942112,0.03846588518181123,0.06039228812208661,-0.3164941480524224,-0.08019791759618654,-4.595002203999449,5.235987755982989,5.155789838386802,5.155789838386802
4,46,11,3,-0.40089328978772726,0.619286963888547,-0.36012280547781467,-0.5424308432629569,-0.24286294697964905,-0.06236011496397655,-3.5729713973864663,5.759586531581287,5.69722641661731,5.69722641661731
4,46,0,4,-0.3654403640147373,0.6500029749537481,-0.33032639438341904,-0.5007919014238823,0.2289499156026487,0.05891315586491298,3.375475188855907,0.0,0.05891315586491298,0.05891315586491298
4,46,1,4,-0.5708583996157038,0.484010588098045,-0.345489287917775,-0.5220842570885785,-0.3750716608164409,-0.0938340985824841,-5.376297823190839,0.5235987755982988,0.4297646770158147,0.4297646770158147
4,46,2,4,-0.4581740936405836,0.5714051205307669,-0.041859317135617205,-0.06571408462188479,0.15849880604439057,0.04115087051050885,2.3577712035415166,1.0471975511965976,1.0883484217071064,1.0883484217071064
4,46,3,4,-0.30859437989422533,0.7008421876445156,0.05259946989354416,0.08254694048140042,-0.17032394422245123,-0.04416445412492342,-2.5304368258572514,1.5707963267948966,1.5266318726699732,1.5266318726699732
4,46,4,4,-0.4702099942261194,0.5616310293608261,0.1255745271681558,0.19622168457941977,0.011479808546841188,0.0030052748330536613,0.17218956421085788,2.0943951023931953,2.097400377226249,2.097400377226249
4,46,5,4,-0.5126103090158612,0.5280234713059846,0.3453564312275564,0.5218986120092389,-0.36605890438626243,-0.09177107309020387,-5.2580951694552835,2.6179938779914944,2.5262228049012907,2.5262228049012907
4,46,6,4,-0.4729583960956522,0.5594134579523693,0.09645119245164972,0.15103711138035095,0.20261819487673474,0.05233113530645306,2.998353190187812,3.141592653589793,3.193923788896246,3.193923788896246
4,46,7,4,-0.5002853043244494,0.5376584953857666,0.16449613498468302,0.2560842875360004,-0.13156237854814512,-0.03424559599162708,-1.962128117230361,3.665191429188092,3.630945833196465,3.630945833196465
4,46,8,4,-0.5286300771491153,0.5156667816522335,-0.2109444548808554,-0.32652193796688334,0.2291088782757554,0.058952663361792675,3.3777388016862395,4.1887902047863905,4.247742868148183,4.247742868148183
4,46,9,4,-0.6116184160452917,0.45473465985480244,0.12763022016621345,0.19939955044540694,0.39365587700035415,0.09804587128659632,5.617614623404872,4.71238898038469,4.810434851671286,4.810434851671286
4,46,10,4,-0.7128428662080755,0.3875435745465533,0.057236663556673985,0.08980908969209782,-0.08679867747846962,-0.022666944863504082,-1.2987202751345237,5.235987755982989,5.213320811119485,5.213320811119485
4,46,11,4,-0.4917342280045756,0.544408217108403,-0.10070144496964208,-0.15764892536802208,-0.07726644425999735,-0.020188148673832788,-1.1566957151932487,5.759586531581287,5.739398382907455,5.739398382907455
5,42,0,1,-0.11359508117826171,0.8868910143201432,0.039792740461984465,0.06247331931813004,0.029899624046278373,0.007825371481566522,0.4483607590157978,0.0,0.007825371481566522,0.007825371481566522
5,42,1,1,-0.417194984377924,0.6054352705962842,-0.21508723133925628,-0.33274281552697094,0.8612871385218034,0.18245329343548453,10.453803672115232,0.5235987755982988,0.7060520690337834,0.7060520690337834
5,42,2,1,-0.1449937711283015,0.8560138338661225,0.22736801386067865,0.3511190823828927,-0.21812766805140396,-0.05621691111529221,-3.2209917441683293,1.0471975511965976,0.9909806400813054,0.9909806400813054
5,42,3,1,-0.9521716065409859,0.2592353951868087,-0.12420415071124367,-0.19410233110859829,0.18635624989747943,0.048230909064789385,2.763427531491696,1.5707963267948966,1.619027235859686,1.619027235859686
5,42,4,1,-0.3807315388829862,0.6366574010211206,0.8020637914981328,1.0448763795962492,0.8693958069963545,0.1835389181817168,10.516005388209303,2.0943951023931953,2.277934020574912,2.277934020574912
5,42,5,1,0.07171230004043667,1.0715896218757957,-0.027058095959095172,-0.04249238811516826,0.6447356161015786,0.1487322515073235,8.521730288847913,2.6179938779914944,2.766726129498818,2.766726129498818
5,42,6,1,-0.4361467262285609,0.589554612890762,-0.07417842980564514,-0.11630596110845967,0.030895898445376175,0.008085954628590668,0.4632910735525184,3.141592653589793,3.149678608218384,3.149678608218384
5,42,7,1,-0.16757239952189218,0.8339786867831318,0.29693813730557006,0.4531874574123033,-0.578228754073083,-0.13649614266834675,-7.820652894711824,3.665191429188092,3.528695286519745,3.528695286519745
5,42,8,1,-0.2139838514772548,0.7892234592231943,0.1851165868291557,0.28750385765460135,-0.039890861668275435,-0.010437867224732729,-0.5980457390951149,4.1887902047863905,4.178352337561658,4.178352337561658
5,42,9,1,-0.46436000107649666,0.5663689409192763,-0.021217141591851417,-0.03332280795038173,0.19492403518623289,0.050394353099801635,2.887383743910651,4.71238898038469,4.762783333484491,4.762783333484491
5,42,10,1,-0.4237412776658529,0.5999224309888505,0.033286574596663024,0.05226712661053533,-0.40038013851544696,-0.0995555466102567,-5.704112647885658,5.235987755982989,5.136432209372732,5.136432209372732
5,42,11,1,0.2927820971086884,1.2846934397669698,-0.38436854577173096,-0.5756894332650203,-0.1619636551355948,-0.04203506914372404,-2.4084320534759827,5.759586531581287,5.717551462437563,5.717551462437563
5,42,0,2,-0.4596913314709513,0.5701673953532038,-0.22490150850657153,-0.3474362665402975,0.4218859059879301,0.10433177264015657,5.977770241399446,0.0,0.10433177264015657,0.10433177264015657
5,42,1,2,0.12001489534430561,1.119441981402068,-0.1539297445476351,-0.23990050015778502,-0.7289462267712653,-0.16294923746649997,-9.336303581705476,0.5235987755982988,0.36064953813179884,0.36064953813179884
5,42,2,2,-0.40482458161217727,0.6159305238537253,0.0027127870633363526,0.004261225501380959,-0.14351081869710502,-0.03731522210471302,-2.1380047381933327,1.0471975511965976,1.0098823290918846,1.0098823290918846
5,42,3,2,-0.651182332079864,0.42753463368776057,0.0855405900595471,0.1340400716902481,0.3737709695599952,0.09353718500960642,5.359285928584798,1.5707963267948966,1.664333511804503,1.664333511804503
5,42,4,2,-0.8410408670016618,0.3136400194465937,0.11925977319010278,0.1864496992787304,0.6427918289779666,0.14838723298789935,8.501962183831058,2.0943951023931953,2.2427823353810945,2.2427823353810945
5,42,5,2,-0.34520812906768666,0.6678809619028134,0.07065762408486852,0.11080440073250188,-0.07049371094872768,-0.018424700798956316,-1.0556575945715128,2.6179938779914944,2.599569177192538,2.599569177192538
5,42,6,2,0.05923826659387709,1.0591690712928696,0.083521748178144,0.1308914356094112,-0.09110677965077395,-0.02378592427124633,-1.3628330725602031,3.141592653589793,3.1178067293185467,3.1178067293185467
5,42,7,2,-0.3420078300697096,0.6707312779565847,0.053360977018804295,0.08373976175058073,0.03164328139690815,0.008281427825168667,0.4744908627243688,3.665191429188092,3.6734728570132607,3.6734728570132607
5,42,8,2,-1.5143225086579921,0.09229687005007448,-0.28946472514863636,-0.44240233116002337,-0.09908532936566647,-0.02585591694298278,-1.4814349162737108,4.1887902047863905,4.162934287843408,4.162934287843408
5,42,9,2,-1.110053806193696,0.19591858980709076,-0.1284464046577877,-0.2006608197317937,-0.5436858674883143,-0.12979305697045704,-7.436594374508239,4.71238898038469,4.582595923414233,4.582595923414233
5,42,10,2,-0.5427416144845079,0.5049395393107132,-0.06729758411660947,-0.10555149968020135,-0.048325340665748284,-0.012641705246056215,-0.724316356447413,5.235987755982989,5.223346050736932,5.223346050736932
5,42,11,2,-0.2513602060611319,0.7538031503047956,-0.3116255031679967,-0.4742472169330331,0.08259525229185397,0.021574348888369305,1.2361191370463205,5.759586531581287,5.781160880469656,5.781160880469656
5,42,0,3,-0.3366112174500578,0.6755513193275962,-0.14414550735277235,-0.2248679565410688,0.06084916336301304,0.01591064153857379,0.9116126095058127,0.0,0.01591064153857379,0.01591064153857379
5,42,1,3,0.17470543977614994,1.1729494229145456,-0.0400171486850365,-0.06282525820249184,-0.2277226405302382,-0.058608042276713145,-3.3579934679799637,0.5235987755982988,0.4649907333215857,0.4649907333215857
5,42,2,3,-1.138980759188935,0.1859293998800784,-0.0406689532504608,-0.0638474458073451,0.3791979695973125,0.09477419197424994,5.430161206887161,1.0471975511965976,1.1419717431708476,1.1419717431708476
5,42,3,3,-0.18911154196304777,0.8131110780064537,-0.2437701564478072,-0.37550458583959573,0.22701513084784256,0.05843207161563198,3.347911091781886,1.5707963267948966,1.6292283984105285,1.6292283984105285
5,42,4,3,-0.4732613429437311,0.5591693506759552,0.037582316473201274,0.059006386477215574,-0.35186116748702534,-0.08849476133404158,-5.070376333458089,2.0943951023931953,2.005900341059154,2.005900341059154
5,42,5,3,0.33394615203482747,1.322062100584839,0.053650617227482676,0.08419342749721558,0.5127656704064999,0.12359477695882393,7.081459089601363,2.6179938779914944,2.741588654950318,2.741588654950318
5,42,6,3,0.0034937151257315407,1.0034937009109859,0.18791117527266513,0.2917443500100675,0.037864413289388936,0.009908145522761886,0.5676949212556988,3.141592653589793,3.151500799112555,3.151500799112555
5,42,7,3,0.19480156254685133,1.1923743121861767,-0.19311959997417197,-0.2996357967947603,-0.29733732602679147,-0.07562704035572972,-4.333110229448868,3.665191429188092,3.589564388832362,3.589564388832362
5,42,8,3,-0.0773480085869922,0.9228058735195127,0.010861076489168892,0.01705986824852033,0.976909087017776,0.19680108109592717,11.275871350408476,4.1887902047863905,4.385591285882318,4.385591285882318
5,42,9,3,-0.4376336721687654,0.5883189209826079,-0.517241170856562,-0.7470203669359294,-0.35543494668937337,-0.08932246706272977,-5.117800378390723,4.71238898038469,4.62306651332196,4.62306651332196
5,42,10,3,-1.0703841224336907,0.21039410442111428,-0.03092006524568786,-0.04855365265139941,-0.18000934719646638,-0.04662383173415157,-2.671348783094999,5.235987755982989,5.189363924248838,5.189363924248838
5,42,11,3,-1.1054703821580774,0.19754459634909105,0.19541507074267359,0.3031087853817664,-0.5856220802501698,-0.13790012049331213,-7.901094898612297,5.759586531581287,5.621686411087975,5.621686411087975
5,42,0,4,0.41918120192473335,1.3962404145461547,-0.21728078218434418,-0.3360322906556232,-0.9409826599200345,-0.19259884788492743,-11.035101122888484,0.0,-0.19259884788492743,6.090586459294659
5,42,1,4,-0.11973576659693375,0.8808331743530547,-0.07234911422540494,-0.11344784832073143,-0.49276252790621966,-0.1194868802475461,-6.846093945369472,0.5235987755982988,0.4041118953507527,0.4041118953507527
5,42,2,4,-0.5846544454839487,0.4739598563939159,-0.07487089613300686,-0.1173876657917017,-0.36809974906143966,-0.09223937655007637,-5.284926981237351,1.0471975511965976,0.9549581746465212,0.9549581746465212
5,42,3,4,-0.48928371156420036,0.5463522613744627,0.18867548623630456,0.29290334735508294,-0.7133272871027347,-0.16041994386274572,-9.191385733060923,1.5707963267948966,1.4103763829321507,1.4103763829321507
5,42,4,4,-0.1313403092601926,0.8694097346765695,0.08054368853321646,0.1262448526099254,0.7430261673709966,0.16518756503469506,9.464550304530835,2.0943951023931953,2.2595826674278903,2.2595826674278903
5,42,5,4,-0.43012470018842525,0.5945744828054857,0.12090310015121483,0.18899416394708554,-0.2989398790666898,-0.07601139902365614,-4.355132358940323,2.6179938779914944,2.5419824789678382,2.5419824789678382
5,42,6,4,0.5414790791821422,1.4941067580871628,0.2166514494776696,0.3350888502457703,0.25301267564663815,0.06486041234080804,3.7162278846065413,3.141592653589793,3.206453065930601,3.206453065930601
5,42,7,4,0.04198660823453032,1.0419619532354025,-0.06240045286268193,-0.09789137809561227,-0.15112755807774694,-0.039266612604827,-2.249811178031787,3.665191429188092,3.625924816583265,3.625924816583265
5,42,8,4,-0.6342152195573918,0.4390521068375327,-0.02183601387908511,-0.03429447989887238,-0.40068293867555443,-0.09962334816693177,-5.707997390927557,4.1887902047863905,4.089166856619459,4.089166856619459
5,42,9,4,0.45190811404189063,1.423466213784097,0.1472817826976344,0.2296912649487683,1.1272641464059363,0.21207866863242708,12.15121263739159,4.71238898038469,4.924467649017116,4.924467649017116
5,42,10,4,-0.35727743579659865,0.65718632474912,0.11822749320534692,0.18485084785021377,0.7176894301209675,0.16113125113629925,9.232140637772497,5.235987755982989,5.397119007119288,5.397119007119288
5,42,11,4,-0.10966723121972863,0.8907703162973837,0.07395109453063954,0.11595081544311338,1.2080400781069638,0.21888801021841162,12.541359171531422,5.759586531581287,5.978474541799699,5.978474541799699
5,42,0,5,-0.3192897339261335,0.6911354463585666,-0.40002717080757944,-0.5968589523993549,1.304671585480346,0.22591217641381867,12.943814249126712,0.0,0.22591217641381867,0.22591217641381867
5,42,1,5,-0.42708167442387523,0.5971204600468021,-0.18366120900325053,-0.2852937532612418,-0.02146077997957223,-0.005617556670015649,-0.32186228836746156,0.5235987755982988,0.5179812189282832,0.5179812189282832
5,42,2,5,-0.758898109179596,0.35957253344721074,-0.019831360125573835,-0.03114694456133316,-1.3803297309876028,-0.23065182699059855,-13.215376223542945,1.0471975511965976,0.816545724205999,0.816545724205999
5,42,3,5,-0.87192703763562,0.2976481134287918,0.1214464153669618,0.1898351918287558,-0.41295857943088166,-0.10235881844183707,-5.864728292663122,1.5707963267948966,1.4684375083530594,1.4684375083530594
5,42,4,5,-0.9511847412252361,0.25968106137985636,0.14488069440781956,0.2259989999749171,-0.1410501400191223,-0.03668388532866328,-2.1018318054742866,2.0943951023931953,2.057711217064532,2.057711217064532
5,42,5,5,-0.8901660559566965,0.28852425968439477,0.04457242521101144,0.06996787285049993,-1.0411967620335316,-0.20377422812800278,-11.675403245270585,2.6179938779914944,2.4142196498634916,2.4142196498634916
5,42,6,5,-0.7260534025251367,0.3793550768336601,-0.060901832624403476,-0.09554627607667049,0.36912871475725206,0.09247523364853616,5.298440597547299,3.141592653589793,3.2340678872383295,3.2340678872383295
5,42,7,5,-0.7896137751856431,0.3418098150941057,0.05218227212149334,0.08189340323601213,-1.6958784026738116,-0.2447541111241922,-14.023377585892167,3.665191429188092,3.4204373180638994,3.4204373180638994
5,42,8,5,-0.449355431167779,0.5786309751735332,-0.20166063511438106,-0.31254250369093367,0.9077536831970887,0.18850926330441872,10.800785186463555,4.1887902047863905,4.3772994680908095,4.3772994680908095
5,42,9,5,-0.685267782392604,0.405066663327721,-0.1377208375305883,-0.21497396207560382,0.8093839539493425,0.17520931314427812,10.038754174553155,4.71238898038469,4.887598293528968,4.887598293528968
5,42,10,5,-0.9740980747512947,0.2495003659311299,-0.15348755347816706,-0.23922206367144055,-0.27141132145595864,-0.06936049717621508,-3.974063753126188,5.235987755982989,5.166627258806773,5.166627258806773
5,42,11,5,-0.5160918555596025,0.5253219305982894,-0.12231993426878188,-0.1911871286703162,0.1471675545249357,0.03825261156420743,2.191713197982412,5.759586531581287,5.797839143145494,5.797839143145494
5,43,0,1,-0.27273514297308726,0.7338319488001624,-0.18762535521242862,-0.29131084928083123,-0.13244582249166467,-0.03447289725864492,-1.9751515205084593,0.0,-0.03447289725864492,6.248712409920941
5,43,1,1,-0.3545678138124967,0.6595797260250317,-0.15875063144325058,-0.24729100091913822,-0.2205261035203125,-0.056815557601643474,-3.2552916612565928,0.5235987755982988,0.46678321799665534,0.46678321799665534
5,43,2,1,-1.1348731657526983,0.18731948665385312,0.013734070426082379,0.0215720710525466,-0.5880187120897824,-0.13835289953053448,-7.927037226497134,1.0471975511965976,0.9088446516660631,0.9088446516660631
5,43,3,1,-0.00750667626154591,0.9924934647361501,-0.23842657548851195,-0.36758053220826276,0.31344515964008945,0.07947392576130687,4.553520527458911,1.5707963267948966,1.6502702525562034,1.6502702525562034
5,43,4,1,-0.0003609447797776183,0.9996390552358971,0.17159102860600972,0.2669200005800227,0.10601485774905457,0.02765111073116458,1.5842919437446303,2.0943951023931953,2.12204621312436,2.12204621312436
5,43,5,1,-0.5906154754784808,0.4696618803323259,0.08620019231853901,0.13506856993800892,0.26118442847139445,0.06686435807319642,3.831045517445648,2.6179938779914944,2.6848582360646907,2.6848582360646907
5,43,6,1,-0.36674747145823916,0.6488565105917781,0.12194808934080008,0.1906116628573015,-0.26601649644578906,-0.06804540479548453,-3.898714510040516,3.141592653589793,3.0735472487943087,3.0735472487943087
5,43,7,1,-0.06378078591835051,0.9363055600869943,-0.03952012373267062,-0.06204576669947432,-0.1828217786703179,-0.04733641350789135,-2.7121767112882345,3.665191429188092,3.6178550156802003,3.6178550156802003
5,43,8,1,-0.4532793296175992,0.5754091157604524,-0.3872264700446721,-0.5795715872398788,0.1476909270787907,0.03838669465235731,2.199395593037481,4.1887902047863905,4.2271768994387475,4.2271768994387475
5,43,9,1,-0.08453926822739355,0.9156615552439519,0.155540784730191,0.24237147930409017,-0.768743910755133,-0.16917436205712352,-9.69297694769131,4.71238898038469,4.543214618327566,4.543214618327566
5,43,10,1,-0.6600603875463424,0.4215964007028904,0.34971393564678777,0.527978925442597,0.3094802837956622,0.07853044863592264,4.49946327010726,5.235987755982989,5.314518204618912,5.314518204618912
5,43,11,1,-0.3251552060584787,0.6858391801500092,-0.11827135636071488,-0.18491879341908973,1.058976850376039,0.20558371621584942,11.779079275783396,5.759586531581287,5.965170247797136,5.965170247797136
5,43,0,2,-0.2428567204182994,0.7618077801262604,0.07740780717425585,0.12134962156484737,0.6675757119700539,0.15272929344317068,8.750743922308757,0.0,0.15272929344317068,0.15272929344317068
5,43,1,2,-0.0716035080133875,0.9285186134266193,0.3273876360370722,0.4966410341743551,0.10265427767367599,0.026780821857197906,1.534428064309147,0.5235987755982988,0.5503795974554967,0.5503795974554967
5,43,2,2,0.041331948606746105,1.0413084284764207,0.2461105507492686,0.3789688368827177,-0.6307370205244064,-0.14623053586630413,-8.378392541075637,1.0471975511965976,0.9009670153302936,0.9009670153302936
5,43,3,2,0.8130942964146958,1.671293689991121,-0.3828272425492212,-0.5735923725453148,0.06829516759093684,0.017851886590361608,1.0228377579739096,1.5707963267948966,1.5886482133852582,1.5886482133852582
5,43,4,2,-0.17221221347201945,0.8294702656047076,-0.04618698328514105,-0.07249879863660662,-0.06979636434484704,-0.018243031232823326,-1.0452486951661197,2.0943951023931953,2.076152071160372,2.076152071160372
5,43,5,2,-0.092327715136483,0.9079337397404372,-0.39154312592966306,-0.585419738692744,0.10148569688405322,0.026478053451784996,1.5170807125090815,2.6179938779914944,2.644471931443279,2.644471931443279
5,43,6,2,-0.2325051928261724,0.7715957925160584,0.2559620052164046,0.3935077245335048,0.19025003564852516,0.04921499062499585,2.8198112515881757,3.141592653589793,3.190807644214789,3.190807644214789
5,43,7,2,-0.09760702698619804,0.9027017679626427,0.6306136595397981,0.8772498866381532,-0.3353848644522863,-0.08465309015285677,-4.850264788499162,3.665191429188092,3.580538339035235,3.580538339035235
5,43,8,2,-0.14743538146386426,0.8536236880599258,0.1140016458403972,0.17830161007794537,-0.40008298420788063,-0.0994889940636471,-5.700299467849081,4.1887902047863905,4.089301210722743,4.089301210722743
5,43,9,2,-0.17853077040990917,0.8233421393892539,0.03152533387226273,0.04950348011096201,0.5289857508035948,0.1268694000941163,7.2690811747495125,4.71238898038469,4.839258380478806,4.839258380478806
5,43,10,2,-0.49005794453838075,0.5457375786763019,0.031304908157705605,0.049157577696411624,-0.8504878018422936,-0.18098825830765922,-10.369863342452433,5.235987755982989,5.05499949767533,5.05499949767533
5,43,11,2,0.0833889973580685,1.0831962454293143,0.09747834241620719,0.15263547935459962,0.2650159869245327,0.06780110355228987,3.8847170798756627,5.759586531581287,5.827387635133577,5.827387635133577
5,43,0,3,-0.36057745342028774,0.6542774305748718,-0.34155150838441345,-0.5165749273841737,-0.2985243181924521,-0.07591176456878407,-4.349423725182067,0.0,-0.07591176456878407,6.207273542610802
5,43,1,3,-0.14137198683852092,0.859562366263115,-0.042088461675777934,-0.0660733906224948,0.31690665085477443,0.08029576412446679,4.600608397109915,0.5235987755982988,0.6038945397227656,0.6038945397227656
5,43,2,3,-0.8307511919658137,0.31912084570692256,-0.042605689309673005,-0.06688439464927295,-0.0888437164246219,-0.023198226537126842,-1.3291604727657549,1.0471975511965976,1.0239993246594707,1.0239993246594707
5,43,3,3,-0.47830913695346267,0.5551115667980305,0.17800044555463343,0.2766864079456506,-0.2785622678758579,-0.07109788214686456,-4.073608579333864,1.5707963267948966,1.499698444648032,1.499698444648032
5,43,4,3,-0.38632516777464876,0.6318121290396346,0.18479588720394585,0.2870169511581901,0.49850042391135774,0.12067302496521452,6.91405503158361,2.0943951023931953,2.2150681273584096,2.2150681273584096
5,43,5,3,-0.3248227358117579,0.6861388678649751,0.1269170083975428,0.19829719330239004,0.2863865494228336,0.07299113889921992,4.182084200778471,2.6179938779914944,2.690985016890714,2.690985016890714
5,43,6,3,-0.3744101818828562,0.6421567839299016,0.04818429397048775,0.07562919094443495,0.06239984976497807,0.016315072405191117,0.9347847912678039,3.141592653589793,3.1579077259949844,3.1579077259949844
5,43,7,3,-0.18842374455284874,0.8137749376227886,-0.016965108613782413,-0.02664617395453366,-0.12568290412717492,-0.032731543988572274,-1.875379327491992,3.665191429188092,3.6324598851995193,3.6324598851995193
5,43,8,3,-0.7027870910929465,0.39386612526256437,0.0726270570387654,0.11388215380044954,0.31427592669227955,0.07967132736519533,4.564830806230834,4.1887902047863905,4.268461532151586,4.268461532151586
5,43,9,3,-1.1124361705242576,0.19507814733711082,-0.10092808940623586,-0.15800134361951476,0.28272530752113956,0.07210623619312499,4.131383010439526,4.71238898038469,4.784495216577815,4.784495216577815
5,43,10,3,-0.841387345110318,0.31345680729485703,-0.14227113732276336,-0.221983270281282,-0.5786856529125304,-0.13658322212405413,-7.825642180006153,5.235987755982989,5.099404533858935,5.099404533858935
5,43,11,3,-0.3280178945050963,0.6832613559182595,-0.1270680448270286,-0.19853065541982493,0.08266533441937693,0.021592571642324865,1.2371632239390793,5.759586531581287,5.781179103223612,5.781179103223612
5,43,0,4,-0.5036245282275364,0.5350371196568682,-0.32073065737006873,-0.48720986933537225,0.32651265150844283,0.08256727717308357,4.730756507904552,0.0,0.08256727717308357,0.08256727717308357
5,43,1,4,-0.23228168169886002,0.7718076542193483,0.018240892225138097,0.028649549052280194,-0.6257912880541863,-0.14533724550372343,-8.327210773420052,0.5235987755982988,0.3782615300945754,0.3782615300945754
5,43,2,4,-0.8026546200615209,0.33448176562192744,0.011420955937842236,0.017939215655891842,0.03687320336529486,0.00964900942594065,0.5528475165883485,1.0471975511965976,1.0568465606225383,1.0568465606225383
5,43,3,4,-0.2748059951055332,0.7319088698204607,0.3158415663033069,0.48025844002511037,-0.23266050604776184,-0.05983462001118954,-3.428271195410179,1.5707963267948966,1.5109617067837071,1.5109617067837071
5,43,4,4,-0.3670877282807415,0.6485582436791255,0.034127126343821375,0.0535859631639417,0.47630735451401673,0.11605080594519818,6.6492213897515775,2.0943951023931953,2.2104459083383934,2.2104459083383934
5,43,5,4,0.06951857199456085,1.0694067975414268,-0.005691872947743164,-0.008940676567495783,0.22400698176598016,0.057683270894578226,3.305007970769153,2.6179938779914944,2.6756771488860727,2.6756771488860727
5,43,6,4,-0.5414624975927202,0.5059057753510241,-0.03039680095513691,-0.0477324831361017,0.3905062029430349,0.09733610632625689,5.576948086731152,3.141592653589793,3.23892875991605,3.23892875991605
5,43,7,4,-0.09253151196512757,0.9077316741278296,0.004228916720993468,0.006642727252777031,0.07195886121814707,0.01880633678911827,1.077523726118089,3.665191429188092,3.6839977659772103,3.6839977659772103
5,43,8,4,0.11959852040214687,1.119031526236636,-0.28737147159865906,-0.4393732923592933,-0.07485040808221637,-0.019559277153317085,-1.1206640312117242,4.1887902047863905,4.169230927633073,4.169230927633073
5,43,9,4,-0.15720476095483524,0.8440775822153384,0.03828164256551937,0.06010330624594223,-1.0426591161015557,-0.20392495623932236,-11.684039329903175,4.71238898038469,4.5084640241453675,4.5084640241453675
5,43,10,4,-0.5652186804544942,0.4881607930606495,-0.09623739010961282,-0.1507043695994367,0.8431035966187587,0.1799738411893619,10.311741522908173,5.235987755982989,5.415961597172351,5.415961597172351
5,43,11,4,-0.5385797747417944,0.5080878436141848,-0.04914337358028983,-0.07713214749274852,0.2502960383867108,0.06419240425297801,3.677953840493276,5.759586531581287,5.823778935834265,5.823778935834265
5,43,0,5,-0.4891237576103284,0.5464793066188033,-0.28649739958924736,-0.4381074164350099,-0.04467625424881039,-0.011688440462903713,-0.669698307614321,0.0,-0.011688440462903713,6.271496866716682
5,43,1,5,-0.44151909044860677,0.585097178047415,-0.41929161218251954,-0.6225591833779185,0.5003132083782703,0.12104646648140673,6.935451654356389,0.5235987755982988,0.6446452420797055,0.6446452420797055
5,43,2,5,-0.6249596783787105,0.44542819773761966,0.10150862601644593,0.15890396920568864,-0.1100197735839621,-0.02868745499506565,-1.6436700961887536,1.0471975511965976,1.0185100962015319,1.0185100962015319
5,43,3,5,-0.33426672743741787,0.677650605046152,0.15470406309353138,0.24108828600276389,-0.5716637235997771,-0.1352403478479299,-7.748701151567549,1.5707963267948966,1.4355559789469667,1.4355559789469667
5,43,4,5,-0.5122371384339063,0.5283135648011623,0.2887852133100571,0.4414194350750481,-0.1469809677180149,-0.03820480482994034,-2.1889740738766044,2.0943951023931953,2.056190297563255,2.056190297563255
5,43,5,5,-0.6250871104336375,0.4453399636323877,-0.045993358775022,-0.0721952991500708,-0.4331252420237237,-0.1067957735921829,-6.118947096666771,2.6179938779914944,2.5111981043993117,2.5111981043993117
5,43,6,5,-0.6345291715614765,0.438836981661045,0.05418846375934951,0.08503582334764638,0.27638894362646343,0.070570560044791,4.043395248441082,3.141592653589793,3.212163213634584,3.212163213634584
5,43,7,5,-0.5011768899820284,0.5369577838122865,0.20100333994143507,0.311550772381028,0.4302738260774831,0.10617277411935523,6.08325185623487,3.665191429188092,3.771364203307447,3.771364203307447
5,43,8,5,-0.4351629154180479,0.5903730158115723,-0.14295574376042713,-0.22303706903612677,0.6189474988940153,0.1440930194047973,8.255921869191559,4.1887902047863905,4.332883224191188,4.332883224191188
5,43,9,5,-1.0895905535602253,0.20327134646281886,0.013942800867552061,0.02189988128168713,1.0622171502094968,0.20590808705298272,11.797664355748259,4.71238898038469,4.918297067437672,4.918297067437672
5,43,10,5,-0.8737691174465988,0.2967159353177393,0.08647300290552687,0.135493921344876,0.0903932027171718,0.023600640384873105,1.3522170878592357,5.235987755982989,5.259588396367862,5.259588396367862
5,43,11,5,-0.29010328284094805,0.7177701285793018,-0.038177381459066066,-0.05993977240349198,0.13445556871928255,0.03498978730632878,2.004767138713061,5.759586531581287,5.794576318887616,5.794576318887616
5,44,0,1,-0.36753014579934973,0.648170530035521,-0.08833822129420078,-0.13840152871531972,0.47940913552520276,0.11670238688863899,6.686554227821889,0.0,0.11670238688863899,0.11670238688863899
5,44,1,1,-0.3002985930217396,0.7084141578123835,-0.2680498067190749,-0.4112490014677764,-0.2398688736531895,-0.06162021707499957,-3.530578371077446,0.5235987755982988,0.4619785585232993,0.4619785585232993
5,44,2,1,0.07043094289752024,1.070314715531205,-0.06051641566781297,-0.09494309037673966,-0.23721044897677063,-0.060962389963677886,-3.4928876539494307,1.0471975511965976,0.9862351612329198,0.9862351612329198
5,44,3,1,-0.7296323083943603,0.37715965185376954,-0.06949010988826641,-0.10897944974560367,-0.30449973942608877,-0.07734210294418412,-4.431376077368088,1.5707963267948966,1.4934542238507125,1.4934542238507125
5,44,4,1,0.2980159278806512,1.2894958670521308,-0.41089516873802373,-0.6114049713681513,-0.11402500413895401,-0.0297229713935223,-1.703000815436907,2.0943951023931953,2.064672130999673,2.064672130999673
5,44,5,1,-0.10897598069028723,0.8914533708964761,-0.2622401858648612,-0.402735932515413,0.8551895587770686,0.181628797446283,10.40656353170852,2.6179938779914944,2.7996226754377775,2.7996226754377775
5,44,6,1,-0.11386130576040542,0.8866282036402331,-0.06290959783975464,-0.09868800974516954,0.2654690262483008,0.06791174097012899,3.89105613697407,3.141592653589793,3.209504394559922,3.209504394559922
5,44,7,1,0.11636568383801721,1.115843278370126,0.6032510202296585,0.8472229484651846,-0.6303928173032713,-0.14616852574168562,-8.374839622647917,3.665191429188092,3.5190229034464062,3.5190229034464062
5,44,8,1,-0.6368156211417625,0.4372725540443655,0.17530992985697688,0.27258935073814855,-0.5919437154897507,-0.139091948693221,-7.969381624371749,4.1887902047863905,4.049698256093169,4.049698256093169
5,44,9,1,-0.5096606435060712,0.5303192533560583,0.616831800330102,0.8622388391600985,-0.24489254237153554,-0.06286107118934947,-3.6016740748211387,4.71238898038469,4.64952790919534,4.64952790919534
5,44,10,1,-0.6871125143344731,0.4038761741817354,-0.17407253111059875,-0.2707037793146162,-0.32173227846867525,-0.08143856806027494,-4.666086239442661,5.235987755982989,5.154549187922714,5.154549187922714
5,44,11,1,-0.3888896193067846,0.629597416463231,0.05594353176268547,0.08778433438072338,0.5487869706003348,0.1307977279154687,7.4941577794568275,5.759586531581287,5.890384259496756,5.890384259496756
5,44,0,2,-0.41215248954440437,0.6097011944352126,0.008309245461297216,0.013051831868779278,0.7390217343678523,0.16455498763823062,9.42830628949805,0.0,0.16455498763823062,0.16455498763823062
5,44,1,2,-0.37944374376324613,0.6377757068545398,-0.036401543088700014,-0.057154167934164,-0.1726075481551965,-0.0447450618916912,-2.5637032004455613,0.5235987755982988,0.4788537137066076,0.4788537137066076
5,44,2,2,-0.28599911341768475,0.7215517448072184,0.12988876522390763,0.20288908977204712,-0.4428605300807846,-0.10891187591778662,-6.2401908289416825,1.0471975511965976,0.938285675278811,0.938285675278811
5,44,3,2,-0.22345696087237266,0.7801895176797814,0.080788882618443,0.12662750721849428,-0.08957593867998996,-0.023388404337913945,-1.3400568581079355,1.5707963267948966,1.5474079224569826,1.5474079224569826
5,44,4,2,-0.327683347968563,0.6835623715048063,-0.04042369409024524,-0.06346282628404794,-0.1831022472224973,-0.04740743587452787,-2.716245993147538,2.0943951023931953,2.0469876665186675,2.0469876665186675
5,44,5,2,-0.2535387311406587,0.7517577721898236,0.020812185192875806,0.032686984766116915,0.25740948570324584,0.0659396592847985,3.7780641795495864,2.6179938779914944,2.683933537276293,2.683933537276293
5,44,6,2,-0.08340551180035743,0.9167873544575467,-0.003172396579156616,-0.004983172176639331,-0.41755580224309236,-0.10337654919163038,-5.923039969306963,3.141592653589793,3.038216104398163,3.038216104398163
5,44,7,2,-0.2612114713261154,0.7445716868481187,-0.026744198518447847,-0.04199967582042365,0.4085606183373583,0.1013817695163634,5.808747512855688,3.665191429188092,3.7665731987044553,3.7665731987044553
5,44,8,2,-0.3762166319269857,0.6405826722652244,0.2065386311380825,0.31989430109531,0.11182862285085407,0.029155231254378716,1.6704717016038095,4.1887902047863905,4.217945436040769,4.217945436040769
5,44,9,2,-0.5835213208790924,0.47477991322020485,0.16361333467340736,0.25473425012371564,-0.10888067011836433,-0.02839278253920201,-1.626786608129012,4.71238898038469,4.683996197845488,4.683996197845488
5,44,10,2,-0.660201524745779,0.42150248872272245,0.3290107199734888,0.49893452677460987,-0.02041422434185094,-0.005343689145052776,-0.30617083504139525,5.235987755982989,5.230644066837936,5.230644066837936
5,44,11,2,0.11088395556906686,1.1104317308149674,0.35976048708788033,0.5419295192588018,0.7381004389550495,0.1644089996745173,9.419941795317566,5.759586531581287,5.923995531255804,5.923995531255804
5,44,0,3,-0.34315983167366354,0.6697045638427537,-0.2118376073076544,-0.32786402696460865,0.31178020321569067,0.07907800975928608,4.530836211501428,0.0,0.07907800975928608,0.07907800975928608
5,44,1,3,-0.48557261387844836,0.5493045857725554,-0.19694421365063283,-0.3054206348305144,-0.023499432139513526,-0.006151004746698008,-0.35242661175073187,0.5235987755982988,0.5174477708516008,0.5174477708516008
5,44,2,3,-0.8508832421595524,0.3084693857530906,0.006870235825348518,0.010791571411311545,0.15268294622815282,0.039664558658415575,2.272611807376299,1.0471975511965976,1.0868621098550133,1.0868621098550133
5,44,3,3,-0.438926210116556,0.587246015565347,0.07355942872946093,0.11533892288584673,-0.21785677734003853,-0.05614925824728566,-3.2171155203595982,1.5707963267948966,1.514647068547611,1.514647068547611
5,44,4,3,-0.41903860466788095,0.60387980081101,0.16845560997483058,0.2621345751013354,0.9646479549284335,0.1953921233501023,11.195144018060446,2.0943951023931953,2.2897872257432974,2.2897872257432974
5,44,5,3,-0.4084561844930437,0.6128389420904081,0.03530965298925774,0.05544123427879732,0.09960868361349921,0.02599158730733576,1.4892082555561388,2.6179938779914944,2.6439854652988304,2.6439854652988304
5,44,6,3,-0.6125262941420303,0.4540970227184029,0.08578898946438962,0.1344274071567747,-0.03574548598058067,-0.009354162623770552,-0.5359540392210732,3.141592653589793,3.1322384909660226,3.1322384909660226
5,44,7,3,-0.2487814528806868,0.756227131371646,-0.016317630300031076,-0.025629399039851293,-0.6272492047458551,-0.14560108351937212,-8.34232757819183,3.665191429188092,3.51959034566872,3.51959034566872
5,44,8,3,-1.0660430741572604,0.21203421844432113,0.0991386842111878,0.15521849333728532,0.20590959912466444,0.05315784635477888,3.045720244133718,4.1887902047863905,4.241948051141169,4.241948051141169
5,44,9,3,-0.8891838334937022,0.2890096223958937,0.07539962846031065,0.11821352555796598,-0.5454452532133365,-0.1301401472112721,-7.456481180417121,4.71238898038469,4.582248833173417,4.582248833173417
5,44,10,3,-0.7823707170398435,0.34593466905847914,0.15831414042539121,0.24662230960197465,0.26298628358846743,0.06730510840136526,3.856298651068729,5.235987755982989,5.303292864384354,5.303292864384354
5,44,11,3,-0.5097342027746402,0.5302619232432356,-0.013339095026795329,-0.02095175882661294,-0.48248505510380313,-0.11734675829629031,-6.7234739899192135,5.759586531581287,5.642239773284997,5.642239773284997
5,44,0,4,-0.32123347634678967,0.689378188929084,-0.2984252468343932,-0.4553280466454957,0.926400606761293,0.1908285384856326,10.933669865876551,0.0,0.1908285384856326,0.1908285384856326
5,44,1,4,-0.18071561380338677,0.8212263006042457,-0.027710898453786673,-0.04351703925068603,0.28418943454178974,0.07246032329514887,4.151670706965512,0.5235987755982988,0.5960590988934477,0.5960590988934477
5,44,2,4,-0.609042285633795,0.4565474121961983,0.046163442081797165,0.07246189893251337,-0.28870241554398424,-0.07354994076651857,-4.214101189358713,1.0471975511965976,0.9736476104300791,0.9736476104300791
5,44,3,4,-0.31658014564693093,0.6935885942234843,-0.024031613221476254,-0.03774150458342316,0.43953056330688023,0.10818997181537139,6.19882877066011,1.5707963267948966,1.678986298610268,1.678986298610268
5,44,4,4,-0.7045911577620751,0.3927261174161496,0.33334232415278464,0.5050436899675365,0.31252360225699355,0.07925483462972964,4.540967530290791,2.0943951023931953,2.1736499370229247,2.1736499370229247
5,44,5,4,-0.1484117559806362,0.8526683702034481,0.15847855336274763,0.24687419612756087,-0.1216117274309871,-0.03168184428132786,-1.815235964510769,2.6179938779914944,2.5863120337101666,2.5863120337101666
5,44,6,4,-0.37731186660281696,0.6396292965719919,0.080430411409056,0.1260680650537634,-0.34523684075150907,-0.08695524837264657,-4.982168738264468,3.141592653589793,3.0546374052171466,3.0546374052171466
5,44,7,4,-0.12610738428597282,0.8745568887273698,-0.17699839169937015,-0.27516095344875807,0.2061088603758344,0.053207860058856284,3.048585818295169,3.665191429188092,3.718399289246948,3.718399289246948
5,44,8,4,-0.3123120977820193,0.697460964515094,-0.3075930836427879,-0.4684834929520983,-0.2966519087143319,-0.07546254007513027,-4.323685057641803,4.1887902047863905,4.11332766471126,4.11332766471126
5,44,9,4,-0.7502489521569342,0.36470254977274374,0.08344903438103557,0.13077800944134846,-0.3311796340040553,-0.0836659352597619,-4.793704979399138,4.71238898038469,4.628723045124928,4.628723045124928
5,44,10,4,-0.7115121237520958,0.3883758294985955,-0.024151371132871795,-0.03792951073064402,0.1520026334169828,0.03949052359327415,2.262640332656411,5.235987755982989,5.275478279576263,5.275478279576263
5,44,11,4,-0.4587688033360304,0.5709197789485172,-0.24665873474370478,-0.37977969468883194,-0.11652877902986464,-0.030369823787240284,-1.7400627275648821,5.759586531581287,5.729216707794047,5.729216707794047
5,44,0,5,-0.5172590713942428,0.5244182121001718,-0.21414670882784004,-0.33133145830038685,0.1425533597247596,0.03706961890234874,2.1239327112629622,0.0,0.03706961890234874,0.03706961890234874
5,44,1,5,-0.7994965269421374,0.33624479305672483,-0.2229844749514536,-0.34457110536784175,1.093749525023773,0.2089794193389439,11.973638733216102,0.5235987755982988,0.7325781949372427,0.7325781949372427
5,44,2,5,-0.5803026006323034,0.47711466865193275,0.02091252376678755,0.032844527650748856,-0.51320000567447,-0.12368312462190999,-7.086521037826038,1.0471975511965976,0.9235144265746876,0.9235144265746876
5,44,3,5,-0.5452454012565301,0.5030517366934808,0.08460302867537087,0.13257796097545066,-0.4095007914652222,-0.10159091879053499,-5.820730883553945,1.5707963267948966,1.4692054080043615,1.4692054080043615
5,44,4,5,-0.5361238247967864,0.5099517568281635,0.3482325915260562,0.5259138959349421,0.18914136885330748,0.048934941247166144,2.803765604183269,2.0943951023931953,2.1433300436403613,2.1433300436403613
5,44,5,5,-0.5985266224102651,0.46399968522039536,0.2362393099931783,0.3643312680592783,0.25521794851048224,0.06540201795321121,3.7472596003578413,2.6179938779914944,2.6833958959447055,2.6833958959447055
5,44,6,5,-0.49479736433239263,0.541984267518333,0.21123461220616965,0.3269579955123614,0.9830049372612536,0.19749197487007208,11.315456647758845,3.141592653589793,3.339084628459865,3.339084628459865
5,44,7,5,-0.5132348422740531,0.5275382033309262,0.09825459218547473,0.15384320519248748,-0.4585395934794249,-0.11228397525210793,-6.433397888897168,3.665191429188092,3.5529074539359837,3.5529074539359837
5,44,8,5,-0.9146449758214251,0.2766457637291526,-0.12261682477324445,-0.19164655791033938,-0.10805267902431606,-0.028178545393929926,-1.6145117238899904,4.1887902047863905,4.160611659392461,4.160611659392461
5,44,9,5,-0.715427400459263,0.38593106257773724,0.10899391682374192,0.1705324882834624,-0.12183938558293958,-0.031740570585493365,-1.818600733885854,4.71238898038469,4.680648409799196,4.680648409799196
5,44,10,5,-0.5883579966356494,0.4712863661330704,0.004655268681355366,0.007312426121180504,0.7566728529704976,0.1673193979447112,9.586695332901852,5.235987755982989,5.4033071539277,5.4033071539277
5,44,11,5,-0.21771299539460073,0.7856628042882698,0.14524508474628947,0.22655950516150467,0.7514336163676372,0.1665053135630574,9.540051733665573,5.759586531581287,5.926091845144344,5.926091845144344
5,45,0,1,-0.035742317191382024,0.9642728954627106,0.032844702363439233,0.05157379366341974,0.22175268923598362,0.05712147150465633,3.272819236793604,0.0,0.05712147150465633,0.05712147150465633
5,45,1,1,-0.29084373733111596,0.7170887965373778,-0.1267632194479013,-0.19805946737373306,-0.29323521322851026,-0.07464156505554737,-4.276646653934032,0.5235987755982988,0.44895721054275145,0.44895721054275145
5,45,2,1,-0.4440683411852599,0.5829890007936318,0.20284810048146726,0.31433350123929954,0.2846283928717887,0.07256642592291634,4.157749939731836,1.0471975511965976,1.119763977119514,1.119763977119514
5,45,3,1,-0.45902003938339214,0.5707148200276269,0.022413162593805075,0.035200619329563615,0.13616426475883406,0.035429031557125235,2.029933980459083,1.5707963267948966,1.6062253583520218,1.6062253583520218
5,45,4,1,-0.43315369850284563,0.5920464727013428,0.15923422122606684,0.24803173883692697,0.30259365451107306,0.07688638676203788,4.405265463475294,2.0943951023931953,2.1712814891552332,2.1712814891552332
5,45,5,1,-0.03669135789348592,0.9633250985618391,0.02958142147452352,0.046452839302399546,0.33314064967187956,0.08412660505570142,4.820099414455625,2.6179938779914944,2.702120483047196,2.702120483047196
5,45,6,1,-0.21803806097423464,0.7853526939797074,0.09923170305626057,0.15536317894961274,-0.09338712775792696,-0.024377866322333512,-1.396748853803816,3.141592653589793,3.11721478726746,3.11721478726746
5,45,7,1,-0.2742255673097316,0.7324476643939843,0.22060901840040295,0.3410174516824876,-0.25677558195454203,-0.06578420692614978,-3.7691574154836607,3.665191429188092,3.599407222261942,3.599407222261942
5,45,8,1,-0.3473225998270342,0.6660010467123199,-0.16166817854249127,-0.25175822533104825,-0.344636701386869,-0.08681543745613247,-4.974158162818354,4.1887902047863905,4.101974767330258,4.101974767330258
5,45,9,1,-0.027025985740012165,0.9729805922999863,0.019365807662210417,0.030415937294270442,0.4701337105552244,0.11474859436341031,6.574610162082078,4.71238898038469,4.8271375747481,4.8271375747481
5,45,10,1,-0.38059601548640803,0.636775038702966,-0.04023382214084458,-0.06316506067545265,0.15081090486671417,0.03918557407022434,2.2451680120211295,5.235987755982989,5.275173330053213,5.275173330053213
5,45,11,1,-0.35250972190949376,0.6614005871199498,-0.1973721191245506,-0.3060673221597386,0.626876788226847,0.145533728251437,8.338468405611176,5.759586531581287,5.905120259832724,5.905120259832724
5,45,0,2,-0.41585805740935305,0.6065646580858344,-0.24066844415238325,-0.3709074611437682,0.47720822111033745,0.11624023314145979,6.660074768622365,0.0,0.11624023314145979,0.11624023314145979
5,45,1,2,-0.11364872516658082,0.8868380569552163,0.04382519046904662,0.06879640930206062,-0.39029781301332467,-0.09728908779855089,-5.574254123534679,0.5235987755982988,0.4263096877997479,0.4263096877997479
5,45,2,2,-0.4341311091555693,0.59123205367179,0.09751017259931392,0.15268500584018166,-0.7945750168597802,-0.17304755496911967,-9.914894554788674,1.0471975511965976,0.8741499962274779,0.8741499962274779
5,45,3,2,-0.48748909180342587,0.5477787148613888,0.2212144078115673,0.3419234563415359,-0.14339184027082816,-0.037284705915744724,-2.136256289358626,1.5707963267948966,1.533511620879152,1.533511620879152
5,45,4,2,-0.3292204761345891,0.6821798338064656,0.048373392213836734,0.07592553450138324,0.21005339091966463,0.05419708174927867,3.1052640461591685,2.0943951023931953,2.148592184142474,2.148592184142474
5,45,5,2,-0.4823536615730198,0.5518734019061355,0.23125550099112838,0.3569153558543602,0.40276869763933454,0.10008995646679303,5.734732077195382,2.6179938779914944,2.7180838344582874,2.7180838344582874
5,45,6,2,-0.279128574327442,0.7279016354263075,-0.20223650292272768,-0.31341116371777444,-0.2645827063988007,-0.06769526716891379,-3.878653101789285,3.141592653589793,3.0738973864208794,3.0738973864208794
5,45,7,2,-0.49454988843984343,0.5421798504762481,0.07377431764390846,0.11567464440766323,-0.0884292259217911,-0.023090561260298858,-1.3229917068034036,3.665191429188092,3.642100867927793,3.642100867927793
5,45,8,2,-0.5322508422713741,0.5129002344478149,0.004569442861279033,0.007177614106330843,-0.07441493702057012,-0.019445903764931143,-1.1141682145481122,4.1887902047863905,4.169344301021459,4.169344301021459
5,45,9,2,-0.6291837521839908,0.4425100905148639,0.12615659253686942,0.1971216577487823,-0.10348485809522295,-0.026995973557070743,-1.546755348666926,4.71238898038469,4.685393006827619,4.685393006827619
5,45,10,2,-0.6454143317841032,0.43142516788498764,-0.231250705911856,-0.3569082126254077,-0.1449359111862496,-0.037680656366729924,-2.1589425790963794,5.235987755982989,5.198307099616259,5.198307099616259
5,45,11,2,-0.511881403082628,0.528590199678898,-0.12906242516195512,-0.20161259679180926,0.14222607840477275,0.03698565082914294,2.119121695054424,5.759586531581287,5.79657218241043,5.79657218241043
5,45,0,3,-0.3163282805140103,0.6938168298646128,-0.2281028417920891,-0.35221549383021206,-0.10356443341642979,-0.027016584640920018,-1.5479362767826796,0.0,-0.027016584640920018,6.256168722538666
5,45,1,3,-0.09391255036179369,0.9063625684543732,-0.02551894211793188,-0.040076361458828494,0.36253547610636827,0.09096099112464545,5.211680891769124,0.5235987755982988,0.6145597667229443,0.6145597667229443
5,45,2,3,-0.5554231684227893,0.49542627776434034,-0.4133609913177761,-0.6146883052851262,0.18216882758068345,0.04717104040782376,2.702701530609367,1.0471975511965976,1.0943685916044215,1.0943685916044215
5,45,3,3,-0.4067333597107958,0.6143045024122229,-0.0824993652284855,-0.12929649596598894,0.03484024227499095,0.009117465341275194,0.5223922839118734,1.5707963267948966,1.5799137921361717,1.5799137921361717
5,45,4,3,-0.1956976568793324,0.806762904991482,-0.07260827832818414,-0.11385281127571262,0.13155198844073793,0.034242922407931184,1.9619749321684112,2.0943951023931953,2.1286380248011265,2.1286380248011265
5,45,5,3,-0.20670406500209645,0.7961903954965864,0.2696269272918156,0.4135555756973902,-0.44569440325044574,-0.10952465892887911,-6.2753007092346005,2.6179938779914944,2.5084692190626154,2.5084692190626154
5,45,6,3,-0.2084142934995358,0.7945517798325024,0.11501379117621495,0.17987081854802933,-0.18465732576961308,-0.047801093457789,-2.73880091124172,3.141592653589793,3.0937915601320043,3.0937915601320043
5,45,7,3,0.06583672249007802,1.0657417646024339,-0.1566074071336674,-0.24400676704013557,-0.3307404690210443,-0.08356269004016,-4.787789464061047,3.665191429188092,3.581628739147932,3.581628739147932
5,45,8,3,-0.6696583111233996,0.41524492448827965,-0.12150277053156035,-0.18992242081309305,0.582502392861156,0.13730902501291745,7.867227622296424,4.1887902047863905,4.326099229799308,4.326099229799308
5,45,9,3,-0.7394471398009038,0.37118897984196997,-0.30184981298877145,-0.4602504410755427,0.22672166019221962,0.058359063751582146,3.3437280493005654,4.71238898038469,4.770748044136272,4.770748044136272
5,45,10,3,-0.7684028163586664,0.3540002433830669,-0.1041984693081561,-0.16308477835712892,0.005444369790713471,0.0014253185954888029,0.08166473998302262,5.235987755982989,5.237413074578478,5.237413074578478
5,45,11,3,-0.36550440015792796,0.649946784364192,-0.04559411037931993,-0.07156947455810427,-0.10541867220050716,-0.02749676117581198,-1.5754483656532055,5.759586531581287,5.732089770405475,5.732089770405475
5,45,0,4,-0.33202962945772907,0.6796566914124644,-0.288121514148017,-0.4404590491638427,-0.7337977910558421,-0.16372496572875797,-9.380749537181876,0.0,-0.16372496572875797,6.119460341450829
5,45,1,4,-0.08777963009183373,0.9124451322510805,-0.1485069320964806,-0.23157423795915705,-0.5521093566284347,-0.13144933153131283,-7.53149191656016,0.5235987755982988,0.392149444066986,0.392149444066986
5,45,2,4,-0.11968760652584759,0.8808806507882967,-0.09121286382976916,-0.142880805132465,-0.43026999554976,-0.10617193622456549,-6.083203848399742,1.0471975511965976,0.9410256149720322,0.9410256149720322
5,45,3,4,-0.3746752358464332,0.6419256925187022,0.2975872883850076,0.45412209100104356,-0.5386664070348159,-0.12879949282203737,-7.379667342128283,1.5707963267948966,1.4419968339728593,1.4419968339728593
5,45,4,4,-0.1368102633182646,0.8640369556995591,0.17544569788859818,0.27279618741767275,0.3095791194842293,0.07855399485496334,4.500812369081783,2.0943951023931953,2.1729490972481584,2.1729490972481584
5,45,5,4,-0.5588090972638116,0.49290670246042767,0.2706072202490831,0.414988311800046,-0.12062688063757976,-0.03142775769747694,-1.8006778756252144,2.6179938779914944,2.5865661202940173,2.5865661202940173
5,45,6,4,-0.14892113637171442,0.8521700841718103,-0.0013161448439779585,-0.0020673942927116225,0.128495792266142,0.033456188525743065,1.9168984011190895,3.141592653589793,3.1750488421155363,3.1750488421155363
5,45,7,4,-0.08586587169613827,0.9143445359957606,0.1268045844385664,0.19812341000620348,-0.3333003670546215,-0.08416409936572583,-4.822247680175779,3.665191429188092,3.581027329822366,3.581027329822366
5,45,8,4,-0.34467225296260945,0.6683578140581029,-0.15827815722815863,-0.24656718031636451,-0.11306360026145694,-0.029474493706928104,-1.6887640926918852,4.1887902047863905,4.159315711079462,4.159315711079462
5,45,9,4,-0.14270500488939553,0.8582558843209436,0.2685001129349201,0.41190777918109217,0.2133774269548966,0.05502944165439244,3.1529547557580972,4.71238898038469,4.767418422039082,4.767418422039082
5,45,10,4,-0.5899284911056585,0.47015582437928494,-0.0014845205890473144,-0.0023318777753286836,0.7607580093978333,0.1679503881361908,9.622848407787785,5.235987755982989,5.40393814411918,5.40393814411918
5,45,11,4,-0.338365623125854,0.6739824891906376,-0.14585851414252657,-0.22750294906440882,0.32670714973179915,0.08261312906824447,4.733383627979947,5.759586531581287,5.8421996606495314,5.8421996606495314
5,45,0,5,-0.4138138578546602,0.608293821483425,-0.27103440807219775,-0.4156124313673765,0.08818325103818055,0.023026664747652987,1.319330706303191,0.0,0.023026664747652987,0.023026664747652987
5,45,1,5,-0.5108413500058817,0.5293995211841207,-0.3086043708359029,-0.46993028195477765,-0.26690669931454447,-0.068262664930657,-3.91116259884234,0.5235987755982988,0.4553361106676418,0.4553361106676418
5,45,2,5,-0.6576142511095774,0.4232264835026359,0.0013830998706207069,0.0021725668110134074,-0.3492202618598266,-0.08788182671779311,-5.035257766829582,1.0471975511965976,0.9593157244788045,0.9593157244788045
5,45,3,5,-0.3291576657886657,0.6822363008279687,-0.0023650371159710335,-0.0037149846880376665,-0.09740936925376281,-0.025421359805825366,-1.4565366263573034,1.5707963267948966,1.5453749669890713,1.5453749669890713
5,45,4,5,-0.5951612364498275,0.46640253342167426,0.16657187404696228,0.25925711256378026,0.33356847236370835,0.08422702952887494,4.825853312928293,2.0943951023931953,2.17862213192207,2.17862213192207
5,45,5,5,-0.4600629948427186,0.5698644474554255,0.08993286527375335,0.1408865925643442,0.41521895897993877,0.10285967953328204,5.893425519325234,2.6179938779914944,2.7208535575247765,2.7208535575247765
5,45,6,5,-0.7375279745823604,0.37235070133183246,0.041127545819592395,0.0645665977454551,0.01577373535192065,0.0041292118000558365,0.236586408858817,3.141592653589793,3.145721865389849,3.145721865389849
5,45,7,5,-0.545914960748012,0.5025476977787023,0.06027023240041347,0.09455779362938527,-0.3637728468690164,-0.09124570564588158,-5.227993832202042,3.665191429188092,3.5739457235422103,3.5739457235422103
5,45,8,5,-0.7291634455329216,0.37744671250716466,-0.05792253371065749,-0.09088288795102403,-0.034525257370100766,-0.009035101601197673,-0.517673189220519,4.1887902047863905,4.179755103185193,4.179755103185193
5,45,9,5,-0.715636012538105,0.3858011307256901,-0.0683432912295214,-0.10718656024288714,0.11677877317682454,0.030434389492073766,1.743762069953128,4.71238898038469,4.7428233698767635,4.7428233698767635
5,45,10,5,-0.8329356430883121,0.31795084037570065,-0.09445716554454611,-0.1479332689078721,-0.20932800002539287,-0.054015286293600494,-3.0948479338141515,5.235987755982989,5.181972469689389,5.181972469689389
5,45,11,5,-0.4592098893024674,0.5705599693684162,-0.15286489870424116,-0.23826659389605118,0.20600713126127804,0.05318232700114325,3.047122881850148,5.759586531581287,5.81276885858243,5.81276885858243
5,46,0,1,-0.3647604949879461,0.6505997033414113,-0.197252550103358,-0.3058866300807592,0.16528003418395742,0.04288045885186065,2.456869315796007,0.0,0.04288045885186065,0.04288045885186065
5,46,1,1,-0.44033749144911855,0.586075850790841,-0.2366162577901929,-0.36489147398449423,-0.15642121785600688,-0.040620225109041556,-2.3273674616194153,0.5235987755982988,0.48297855048925725,0.48297855048925725
5,46,2,1,-0.21149226279132652,0.7916056008172573,-0.42683085910764623,-0.6325116359917876,-0.2820264798298593,-0.07193712965721513,-4.121693919643813,1.0471975511965976,0.9752604215393825,0.9752604215393825
5,46,3,1,0.031149402337996904,1.0311393316445125,-0.10136798170273406,-0.1586853033748612,-0.04337108815787093,-0.011347410199810993,-0.6501587128528721,1.5707963267948966,1.5594489165950856,1.5594489165950856
5,46,4,1,-0.015932958323916096,0.9840683897816697,-0.07310475453785106,-0.1146285493023517,-0.361458842534252,-0.09071306237028835,-5.197475620524527,2.0943951023931953,2.0036820400229067,2.0036820400229067
5,46,5,1,-0.08124900786792948,0.9189293070636669,0.05370004701777234,0.08427084836322005,0.18703101979361322,0.048401546498950704,2.773204336296081,2.6179938779914944,2.666395424490445,2.666395424490445
5,46,6,1,-0.26808231744582983,0.7381604722480862,0.15973275607495427,0.24879525041939504,0.2999395462403803,0.07625097969238658,4.368859320111499,3.141592653589793,3.21784363328218,3.21784363328218
5,46,7,1,-0.2070453218973389,0.7958633366114767,0.3418402427081102,0.5169793810865392,-0.17681909037453558,-0.04581465691189835,-2.624986480891641,3.665191429188092,3.6193767722761936,3.6193767722761936
5,46,8,1,-0.152663929221187,0.8485111267093622,-0.500386399766404,-0.7263691865760997,-0.34811704417100625,-0.08762545564825698,-5.020568786555906,4.1887902047863905,4.101164749138134,4.101164749138134
5,46,9,1,-0.4512665443308745,0.5770604503282127,0.14661097831430478,0.22865999708224463,-0.3851859397586317,-0.09613343328953075,-5.5080399975925625,4.71238898038469,4.616255547095159,4.616255547095159
5,46,10,1,-0.5619759346158726,0.4905579767330218,0.18352492184776284,0.2850867306425411,0.3641266685748674,0.0913270736295459,5.2326558742534965,5.235987755982989,5.3273148296125346,5.3273148296125346
5,46,11,1,-0.5698691109083883,0.48473685405567535,-0.2282732807043176,-0.35246974828567,0.5943563155910669,0.1395446972940319,7.995322208378668,5.759586531581287,5.899131228875319,5.899131228875319
5,46,0,2,-0.1946586116318145,0.8077633522039684,-0.08537304075346025,-0.13377879854862776,0.30645549347851075,0.0778091610800278,4.45813653733918,0.0,0.0778091610800278,0.0778091610800278
5,46,1,2,-0.14220933879510675,0.8587416258796065,-0.27959311545063514,-0.42808670050499825,-0.16395781221916364,-0.042543515730058934,-2.437563896980806,0.5235987755982988,0.4810552598682399,0.4810552598682399
5,46,2,2,-0.3560391797234888,0.658279522957075,0.07896517050954426,0.12378102787815069,-0.5324267275646634,-0.1275575387560044,-7.308508615795481,1.0471975511965976,0.9196400124405932,0.9196400124405932
5,46,3,2,0.03522932042037174,1.0352147532233211,-0.07253580486179471,-0.11373956768889515,-0.15334502031022276,-0.0398338935187016,-2.2823139801951258,1.5707963267948966,1.5309624332761949,1.5309624332761949
5,46,4,2,0.07534977153409694,1.075207492990296,-0.1879716697530319,-0.29183609554833173,0.5348420152929647,0.12803918086961874,7.3361046761413435,2.0943951023931953,2.222434283262814,2.222434283262814
5,46,5,2,-0.05929864150140688,0.9407707653858799,-0.3493152348001256,-0.5274233287310345,-0.008172738999787998,-0.0021395704304169247,-0.12258835563387876,2.6179938779914944,2.6158543075610776,2.6158543075610776
5,46,6,2,-0.2317675211509539,0.7722950986771413,0.02242267562491403,0.03521555485658391,-0.1616048021198329,-0.04194353835929399,-2.4031877258326193,3.141592653589793,3.0996491152304992,3.0996491152304992
5,46,7,2,0.051640571448058885,1.0515947162203112,-0.31965246372720124,-0.48567866824608935,-0.24608814096751633,-0.0631559474032371,-3.618569237355697,3.665191429188092,3.6020354817848546,3.6020354817848546
5,46,8,2,-0.10184338195048728,0.8985072723627887,0.0032641836881155055,0.005127349536831353,0.3664721324511224,0.0918659488962716,5.263531152720866,4.1887902047863905,4.280656153682662,4.280656153682662
5,46,9,2,-0.11552478355594215,0.8849864179390939,0.282134974183781,0.4317803282252098,-0.623066978656122,-0.144843083894317,-8.298897398803671,4.71238898038469,4.567545896490373,4.567545896490373
5,46,10,2,-0.2780254668922115,0.7289233777880816,0.24570404779882843,0.3783674110190177,0.3351252060130862,0.08459221416482203,4.846776851311082,5.235987755982989,5.3205799701478105,5.3205799701478105
5,46,11,2,-0.1960839082290265,0.8063911042582222,-0.06305213654935057,-0.09891102325294858,0.47924403501489793,0.11666775006128323,6.6845696837986806,5.759586531581287,5.87625428164257,5.87625428164257
5,46,0,3,-0.34067313613766087,0.6719217896777557,-0.2783016003665573,-0.42620800879892284,0.013480336394416483,0.003528930059541841,0.2021927986085978,0.0,0.003528930059541841,0.003528930059541841
5,46,1,3,-0.21379213464378286,0.789406666101845,-0.09017285424581037,-0.14126052573473255,0.004298264201783194,0.0011252760067814458,0.06447356597591145,0.5235987755982988,0.5247240516050803,0.5247240516050803
5,46,2,3,-0.3548484454070032,0.6593316393999779,-0.045956021498175764,-0.07213677368358345,-0.18411012989084483,-0.04766259992949362,-2.7308658165805197,1.0471975511965976,0.999534951267104,0.999534951267104
5,46,3,3,-0.24849829971245968,0.7564934764803392,-0.06477645799262945,-0.10160854588535641,-0.439781686854889,-0.10824448239593595,-6.201951996865267,1.5707963267948966,1.4625518443989607,1.4625518443989607
5,46,4,3,-0.16626557419927057,0.8352497670305679,0.0662162683931382,0.10386052010688478,0.4730412870055725,0.11536277465006277,6.609800100367399,2.0943951023931953,2.209757877043258,2.209757877043258
5,46,5,3,-0.030648217097361725,0.9693613753902545,-0.01482431387614518,-0.02328427215615431,-0.20424138831638441,-0.05273897428403789,-3.021720642324354,2.6179938779914944,2.5652549037074563,2.5652549037074563
5,46,6,3,-0.5176647068235185,0.5241043830548795,0.23820486929401688,0.367251330396745,-0.04558521626485716,-0.011925922118805159,-0.6833050042092519,3.141592653589793,3.129666731470988,3.129666731470988
5,46,7,3,-0.39147788832234304,0.6273663968352157,-0.10295085248911803,-0.16114590088682654,0.06393296342629723,0.016714843338890176,0.9576899785407643,3.665191429188092,3.681906272526982,3.681906272526982
5,46,8,3,-0.540927397626298,0.5063103487691907,0.2746004998949357,0.42081695482793746,-0.07772513145207366,-0.020307514399171892,-1.1635348674736972,4.1887902047863905,4.1684826903872185,4.1684826903872185
5,46,9,3,-0.3977254483470381,0.621998912380465,0.24097703901955364,0.3713651403312209,0.5489134271200539,0.1308225689147323,7.4955810638735185,4.71238898038469,4.843211549299422,4.843211549299422
5,46,10,3,-0.6216817142997169,0.4477021499416508,0.10090371790871948,0.15796344820031033,0.47366671138061334,0.11549468055563236,6.617357752049388,5.235987755982989,5.351482436538621,5.351482436538621
5,46,11,3,-0.3490515538527621,0.6644658547282299,-0.12234179767178804,-0.19122096277080133,-0.45728615694878894,-0.11201604522609478,-6.418046629201784,5.759586531581287,5.6475704863551925,5.6475704863551925
5,46,0,4,-0.3084777769119079,0.700948358899733,-0.16877730307892647,-0.26262579058505914,-0.17411413332357928,-0.04512786444060081,-2.585636170884932,0.0,-0.04512786444060081,6.238057442738985
5,46,1,4,-0.22572862916311628,0.7780286914828868,-0.20382821625548994,-0.3158111223974349,-0.3235054367248004,-0.08185762828543625,-4.690096621706206,0.5235987755982988,0.44174114731286257,0.44174114731286257
5,46,2,4,-0.18572956064976304,0.8163769870537394,0.2033904292537137,0.31515118713291895,0.01447009900411262,0.0037879986825512814,0.21703633731130453,1.0471975511965976,1.050985549879149,1.050985549879149
5,46,3,4,0.06497643877672488,1.0648851507819355,0.14100655822700608,0.22003619756418769,-0.1946062245981382,-0.05031422851211938,-2.882792943201232,1.5707963267948966,1.5204820982827771,1.5204820982827771
5,46,4,4,-0.4313754766984447,0.5935298265293245,0.3389394837805553,0.5129125664648745,0.4641476696376085,0.11347920598643232,6.501879565518278,2.0943951023931953,2.2078743083796275,2.2078743083796275
5,46,5,4,-0.4176816478968687,0.6050244504173641,0.2983022353809939,0.4551510502253169,0.5089113354927348,0.12280918449943594,7.036447957261129,2.6179938779914944,2.7408030624909303,2.7408030624909303
5,46,6,4,-0.4518593752165957,0.576573785843449,0.4008446968134169,0.5979573712199807,0.24533847916982254,0.06297107456020361,3.607976803703293,3.141592653589793,3.2045637281499966,3.2045637281499966
5,46,7,4,-0.1881776691381709,0.8140124900788772,-0.2377384090617998,-0.3665585926294719,-0.16877973308634703,-0.043771583488460226,-2.5079269964932918,3.665191429188092,3.6214198456996316,3.6214198456996316
5,46,8,4,-0.33557848673583923,0.6764756470172162,-0.43492702906228603,-0.6431321756181491,-0.16137849161757825,-0.041885809095568154,-2.3998800826667313,4.1887902047863905,4.1469043956908225,4.1469043956908225
5,46,9,4,-0.673150480691713,0.41295155466849465,-0.15627407760559225,-0.24349578229047705,-0.7877316286222112,-0.17203416068238814,-9.856831339176287,4.71238898038469,4.540354819702301,4.540354819702301
5,46,10,4,-0.5049511491317326,0.5339979431671708,0.43405488253081154,0.6419914559141909,0.6349103590148093,0.14698048894847154,8.421361687516658,5.235987755982989,5.38296824493146,5.38296824493146
5,46,11,4,-0.22270721307984226,0.7809031576479071,0.15096901945295413,0.2353562402300196,0.38577751389105563,0.09626739508452714,5.515715443061852,5.759586531581287,5.855853926665814,5.855853926665814
5,46,0,5,-0.42847123047492613,0.5959570975381768,-0.20464370719814462,-0.3170401117489068,-0.4149163700566503,-0.10279268251897984,-5.889586873165741,0.0,-0.10279268251897984,6.180392624660606
5,46,1,5,-0.5368203848562797,0.5094226544663805,-0.2191004122551796,-0.3387586893156047,0.04934440282293677,0.012907859829922137,0.739565890800991,0.5235987755982988,0.536506635428221,0.536506635428221
5,46,2,5,-0.5074430570653017,0.5320494394720605,-0.07362051888995605,-0.11543436528501538,0.12287696928339598,0.03200818274331039,1.8339337810751586,1.0471975511965976,1.079205733939908,1.079205733939908
5,46,3,5,-0.2944981929880796,0.7137303261674669,0.17113214787054165,0.26621995122775566,-0.49648097069316666,-0.1202562733506764,-6.8901769229653125,1.5707963267948966,1.45054005344422,1.45054005344422
5,46,4,5,-0.540496320014188,0.5066364294384444,0.27478607528117344,0.42108752129095733,0.18574041279574255,0.04807513766083325,2.7545024874761825,2.0943951023931953,2.1424702400540285,2.1424702400540285
5,46,5,5,-0.48645889051946095,0.5485986174538046,0.239655118807569,0.3694041225452315,0.11406339455913327,0.02973289238839772,1.7035692465718395,2.6179938779914944,2.6477267703798923,2.6477267703798923
5,46,6,5,-0.555935247090332,0.49504467021507526,0.08717857803255885,0.136593922658686,-0.2120279696493807,-0.05469166815612027,-3.1336017598757326,3.141592653589793,3.086900985433673,3.086900985433673
5,46,7,5,-0.5753737873624892,0.48070512393251175,0.04101129400602014,0.06438429748218738,0.18773089930162684,0.048578488735425904,2.783342379663716,3.665191429188092,3.7137699179235177,3.7137699179235177
5,46,8,5,-0.7546251467653206,0.36209985237739517,-0.029918912966388496,-0.04698250076603765,0.0044638766959494616,0.0011686324240881873,0.06695770570239569,4.1887902047863905,4.189958837210479,4.189958837210479
5,46,9,5,-0.7642134828461921,0.35644791213610194,0.005374215907340269,0.008441717335029327,-0.03360812325991373,-0.008795274905406504,-0.503932131737117,4.71238898038469,4.703593705479284,4.703593705479284
5,46,10,5,-0.918022645799643,0.27503936130871653,-0.033194917592586276,-0.052123311092398365,0.1487613572974502,0.038660864573277554,2.215104372375646,5.235987755982989,5.274648620556267,5.274648620556267
5,46,11,5,-0.555075899471199,0.4956851792568445,-0.1002728851291115,-0.1569824972074126,0.3369141568042019,0.08501141968186998,4.870795558186529,5.759586531581287,5.844597951263157,5.844597951263157
6,42,0,1,-0.31360527508336977,0.6962866116658846,0.048128349334239984,0.07554151679165805,0.5638966670638977,0.13374358758757243,7.662943105706164,0.0,0.13374358758757243,0.13374358758757243
6,42,1,1,-0.4439610832199376,0.5830776107576802,-0.05406492243140795,-0.08484233250745812,0.1792957194902583,0.04644290689266947,2.6609825532690015,0.5235987755982988,0.5700416824909683,0.5700416824909683
6,42,2,1,-1.0277047188810893,0.2270138556000304,0.15082974480760966,0.2351423750481003,-0.13362935159451564,-0.03477732449850485,-1.99259391652125,1.0471975511965976,1.0124202266980928,1.0124202266980928
6,42,3,1,-0.24975184565416084,0.7553146205397715,0.12617257681509084,0.1971463703400155,-0.2251362578131713,-0.05796449195803966,-3.3211207508156737,1.5707963267948966,1.5128318348368568,1.5128318348368568
6,42,4,1,-0.16838877028057977,0.8331849254728041,-0.34007123057335004,-0.5145001761584389,-0.013797206991796632,-0.003611871157918025,-0.2069449734937325,2.0943951023931953,2.090783231235277,2.090783231235277
6,42,5,1,-0.04535754313807887,0.9546735360791384,0.18167822808968645,0.28228056317623,-0.22780861589109908,-0.05862942213418373,-3.359218443579619,2.6179938779914944,2.5593644558573105,2.5593644558573105
6,42,6,1,-0.5067554617192671,0.5325866395172201,0.02556734600139708,0.0401523445150678,-0.21684383859764134,-0.05589621501017705,-3.202617210838947,3.141592653589793,3.085696438579616,3.085696438579616
6,42,7,1,-0.14034950587154812,0.860564824713582,0.09115529571759977,0.14279112507035951,-0.6042184561110387,-0.14138332567830555,-8.100667854890505,3.665191429188092,3.5238081035097863,3.5238081035097863
6,42,8,1,-0.9512651344783235,0.25964473159060253,-0.2429629920834998,-0.3743089202764566,-0.3127745822261455,-0.07931451475679831,-4.54438694969263,4.1887902047863905,4.109475690029592,4.109475690029592
6,42,9,1,-0.46504206229414924,0.5658152955270379,-0.30251217193037405,-0.4612013646564326,-0.545496629012402,-0.13015027347631172,-7.457061372666123,4.71238898038469,4.582238706908378,4.582238706908378
6,42,10,1,-0.20530766152109603,0.7975291748212321,-0.01830581019983611,-0.02875148792569806,-0.25535702335006516,-0.06543615419279497,-3.749215462814438,5.235987755982989,5.170551601790194,5.170551601790194
6,42,11,1,0.009941387996131576,1.0099410605026586,0.24907003924440294,0.3833438689425546,0.8819497938690215,0.1851955169963932,10.610921508636634,5.759586531581287,5.9447820485776806,5.9447820485776806
6,42,0,2,-0.22826224573759502,0.7756212684562982,-0.044657991033982936,-0.07010201214711098,0.042452561802347404,0.011107382842745766,0.636406158325355,0.0,0.011107382842745766,0.011107382842745766
6,42,1,2,-0.09509614954530617,0.905189477591825,-0.09696026942158692,-0.15182933559366205,-0.16950956132903486,-0.04395728821034676,-2.518567093293041,0.5235987755982988,0.47964148738795204,0.47964148738795204
6,42,2,2,-1.3560884976900944,0.12451726354803716,-0.11654090051195366,-0.1822377268507482,-0.47089215237872767,-0.11490895468253344,-6.583798131569204,1.0471975511965976,0.9322885965140641,0.9322885965140641
6,42,3,2,-0.6055385091062286,0.45902108093837524,0.22764299330863894,0.35152941198047644,0.751405886451431,0.16650099035310867,9.53980403198156,1.5707963267948966,1.7372973171480053,1.7372973171480053
6,42,4,2,-0.3474503888644159,0.6658875180656219,0.07958347161484589,0.12474617484941163,0.015026460754904885,0.0039336221674318335,0.22537994839294734,2.0943951023931953,2.098328724560627,2.098328724560627
6,42,5,2,-0.13909126940951957,0.861798814173696,0.3532278419414343,0.5328691643306835,-0.09566822347150288,-0.024969750985811508,-1.430661346979626,2.6179938779914944,2.593024127005683,2.593024127005683
6,42,6,2,0.008925569159240586,1.0089253321459692,-0.43781427616694507,-0.6469027208006897,0.47795562618865367,0.11639727668395211,6.669072700806958,3.141592653589793,3.2579899302737454,3.2579899302737454
6,42,7,2,-0.5765331349040426,0.4798589241875325,-0.1768884999698456,-0.2749936295663858,0.20417197393078607,0.05272153886636306,3.020721666477538,3.665191429188092,3.717912968054455,3.717912968054455
6,42,8,2,-0.48914286115658906,0.546464132440879,0.02630059120335532,0.041303349027932576,0.3353048266874125,0.08463432667598572,4.84918972046546,4.1887902047863905,4.273424531462377,4.273424531462377
6,42,9,2,-0.5560403733543088,0.49496635319148063,-0.016102680922643504,-0.02529184605498159,0.42825644248089273,0.1057311288687201,6.05794744733148,4.71238898038469,4.818120109253409,4.818120109253409
6,42,10,2,-0.16525309935856144,0.8362349246249536,0.2256140298175392,0.3485005689183663,-0.377901069737115,-0.09447902166560035,-5.413249193963965,5.235987755982989,5.141508734317388,5.141508734317388
6,42,11,2,-0.48290454381163955,0.551433255134129,-0.3791214195737063,-0.5685406627095582,-0.5709271576468883,-0.13509891986153447,-7.740597924842057,5.759586531581287,5.624487611719752,5.624487611719752
6,42,0,3,-0.6517512116965961,0.42715230991263176,-0.11630492201417826,-0.18187203186783935,-0.40838356945815873,-0.10134236647903219,-5.806489885116614,0.0,-0.10134236647903219,6.181842940700554
6,42,1,3,-0.2657756043626772,0.7403103319023792,0.04507473210165713,0.07075531150802424,0.2540993733761271,0.06512737493873572,3.731523714755645,0.5235987755982988,0.5887261505370345,0.5887261505370345
6,42,2,3,-0.3752239989678544,0.6414473843080913,-0.2101851629881785,-0.3253806014734638,-0.20205480235953138,-0.05218951691390678,-2.9902390539934838,1.0471975511965976,0.9950080342826908,0.9950080342826908
6,42,3,3,0.06850828115191465,1.0684013034122306,0.16202393551426497,0.2523026610861496,0.4996072409746423,0.12090110842783208,6.927123251368326,1.5707963267948966,1.6916974352227285,1.6916974352227285
6,42,4,3,-0.4535593770827142,0.5751795818284107,0.02286067647860608,0.03590321239293218,0.17783645378298468,0.04607279924606965,2.639776947153312,2.0943951023931953,2.1404679016392647,2.1404679016392647
6,42,5,3,-0.44877712695120153,0.579106716278967,0.0018954750483961681,0.0029774016777912187,0.28563290080013465,0.0728091329474322,4.171656027894773,2.6179938779914944,2.6908030109389265,2.6908030109389265
6,42,6,3,-0.5432544519855527,0.504552488817147,-0.11180627672752926,-0.17489672156076994,-0.407249908527938,-0.10108993709515231,-5.792026746795209,3.141592653589793,3.040502716494641,3.040502716494641
6,42,7,3,-0.2394712718236801,0.7650037184433013,-0.0694113341658543,-0.10885630406708843,0.5041264188062181,0.1218299617612954,6.980342627162432,3.665191429188092,3.7870213909493873,3.7870213909493873
6,42,8,3,-0.4921053212833887,0.5441141991099021,0.21887583302664465,0.33842231185585886,-0.43693622738496424,-0.10762616600608448,-6.166525077323012,4.1887902047863905,4.081164038780306,4.081164038780306
6,42,9,3,-0.3520319402254958,0.6618236597540123,-0.32369333067406153,-0.4914120426794667,-0.012981866415127915,-0.0033984537696075197,-0.19471705786883592,4.71238898038469,4.708990526615082,4.708990526615082
6,42,10,3,-0.8748451790899894,0.2961725143417199,0.18939154986520168,0.29398888301071563,-0.6367475821507285,-0.14730952838274755,-8.440214258394047,5.235987755982989,5.088678227600242,5.088678227600242
6,42,11,3,-0.13052791087821763,0.8702083631167341,0.03913394318701203,0.0614400929518484,0.14245764181432366,0.03704506209219615,2.1225257096829147,5.759586531581287,5.796631593673483,5.796631593673483
6,42,0,4,-0.5367443485337846,0.5094803935749084,-0.2745226904031291,-0.4207035016101488,0.5015545889932472,0.12130183554007412,6.95008322363626,0.0,0.12130183554007412,0.12130183554007412
6,42,1,4,-0.29790282618976777,0.7106077592209504,-0.23478407488406267,-0.3621676333187696,-0.3470169340883503,-0.08736961813749522,-5.005910376948124,0.5235987755982988,0.4362291574608036,0.4362291574608036
6,42,2,4,-1.0522664445203398,0.21731405682879257,-0.13531079828582843,-0.2112579676834587,-0.8048994758594396,-0.17455917755747208,-10.001504149317908,1.0471975511965976,0.8726383736391256,0.8726383736391256
6,42,3,4,-0.13221421483935064,0.8685508307634058,0.18676537145625619,0.290006242688251,-0.28265491409742854,-0.0720892049139733,-4.1304071900244255,1.5707963267948966,1.4987071218809231,1.4987071218809231
6,42,4,4,-0.6043561811073068,0.45985792583232454,0.1828123551651991,0.2840041625493454,0.30425697407010405,0.07728408985928109,4.428052172446611,2.0943951023931953,2.1716791922524763,2.1716791922524763
6,42,5,4,-0.22895220462095545,0.7749661476399377,0.289969659803405,0.4431324623583339,-0.04752858456279275,-0.012433593394780798,-0.7123924257026774,2.6179938779914944,2.6055602845967134,2.6055602845967134
6,42,6,4,-0.5371706199218407,0.5091567548163773,0.17510239327474061,0.27227315896508875,0.42007396572274786,0.10393245690008594,5.954891134800255,3.141592653589793,3.2455251104898792,3.2455251104898792
6,42,7,4,-0.38138026972712413,0.6360944469982523,-0.07231533777066834,-0.11339506901038278,-0.6370057773483637,-0.1473557156641551,-8.44286059468588,3.665191429188092,3.5178357135239366,3.5178357135239366
6,42,8,4,-1.2278773539458339,0.15803747143912183,-0.05289100342383937,-0.083003608619933,-0.006132741380694725,-0.001605527810803268,-0.0919899674499058,4.1887902047863905,4.187184676975587,4.187184676975587
6,42,9,4,-1.1564399723486685,0.18012370474450423,-0.0068857832575242375,-0.010815992105375403,0.19612045817411158,0.050695900386718985,2.904661130774636,4.71238898038469,4.763084880771409,4.763084880771409
6,42,10,4,-1.0357260225334142,0.2238053046507461,0.132407811223381,0.20677871056030087,-0.4689846197559471,-0.11450543442995335,-6.560678124148312,5.235987755982989,5.121482321553035,5.121482321553035
6,42,11,4,-0.7167036590258951,0.38513667943153407,-0.1621659243665206,-0.2525199375886399,0.996972371191551,0.19905123061735935,11.404795421259923,5.759586531581287,5.958637762198647,5.958637762198647
6,42,0,5,-0.3863382699626484,0.631800803069122,-0.3117687523278288,-0.47445171257978874,-0.6175662629692207,-0.14384076419908134,-8.24146871054383,0.0,-0.14384076419908134,6.1393445429805045
6,42,1,5,-0.20835073248601166,0.794612658795945,-0.4072471943197984,-0.60653599478344,-0.21095225689749553,-0.05442227729519159,-3.1181668005051235,0.5235987755982988,0.4691764983031072,0.4691764983031072
6,42,2,5,-0.7779260833276143,0.34848528002884116,0.11914860007292406,0.18627752706954487,-0.7346381777101568,-0.16385886012673423,-9.388421121086362,1.0471975511965976,0.8833386910698634,0.8833386910698634
6,42,3,5,-0.3100525583313125,0.6995150893197932,0.12588581845137395,0.1967030107605598,-0.4467057555529199,-0.10974299771440334,-6.287810600149151,1.5707963267948966,1.4610533290804932,1.4610533290804932
6,42,4,5,-0.5427266511151412,0.504950835468476,0.07314180236847342,0.11468643383714933,-0.11380084032859235,-0.029665040423729964,-1.6996816153647063,2.0943951023931953,2.0647300619694655,2.0647300619694655
6,42,5,5,-0.2150475758403729,0.7882072209087745,-0.07424745951810824,-0.11641379771931974,0.7174964293740104,0.16109986028251416,9.230342074335299,2.6179938779914944,2.7790937382740086,2.7790937382740086
6,42,6,5,-0.37178137135302586,0.6444511236303817,0.031576651227045546,0.04958400903300053,-0.013139916884204366,-0.0034398242279078646,-0.19708741052596765,3.141592653589793,3.138152829361885,3.138152829361885
6,42,7,5,-0.14916540194738215,0.8519311653309023,0.01687165983329602,0.026499426961161657,-0.26079377052177727,-0.06676874593271233,-3.8255673453256978,3.665191429188092,3.5984226832553796,3.5984226832553796
6,42,8,5,-0.5242028664563574,0.5190627227081472,-0.1780118842790099,-0.27670381833156993,-0.2657547647795383,-0.0679815082396014,-3.8950535070629915,4.1887902047863905,4.120808696546789,4.120808696546789
6,42,9,5,-0.7578235366734872,0.36020680915376035,0.03630708851967523,0.057005994961264635,-0.9076109335266344,-0.18849126602427652,-10.799754018268693,4.71238898038469,4.523897714360413,4.523897714360413
6,42,10,5,-1.1181924441019373,0.19306072843226907,-0.014379743201955461,-0.02258609106185186,1.0059963127059608,0.20004116756530818,11.461514630361453,5.235987755982989,5.436028923548297,5.436028923548297
6,42,11,5,-0.9212449844601391,0.27351414878044134,-0.11987716064666135,-0.1874057555649695,0.6102866866338815,0.14250496583373598,8.164933101929066,5.759586531581287,5.902091497415023,5.902091497415023
6,42,0,6,-0.32865471713495054,0.6826885370984875,-0.142301883342938,-0.2220306012949797,-1.3261090100951918,-0.22731913370202894,-13.024426963696332,0.0,-0.22731913370202894,6.055866173477558
6,42,1,6,-0.45380990637593893,0.5749742880086298,-0.16993568227322886,-0.26439416166559104,0.26232858729069225,0.06714427701911559,3.8470836916525672,0.5235987755982988,0.5907430526174144,0.5907430526174144
6,42,2,6,-0.5764006575435555,0.4799555668889671,0.050482065044782296,0.07922974971477183,-0.08469066014983645,-0.022119105097121252,-1.2673313686713545,1.0471975511965976,1.0250784460994764,1.0250784460994764
6,42,3,6,-0.5955608838443527,0.4661167370951693,0.1960387770209697,0.30405190707598134,-1.2482988879500434,-0.22195507448544585,-12.71708900952787,1.5707963267948966,1.3488412523094506,1.3488412523094506
6,42,4,6,-0.7531656523125844,0.3629662603329137,0.3149631749719249,0.4790073092185824,-0.8072670728808905,-0.174902904444409,-10.021198249244565,2.0943951023931953,1.9194921979487862,1.9194921979487862
6,42,5,6,-0.2515330666351458,0.753640774221507,0.02612700754151609,0.041030871729491845,-0.17053022745491728,-0.044216920238568845,-2.533442912736588,2.6179938779914944,2.5737769577529255,2.5737769577529255
6,42,6,6,-0.4160231736618228,0.6064251094707123,-0.06261254498783696,-0.09822323335681254,0.7849224901672499,0.17161552420597598,9.832845235927643,3.141592653589793,3.313208177795769,3.313208177795769
6,42,7,6,-0.5286622328853777,0.5156421693490232,0.11101332153582383,0.17366648369195234,-0.2280643316410528,-0.058693007186895,-3.362861598740092,3.665191429188092,3.606498422001197,3.606498422001197
6,42,8,6,-0.4859213228852359,0.5490267524317424,-0.23801399931977427,-0.3669678885966208,-0.0792345364647337,-0.020700251761093365,-1.1860370607688995,4.1887902047863905,4.168089953025297,4.168089953025297
6,42,9,6,-0.22760978453375802,0.7762409716045848,0.11901911660183084,0.18607699215565346,-0.851829967677906,-0.18117153244425543,-10.3803641769733,4.71238898038469,4.531217447940434,4.531217447940434
6,42,10,6,-0.9368604545331352,0.2662235382365288,0.16681655283303468,0.25963096821114007,1.160405399739973,0.21498231496873346,12.31757931766057,5.235987755982989,5.450970070951723,5.450970070951723
6,42,11,6,-0.3024069160620251,0.7064862772880466,-0.07498833161289649,-0.11757110119472333,0.16326156570182423,0.042366032267786485,2.4273948436592256,5.759586531581287,5.801952563849073,5.801952563849073
6,43,0,1,-0.3841959264888157,0.633654166763453,-0.2127287851050564,-0.3292026501600158,0.30685057408887034,0.07790344539345556,4.463538630572879,0.0,0.07790344539345556,0.07790344539345556
6,43,1,1,-0.18253018152839678,0.8194702980975401,0.10831320985752149,0.16947576079000332,-0.21528600933976857,-0.05550683863767791,-3.1803075880526324,0.5235987755982988,0.4680919369606209,0.4680919369606209
6,43,2,1,-0.5007711122856886,0.5372766193753951,-0.16163001633784044,-0.2516998197818159,-0.42709340330308354,-0.10547618912062451,-6.043340475735475,1.0471975511965976,0.9417213620759731,0.9417213620759731
6,43,3,1,-0.3743958161249139,0.6421693101915438,0.4437797611440233,0.6546648283817958,-0.3897649051336078,-0.0971688159320251,-5.567363053188591,1.5707963267948966,1.4736275108628714,1.4736275108628714
6,43,4,1,-0.3915690447380321,0.6272879006833237,0.06217296817759174,0.0975354287295546,0.5921588030478883,0.13913235922759046,7.971696977438987,2.0943951023931953,2.2335274616207856,2.2335274616207856
6,43,5,1,-0.2955447041737972,0.7127698650045691,0.051405854134281184,0.08067707464667233,0.16417159869588752,0.042598004991583456,2.440685901694946,2.6179938779914944,2.660591882983078,2.660591882983078
6,43,6,1,-0.5823755758975249,0.475610096629012,0.1505194828289412,0.23466591576082002,-0.35375748685165365,-0.08893420891489444,-5.095554825158192,3.141592653589793,3.0526584446748988,3.0526584446748988
6,43,7,1,-0.5035688529695486,0.5350807595837607,0.1827504096487807,0.28391003852796387,-0.438071813743892,-0.10787310207803831,-6.180673472055505,3.665191429188092,3.5573183271100537,3.5573183271100537
6,43,8,1,-0.6033046901935166,0.46060306356325553,-0.025585796016810006,-0.04018130678139065,-0.255559844466632,-0.06548593284843528,-3.752067569692463,4.1887902047863905,4.123304271937955,4.123304271937955
6,43,9,1,-0.33964862166826376,0.6728363372910642,0.2882630009671908,0.4406638134171402,-0.24653328479627176,-0.0632656919545406,-3.6248571369699443,4.71238898038469,4.649123288430149,4.649123288430149
6,43,10,1,-0.4556061243161267,0.573503675496024,0.052261117743821035,0.0820169165098609,0.5901949108505411,0.1387630414086058,7.95053662511219,5.235987755982989,5.374750797391594,5.374750797391594
6,43,11,1,-0.36925788547452043,0.6466575780298873,0.08258412414052901,0.1294287319633581,0.34265502295436207,0.08635338259414642,4.947684369323054,5.759586531581287,5.845939914175434,5.845939914175434
6,43,0,2,-0.40898865856086064,0.6123863758634147,-0.13396165607268273,-0.20917669589876614,-0.3827422187085738,-0.0955794370541615,-5.476298351439768,0.0,-0.0955794370541615,6.187605870125425
6,43,1,2,-0.17219813826253424,0.8294839315344079,-0.006222495928326801,-0.009774147598146321,-0.16678541131563324,-0.04326389789567641,-2.4788387547071817,0.5235987755982988,0.4803348777026224,0.4803348777026224
6,43,2,2,-0.5458135838673817,0.5026239919060793,-0.09088206514921439,-0.1423654715325039,0.18877841420664893,0.04884323360131484,2.798511143126909,1.0471975511965976,1.0960407847979126,1.0960407847979126
6,43,3,2,-0.13804003741142906,0.8628301175444193,0.01759062436765238,0.027628438511673306,0.10063608410323184,0.02625788170567614,1.5044658006890181,1.5707963267948966,1.5970542085005728,1.5970542085005728
6,43,4,2,-0.168243393200899,0.8333262605319025,0.02329902817702611,0.03659140696735152,0.18462328991726937,0.04779247989860783,2.7383073906540534,2.0943951023931953,2.142187582291803,2.142187582291803
6,43,5,2,0.032728720442176895,1.0327170394486167,-0.051901715053294814,-0.08145389664777841,0.3812920343938977,0.09525020945659153,5.457434999599777,2.6179938779914944,2.713244087448086,2.713244087448086
6,43,6,2,-0.138939431697501,0.8619477549752965,-0.08530367012714127,-0.13367062115444633,-0.16469933549470944,-0.042732496739612186,-2.448391711236329,3.141592653589793,3.098860156850181,3.098860156850181
6,43,7,2,0.10858856772478376,1.1081637646999885,-0.34223741938852337,-0.5175356132440436,0.1488651229733146,0.038687437538448395,2.2166268911290836,3.665191429188092,3.7038788667265403,3.7038788667265403
6,43,8,2,-0.43713595064285443,0.5887323726950466,0.08822511860466982,0.13822524489414587,-0.13342985825051648,-0.034726017524674246,-1.9896542434611684,4.1887902047863905,4.154064187261716,4.154064187261716
6,43,9,2,-0.3184608443554901,0.6918854539329431,0.16807013664902778,0.26154589972099,-0.3580023848061558,-0.08991585538014638,-5.151799024591064,4.71238898038469,4.622473125004543,4.622473125004543
6,43,10,2,-0.21025909913078028,0.7927855129890655,-0.323162006844121,-0.4906589989320496,0.0472675262733023,0.012365401807116405,0.7084853355312113,5.235987755982989,5.248353157790105,5.248353157790105
6,43,11,2,-0.12982086707653387,0.8709035598323797,0.14787845851432796,0.23060840054917855,0.03543550442955636,0.009273112352515087,0.5313102007497446,5.759586531581287,5.768859643933802,5.768859643933802
6,43,0,3,-0.24058787072251844,0.7639490589445914,0.025845068970384116,0.04058830258329863,0.07193099590225034,0.018799079296643477,1.0771079024294354,0.0,0.018799079296643477,0.018799079296643477
6,43,1,3,-0.49885663060590607,0.5387825179778294,-0.04186695578155854,-0.0657260623753269,-0.5733765981326348,-0.1355688207414244,-7.767521262049234,0.5235987755982988,0.3880299548568744,0.3880299548568744
6,43,2,3,-0.5530455234110129,0.49720071253818954,0.12377002428191673,0.1934307834932624,0.43400446383384034,0.10698758102482407,6.12993685303635,1.0471975511965976,1.1541851322214216,1.1541851322214216
6,43,3,3,-0.6038900119129883,0.4601881716823105,0.10992297648255706,0.17197450554446075,0.2581949612907831,0.06613221277677507,3.78909668197035,1.5707963267948966,1.6369285395716717,1.6369285395716717
6,43,4,3,-0.4844237277053419,0.5502205767784396,0.06094419951957725,0.09561257944286508,0.1121237971316675,0.029231546798215196,1.6748442601768854,2.0943951023931953,2.1236266491914106,2.1236266491914106
6,43,5,3,-0.6572370939837878,0.42347822738985275,0.3711446535846436,0.5576209518054212,0.2866001267676488,0.07304270387461557,4.185038656239338,2.6179938779914944,2.69103658186611,2.69103658186611
6,43,6,3,-0.49951832004561236,0.5382617431592485,0.303505838412109,0.46262724019945917,0.1822518264262764,0.04719206370967482,2.703906077076862,3.141592653589793,3.188784717299468,3.188784717299468
6,43,7,3,-0.6613102592806573,0.4207652757400131,0.44761839874319864,0.659639205346958,0.452350002740333,0.11095811867621065,6.357431902858587,3.665191429188092,3.7761495478643026,3.7761495478643026
6,43,8,3,-0.5637636487942489,0.489235436011371,0.035064797010403506,0.05505709122804778,0.16133016358737667,0.04187348061673303,2.399173712861662,4.1887902047863905,4.230663685403123,4.230663685403123
6,43,9,3,-0.7568108998976166,0.3608053254848461,-0.0920751806135872,-0.14422401634014323,0.13351463233432545,0.034747820597620147,1.9909034675213844,4.71238898038469,4.74713680098231,4.74713680098231
6,43,10,3,-0.6747338231440335,0.41191483749129454,-0.3008922100471644,-0.45887499437681567,-0.31780794039485516,-0.08050946572258144,-4.612852596757086,5.235987755982989,5.155478290260407,5.155478290260407
6,43,11,3,-0.3816945697285902,0.6358218000752387,-0.08084674257673938,-0.126717802378752,-0.42043208332510806,-0.10401142455227898,-5.9594156479889735,5.759586531581287,5.655575107029008,5.655575107029008
6,43,0,4,-0.2401498567085504,0.7643627095395926,0.043364592249345184,0.06807427661647879,0.12784658806910323,0.03328898907222362,1.9073185780955315,0.0,0.03328898907222362,0.03328898907222362
6,43,1,4,-0.35346252279746293,0.6605572967525322,-0.2380434272934663,-0.36701159076905543,0.2106333691667101,0.054342395024945,3.1135898835620703,0.5235987755982988,0.5779411706232438,0.5779411706232438
6,43,2,4,-0.5343804960394117,0.5112775612369264,-0.12430220023393376,-0.19425399337256638,0.12589174269404416,0.03278536176760285,1.8784628590932118,1.0471975511965976,1.0799829129642005,1.0799829129642005
6,43,3,4,-0.6134351510780804,0.45345933085788304,0.13507620650425262,0.2108961256559559,0.42896424202865036,0.10588616233068064,6.066830210385121,1.5707963267948966,1.6766824891255772,1.6766824891255772
6,43,4,4,-0.38965119292811407,0.6289405147075259,0.16409935350964766,0.25547755066294403,0.34504697645585347,0.08691102283425538,4.9796348015679595,2.0943951023931953,2.181306125227451,2.181306125227451
6,43,5,4,-0.288628469450832,0.719128031849857,0.2938418590010539,0.44872469546617644,-0.0008710750787407451,-0.00022804686466291639,-0.013066122876376181,2.6179938779914944,2.6177658311268317,2.6177658311268317
6,43,6,4,-0.4494360344517476,0.5785646854037503,0.15378862717901137,0.239683999234065,0.27127601723480615,0.06932755981120933,3.972176581123077,3.141592653589793,3.2109202134010024,3.2109202134010024
6,43,7,4,-0.3465822455465684,0.6666589731185562,0.10001874303911362,0.15658726883516255,-0.03515632334184778,-0.009200113894503358,-0.5271276971947095,3.665191429188092,3.6559913152935883,3.6559913152935883
6,43,8,4,-0.5037477179113072,0.5349405679408132,-0.055364742612032905,-0.08687798474561129,0.09967463483277028,0.026008682999780285,1.4901877665810637,4.1887902047863905,4.214798887786171,4.214798887786171
6,43,9,4,-0.6983664069567426,0.3966701528769677,-0.07448596475351578,-0.11678637655107353,0.54622450041036,0.13029368269305303,7.465278115528676,4.71238898038469,4.842682663077743,4.842682663077743
6,43,10,4,-0.5158683909369189,0.525495062697305,0.03778868402260342,0.05933008792716338,0.1519326614127473,0.03947262158968661,2.2616146234060173,5.235987755982989,5.275460377572675,5.275460377572675
6,43,11,4,-0.3333751396985392,0.6784497781494014,0.07352873352658232,0.11529096682338089,-0.6068213606137725,-0.14186534550298938,-8.128285556486524,5.759586531581287,5.617721186078298,5.617721186078298
6,43,0,5,-0.2879640207936128,0.7197401769269243,-0.08932526586551448,-0.13993980396576572,0.3556049113701329,0.08936178164995895,5.120052938312254,0.0,0.08936178164995895,0.08936178164995895
6,43,1,5,-0.35848596529749566,0.656120265292577,-0.16675871131256378,-0.25954259229579346,-0.22457843458501076,-0.05782559603286771,-3.313162600511756,0.5235987755982988,0.46577317956543113,0.46577317956543113
6,43,2,5,-0.2873266465094635,0.7203275931364728,0.07364223022954432,0.11546828514569221,-0.37673614035288866,-0.09421365173841593,-5.3980446171266045,1.0471975511965976,0.9529838994581817,0.9529838994581817
6,43,3,5,-0.3987421534502273,0.621127814082061,0.12912285010903005,0.201705947730775,-0.22375783956113926,-0.05762120870457631,-3.301452069214704,1.5707963267948966,1.5131751180903203,1.5131751180903203
6,43,4,5,-0.2227009711958059,0.7809090999082493,0.1805510483572723,0.2805668258109778,0.33610662977026257,0.08482225172557394,4.859957032671651,2.0943951023931953,2.1792173541187694,2.1792173541187694
6,43,5,5,-0.12455036375180005,0.8760897061740369,0.027099451866790414,0.042557302212511916,0.062063770912722596,0.01622742703946442,0.9297630817177837,2.6179938779914944,2.634221305030959,2.634221305030959
6,43,6,5,-0.3006401871200921,0.7081016379714713,0.2757632659052622,0.4225118079017858,0.08738029468330326,0.02281806282078429,1.307378696295318,3.141592653589793,3.1644107164105773,3.1644107164105773
6,43,7,5,-0.16626316795519663,0.8352521079637549,0.15560277004049575,0.24246652659392154,0.24115315200957796,0.061937717467257895,3.548769803547596,3.665191429188092,3.72712914665535,3.72712914665535
6,43,8,5,-0.22404896652265993,0.7796261891294125,-0.3931389583258859,-0.587577002854915,0.08811767387165118,0.023009629402053967,1.3183546528978203,4.1887902047863905,4.211799834188445,4.211799834188445
6,43,9,5,-0.6974889008809487,0.3972285361615814,-0.030630681938279836,-0.04809952067318249,-0.7408702879205311,-0.16484739878329016,-9.445060213992548,4.71238898038469,4.5475415816014,4.5475415816014
6,43,10,5,-0.13301299503799985,0.8677659351754057,0.20233064657547165,0.31355315447204624,-0.35740368681131746,-0.08977757712296172,-5.143876264055958,5.235987755982989,5.146210178860027,5.146210178860027
6,43,11,5,-0.280248671281025,0.7268647841149134,-0.1522513027342111,-0.23732484835903964,0.5960458935353417,0.13986107119389127,8.013449097588703,5.759586531581287,5.8994476027751785,5.8994476027751785
6,43,0,6,-0.42303363641266156,0.6005169739470919,-0.20228683467596612,-0.3134870764945234,0.0583199756081096,0.015250847336582343,0.8738091863845008,0.0,0.015250847336582343,0.015250847336582343
6,43,1,6,-0.4814232298276361,0.5526172966761108,-0.17585989571327282,-0.273427139456598,-0.3772339659352054,-0.09432708324652227,-5.404543763804901,0.5235987755982988,0.42927169235177653,0.42927169235177653
6,43,2,6,-0.6307791446426778,0.4414115160749237,-0.069261982764431,-0.10862282768921999,-0.01176179302436223,-0.003079088227716788,-0.1764187601965885,1.0471975511965976,1.044118462968881,1.044118462968881
6,43,3,6,-0.48737831653938135,0.547866840545074,0.10453734416765706,0.16361132538382353,-0.15750742981580512,-0.040897701960787604,-2.343265714137041,1.5707963267948966,1.5298986248341089,1.5298986248341089
6,43,4,6,-0.41614318778053916,0.6063236904733036,0.16631284823676873,0.25886130255376993,0.3933793552595111,0.0979836252014413,5.614048185434277,2.0943951023931953,2.1923787275946367,2.1923787275946367
6,43,5,6,-0.47105359184438383,0.5609497957516301,0.18254770329166664,0.28360201865760537,0.4932646763641576,0.11959093410476808,6.852055792230349,2.6179938779914944,2.7375848120962627,2.7375848120962627
6,43,6,6,-0.4377169985147945,0.5882497192689771,0.07940151263168606,0.12446215288217675,-0.43996464313535866,-0.10828418900033045,-6.204227017715867,3.141592653589793,3.033308464589463,3.033308464589463
6,43,7,6,-0.5069741543754737,0.5324157432653718,0.07203509871530402,0.11295715570351728,-0.14038469615226257,-0.036513077160580554,-2.0920452183367853,3.665191429188092,3.6286783520275114,3.6286783520275114
6,43,8,6,-0.6139126019820614,0.45312458511539844,-0.0705625454424979,-0.11065579370514886,-0.11325094881333711,-0.029522918730371266,-1.6915386421580003,4.1887902047863905,4.15926728605602,4.15926728605602
6,43,9,6,-0.617704060279056,0.4504725601248927,0.0026269444322679115,0.004126385173067878,-0.11658863952617787,-0.030385284231033136,-1.7409485457436118,4.71238898038469,4.682003696153656,4.682003696153656
6,43,10,6,-0.6186661975015804,0.44980132459589683,-0.039978025283679476,-0.06276390151856281,-0.388029869765621,-0.0967769066934136,-5.544908307863967,5.235987755982989,5.139210849289575,5.139210849289575
6,43,11,6,-0.5280784717262026,0.5160891049960847,0.0051627169417568985,0.00810950475923125,0.11961202573587608,0.03116586628463666,1.7856726029787482,5.759586531581287,5.790752397865924,5.790752397865924
6,44,0,1,0.02990704974272379,1.0298981363279929,0.3071964567246034,0.4679158237306657,0.1322217230591847,0.03441524371410384,1.9718482157322859,0.0,0.03441524371410384,0.03441524371410384
6,44,1,1,-0.39038672121881013,0.6283064309052133,-0.04175505276959779,-0.06555059246364946,0.11384813520633359,0.029677263150864476,1.700381926043654,0.5235987755982988,0.5532760387491633,0.5532760387491633
6,44,2,1,0.2644855123330896,1.2584861756973365,0.1861662871558543,0.2890971790197003,0.13791063805602696,0.035877751398634,2.0556437335613147,1.0471975511965976,1.0830753025952315,1.0830753025952315
6,44,3,1,0.2805822913397816,1.273443918796417,0.17719146485823278,0.2754549158419516,-0.6357795472366476,-0.14713624183564922,-8.430285670598916,1.5707963267948966,1.4236600849592473,1.4236600849592473
6,44,4,1,-0.4073208874363182,0.6138044892724921,0.4000980361858614,0.5969541933644941,0.23034254250096156,0.05925917356448163,3.3953005426780165,2.0943951023931953,2.153654275957677,2.153654275957677
6,44,5,1,0.51879545399845,1.476769805512337,0.024782876968118626,0.03892088414971497,0.43746265477346225,0.107740667647608,6.173085538129629,2.6179938779914944,2.7257345456391024,2.7257345456391024
6,44,6,1,-0.3793267930353013,0.6378773171979799,-0.10178524950763708,-0.159334029615323,0.23654272214591562,0.060797032619602294,3.4834133760224066,3.141592653589793,3.2023896862093952,3.2023896862093952
6,44,7,1,-0.3551080997921226,0.6591021394926538,0.0032432081390294607,0.005094401570181798,0.03639991803057198,0.009525269779685945,0.5457577570995121,3.665191429188092,3.674716698967778,3.674716698967778
6,44,8,1,0.23668260470985278,1.2323598928495791,0.19422309389040945,0.3013057366672744,-0.4622070152388069,-0.11306625496009327,-6.478219214563455,4.1887902047863905,4.075723949826298,4.075723949826298
6,44,9,1,-0.4056678532610783,0.615211875590654,-0.10532918608311474,-0.16484155188986618,-0.2629213243455151,-0.06728922585147538,-3.855388647992133,4.71238898038469,4.645099754533215,4.645099754533215
6,44,10,1,-0.23281532790219323,0.7713018575468147,-0.013950941757224226,-0.02191266647420516,0.03178918854730038,0.008319587828982265,0.4766772698890911,5.235987755982989,5.244307343811971,5.244307343811971
6,44,11,1,-0.5896671448147913,0.47034382768733873,0.11107249704178046,0.17375829956026742,0.5114127827112054,0.12331935536172199,7.065678594500669,5.759586531581287,5.882905886943009,5.882905886943009
6,44,0,2,-0.6830069092675041,0.4065292750095376,-0.24573074661401278,-0.37840691584390407,-0.4840347690334741,-0.11767073448406291,-6.742036458141322,0.0,-0.11767073448406291,6.165514572695523
6,44,1,2,-0.5568019667093196,0.4943992293067925,-0.12639067777713642,-0.19748355675638138,-0.14634853580038054,-0.0380427455963339,-2.1796887637598306,0.5235987755982988,0.4855560300019649,0.4855560300019649
6,44,2,2,-0.6836760956523444,0.40609595324447023,-0.10708242513479775,-0.16756470077760705,0.016132123471348556,0.004223013715079743,0.2419608626999316,1.0471975511965976,1.0514205649116775,1.0514205649116775
6,44,3,2,-0.3430665556421621,0.6697876664786279,0.09041366261720192,0.14163571940998912,0.4267629646778251,0.10540371291167981,6.039187894847835,1.5707963267948966,1.6762000397065764,1.6762000397065764
6,44,4,2,-0.587524602319876,0.4718870595223491,0.1612164536320829,0.2510668347561882,0.6036180071211763,0.14127193865067544,8.094285848314794,2.0943951023931953,2.235667041043871,2.235667041043871
6,44,5,2,-0.445125497889511,0.5821160668639093,0.18702903402516122,0.2904062663726055,0.20047704283990642,0.051792750892594795,2.967506035518109,2.6179938779914944,2.669786628884089,2.669786628884089
6,44,6,2,-0.09957114768145267,0.9007566157224156,0.1738251009409465,0.27032664391151306,0.24607838080285338,0.06315354089451175,3.618431354562373,3.141592653589793,3.2047461944843048,3.2047461944843048
6,44,7,2,-0.6113582208657585,0.4549175212283747,0.22369800867973064,0.3456378216601345,0.2638942631682957,0.06752705404136816,3.8690151995222246,3.665191429188092,3.73271848322946,3.73271848322946
6,44,8,2,-0.6201876578890257,0.4487413266881185,-0.19558620034848145,-0.3033675773215276,-0.7185539152829964,-0.161271764934612,-9.240191485379171,4.1887902047863905,4.027518439851779,4.027518439851779
6,44,9,2,-0.5315417995469737,0.5134412320685513,-0.030228601684682943,-0.04746851896090735,0.11756224549982723,0.030636711655312752,1.7553542760086789,4.71238898038469,4.7430256920400025,4.7430256920400025
6,44,10,2,-0.8650865986748508,0.3011308544942799,-0.09369182923326817,-0.14674165841134007,0.19326362167148173,0.049975631290936226,2.86339275147258,5.235987755982989,5.285963387273925,5.285963387273925
6,44,11,2,-0.6253712163279797,0.4451432932759264,-0.2173074719210566,-0.3360722959587668,0.07027517322015517,0.018367770253858103,1.052395714612006,5.759586531581287,5.777954301835146,5.777954301835146
6,44,0,3,-0.36153374090800355,0.6534357210180091,-0.14594897438072124,-0.22764206119493754,-0.1628456055353014,-0.04225997881576913,-2.421318428455838,0.0,-0.04225997881576913,6.240925328363817
6,44,1,3,-0.12451671284980698,0.8761228405462739,-0.1963697841525672,-0.30455233870488346,0.19130734408481426,0.049481958159116046,2.835107364560278,0.5235987755982988,0.5730807337574149,0.5730807337574149
6,44,2,3,-0.10708411900071,0.8933233237439502,-0.33839942207513846,-0.5121545562592178,-0.1857561678618959,-0.04807912322701011,-2.7547308435970863,1.0471975511965976,0.9991184279695875,0.9991184279695875
6,44,3,3,-0.2541911000070122,0.7511457042438361,0.22224998823596676,0.343472716022647,-0.5247947872201755,-0.12602817195275565,-7.2208823526419135,1.5707963267948966,1.444768154842141,1.444768154842141
6,44,4,3,0.08215937308337384,1.0819750078234922,-0.4450998424927822,-0.6563772848003286,0.24741712254725526,0.0634835209073532,3.6373378166218604,2.0943951023931953,2.1578786233005482,2.1578786233005482
6,44,5,3,-0.32249322631107485,0.6882404328982747,-0.25188078977862915,-0.3874931746137256,0.20131191222020753,0.05200273008847525,2.97953695722761,2.6179938779914944,2.6699966080799697,2.6699966080799697
6,44,6,3,-0.4409774377725157,0.585545689026209,0.4232690526888445,0.6278172180082564,0.05678564172535681,0.014850487331020804,0.8508702477799903,3.141592653589793,3.156443140920814,3.156443140920814
6,44,7,3,0.09450148659772245,1.0942211717484347,-0.18276817263748496,-0.2839370289766456,0.264659520043179,0.06771403198213673,3.879728246390311,3.665191429188092,3.7329054611702284,3.7329054611702284
6,44,8,3,-0.4676799536179249,0.5636771437206038,0.10622791981923672,0.16623760057112064,0.023187661166704617,0.006069427758646006,0.347752594629963,4.1887902047863905,4.194859632545037,4.194859632545037
6,44,9,3,-0.4708322182448369,0.561128513618548,0.08897535009268384,0.13939450298528677,0.2071832597107693,0.05347745971023371,3.064032740477294,4.71238898038469,4.765866440094923,4.765866440094923
6,44,10,3,-0.7420858139411387,0.3695962924888352,0.060578512395391644,0.09504027497442272,0.45995802790480106,0.11258682734340233,6.450750035545048,5.235987755982989,5.348574583326391,5.348574583326391
6,44,11,3,-0.35262027423073583,0.6613027132380676,-0.007676267958425812,-0.012057616681470523,0.307063793314108,0.07795432004990381,4.466453533671541,5.759586531581287,5.837540851631191,5.837540851631191
6,44,0,4,-0.34297747275111323,0.6698670380893444,-0.24125474281950846,-0.3717769476796427,-0.1577860266114281,-0.04096885539301227,-2.3473425055013846,0.0,-0.04096885539301227,6.242216451786574
6,44,1,4,-0.5309157237670282,0.5139192365708521,-0.4061640026972694,-0.605087603340731,-0.3435715386205174,-0.08656715577179903,-4.959932670175649,0.5235987755982988,0.4370316198264998,0.4370316198264998
6,44,2,4,-0.1605748814641137,0.8407911347989021,-0.18452640261599257,-0.2866077584488594,-0.27264493016044433,-0.06966068787306125,-3.991263413104565,1.0471975511965976,0.9775368633235364,0.9775368633235364
6,44,3,4,-0.14316468758470322,0.857805466671665,0.2861102095299374,0.43754647053421686,0.2017137786257664,0.052103779275003294,2.985326649138897,1.5707963267948966,1.6229001060698998,1.6229001060698998
6,44,4,4,-0.48749256504487487,0.5477759519163639,0.1876917751238662,0.29141159186796856,-0.09784031364374252,-0.025533112324079964,-1.4629395740032507,2.0943951023931953,2.068861990069115,2.068861990069115
6,44,5,4,-0.5210658219225981,0.5214778025169993,-0.022426308354157962,-0.03522125826585167,-0.39550039857672387,-0.09846074998757973,-5.6413854219810915,2.6179938779914944,2.5195331280039146,2.5195331280039146
6,44,6,4,-0.29787659631112384,0.7106317925855783,0.3166762637203969,0.4814467131864785,0.04479906178414963,0.011720527137443527,0.6715367386440623,3.141592653589793,3.1533131807272365,3.1533131807272365
6,44,7,4,-0.10490989614090558,0.8954732994113118,-0.06655569288209559,-0.10439134401045705,-0.5812341954042364,-0.137068182251041,-7.85342834851463,3.665191429188092,3.5281232469370507,3.5281232469370507
6,44,8,4,-0.9805211806600382,0.24670856886187953,0.1710158142141419,0.26604246012960836,0.07870996145749917,0.02056377129566269,1.1782173061137406,4.1887902047863905,4.2093539760820535,4.2093539760820535
6,44,9,4,-0.6456255646166233,0.43128223900874785,0.0628489965754581,0.0985931928836578,0.6369352512640034,0.14734310092885025,8.442137823593239,4.71238898038469,4.85973208131354,4.85973208131354
6,44,10,4,-0.8267390839426079,0.32127883834332904,0.07265348117602707,0.11392344249047118,0.7508429553194904,0.1664131940634525,9.534773675127354,5.235987755982989,5.402400950046442,5.402400950046442
6,44,11,4,-0.44796535117100283,0.5797749131977781,-0.10647637456662183,-0.1666234911694121,0.19123962289785726,0.04946486193365437,2.8341278229957196,5.759586531581287,5.809051393514942,5.809051393514942
6,44,0,5,-0.2607363352480353,0.7450158772019109,-0.2749659910253906,-0.42134981037093205,0.2875456426992864,0.07327091033129066,4.198113923064455,0.0,0.07327091033129066,0.07327091033129066
6,44,1,5,-0.18630299463524108,0.8158229461764008,-0.029850032632850722,-0.04687440036240812,-0.3216139714543238,-0.08141059143303302,-4.664483296776688,0.5235987755982988,0.4421881841652658,0.4421881841652658
6,44,2,5,-0.27059943419113125,0.7358174780419926,0.14006665177249683,0.21858857608982038,-0.20871090650687685,-0.053860589176152704,-3.0859844418815534,1.0471975511965976,0.993336962020445,0.993336962020445
6,44,3,5,0.1259868969603572,1.1253245181405789,-0.02931849177873836,-0.04604018830009839,0.7066760425394011,0.15932802715705718,9.128823514245141,1.5707963267948966,1.7301243539519537,1.7301243539519537
6,44,4,5,-0.04096972223736308,0.9590531851898718,0.12445249963282522,0.194486468210983,-0.1525096333223023,-0.039620225801907584,-2.2700717218046322,2.0943951023931953,2.0547748765912877,2.0547748765912877
6,44,5,5,-0.2183167761767564,0.7850868360645458,0.1728196499675242,0.2687937960294848,0.1875102160576533,0.048522700960795355,2.7801459756289586,2.6179938779914944,2.6665165789522898,2.6665165789522898
6,44,6,5,-0.294961889534643,0.7133046862350443,0.40358572786739383,0.6016351978840423,-0.427261529452664,-0.10551305738577979,-6.045452871726841,3.141592653589793,3.0360795962040132,3.0360795962040132
6,44,7,5,-0.3048197669815729,0.704282858959699,-0.41223557775656544,-0.6131905594941466,-0.42259773090172653,-0.1044884871632632,-5.986749322161861,3.665191429188092,3.560702942024829,3.560702942024829
6,44,8,5,-0.4837534293522058,0.5507554339215336,-0.5337105586502723,-0.766882164084414,-0.5826402290908317,-0.13733518213596924,-7.868726315051496,4.1887902047863905,4.051455022650421,4.051455022650421
6,44,9,5,-0.7161457342547787,0.3854837959330095,0.6508976847523181,0.8989258522819475,0.7211137218197341,0.16168695992883658,9.263980406223197,4.71238898038469,4.874075940313526,4.874075940313526
6,44,10,5,-0.40808270814071973,0.6131564825962751,0.43582636566515004,0.6443076055783363,0.5362567623364658,0.12832077346034237,7.352238743131963,5.235987755982989,5.364308529443331,5.364308529443331
6,44,11,5,-0.22482308178563934,0.7788897942495021,0.256806759633013,0.3947511227652468,-0.04549541942394961,-0.011902462048810581,-0.6819608412114812,5.759586531581287,5.747684069532476,5.747684069532476
6,44,0,6,-0.6046156980240713,0.4596741496391673,-0.2526754615535545,-0.3886652501690141,-0.27586067659209024,-0.07044229101715795,-4.036045974515461,0.0,-0.07044229101715795,6.212743016162428
6,44,1,6,-0.47842861374681434,0.5550157426286658,-0.22596389720987076,-0.3490230473042059,-0.07406638408378428,-0.019355153923692175,-1.1089686316536371,0.5235987755982988,0.5042436216746067,0.5042436216746067
6,44,2,6,-0.9104327443453466,0.27866010717752454,-0.05186212194000859,-0.08139187103713655,0.09630138294233942,0.02513399390596502,1.4400717731193264,1.0471975511965976,1.0723315451025626,1.0723315451025626
6,44,3,6,-0.5762819247895006,0.4800421941679065,0.15209122036050948,0.2370791255892683,-0.0951459738907306,-0.024834263392609753,-1.4228984797127802,1.5707963267948966,1.5459620634022868,1.5459620634022868
6,44,4,6,-0.5344656489657811,0.5112127497522062,0.1266496801987714,0.1978839532460588,0.012548734184985873,0.0032850784945246004,0.1882211331054499,2.0943951023931953,2.09768018088772,2.09768018088772
6,44,5,6,-0.9088684218856317,0.27941131084210125,0.09128606557400294,0.1429948380342006,-0.09605474148517495,-0.025070016951686258,-1.436406163653052,2.6179938779914944,2.592923861039808,2.592923861039808
6,44,6,6,-0.8734641951500323,0.2968700735117086,0.18405485156617105,0.28589164575714154,-0.049421328764300144,-0.012927949961279047,-0.7407169705376054,3.141592653589793,3.1286647036285142,3.1286647036285142
6,44,7,6,-0.8488717926711328,0.30952039125726294,0.105018455169231,0.16435881642737277,-0.8238892312889762,-0.17728561165408072,-10.157717316174146,3.665191429188092,3.487905817534011,3.487905817534011
6,44,8,6,-0.819345799251936,0.32528635124873506,-0.03521167749306958,-0.05528752591644493,0.8170278198338375,0.17630851682878246,10.101733906500485,4.1887902047863905,4.365098721615173,4.365098721615173
6,44,9,6,-0.7863816900843731,0.3436456135983236,0.09363616494556631,0.14665498377073263,-0.5800803651367917,-0.13684878085213864,-7.840857574338258,4.71238898038469,4.575540199532551,4.575540199532551
6,44,10,6,-0.7952770503068198,0.33861190628294746,0.036106725788252074,0.05669167815037622,-0.19358308479813688,-0.05005621394973214,-2.8680097977235284,5.235987755982989,5.185931542033257,5.185931542033257
6,44,11,6,-0.5805712187600298,0.47691952057112896,-0.15009294177842086,-0.23401081837656554,0.4157782411170433,0.10298346973883594,5.90051817564853,5.759586531581287,5.862570001320123,5.862570001320123
6,45,0,1,-0.21646767490735475,0.7868512308112079,0.04453682281016484,0.0699120595990602,-0.4863931897516154,-0.11816290958823898,-6.7702360143920215,0.0,-0.11816290958823898,6.165022397591347
6,45,1,1,-0.1231442423736222,0.877474478661053,-0.24336350265848386,-0.3749022606191165,0.4965998036842251,0.1202808181836485,6.891583238303467,0.5235987755982988,0.6438795937819473,0.6438795937819473
6,45,2,1,-0.4055984136119664,0.6152710354539654,-0.01837592716162375,-0.028861590350446463,-0.4756043482671169,-0.11590287813340648,-6.640745750463308,1.0471975511965976,0.9312946730631911,0.9312946730631911
6,45,3,1,-0.013386301650434081,0.9866144978697632,0.049611295207255206,0.0778653679187384,-0.5954611069352308,-0.1397516343118401,-8.0071788261241,1.5707963267948966,1.4310446924830564,1.4310446924830564
6,45,4,1,-0.37776117313532914,0.639238403469165,0.3909820319490299,0.5846606351283933,0.24318433057232527,0.06243947306263754,3.577518281509924,2.0943951023931953,2.1568345754558327,2.1568345754558327
6,45,5,1,-0.329018678880838,0.6823612592219214,-0.028431917737857377,-0.044648721640242646,0.419846138348889,0.10388220754476879,5.9520120588173295,2.6179938779914944,2.7218760855362634,2.7218760855362634
6,45,6,1,-0.2892108876154615,0.7185916479131949,0.11182590305758104,0.17492716826853594,-0.7346425860631888,-0.1638595621152936,-9.388461342068078,3.141592653589793,2.9777330914744997,2.9777330914744997
6,45,7,1,-0.8071774026695089,0.33196976733174477,0.3060553758376831,0.46628191278481784,-0.14295978761410327,-0.03717388217304823,-2.129906556632273,3.665191429188092,3.6280175470150438,3.6280175470150438
6,45,8,1,-0.6122903438681604,0.45426267877126936,-0.38867981682960684,-0.5815426531804283,-0.730469090126597,-0.16319323747110837,-9.350283752170709,4.1887902047863905,4.025596967315282,4.025596967315282
6,45,9,1,0.04447659516406505,1.0444472909660125,0.17598674234963704,0.27362034812609126,0.3176716630376795,0.08047716107046052,4.611001676531918,4.71238898038469,4.79286614145515,4.79286614145515
6,45,10,1,-0.19391078349567903,0.8084836478200161,0.26476116223958923,0.40643316611299063,0.7572516510308321,0.1674089994145137,9.591829118959705,5.235987755982989,5.403396755397503,5.403396755397503
6,45,11,1,-0.23531320689479893,0.7689359811721626,0.3241635146787882,0.49207822438178267,-0.343497352092684,-0.08654985691100739,-4.958941518461904,5.759586531581287,5.673036674670279,5.673036674670279
6,45,0,2,-0.4254072230656765,0.598524073552826,-0.22930674418206076,-0.3540110139063506,-0.19829347538784184,-0.051243231364294484,-2.9360208857864816,0.0,-0.051243231364294484,6.231942075815292
6,45,1,2,-0.5453903030689563,0.5029426273390547,-0.3303679720711074,-0.5008505724531325,-0.49175324649672303,-0.11927759537609099,-6.834102805519157,0.5235987755982988,0.4043211802222078,0.4043211802222078
6,45,2,2,-0.6165499610535289,0.451278654871181,-0.012963915237505877,-0.020362529718790903,-0.3702961491670447,-0.09274262266847222,-5.313760859877775,1.0471975511965976,0.9544549285281254,0.9544549285281254
6,45,3,2,-0.3075364728414199,0.7018057214668151,0.12507607544091282,0.19545088842532132,-0.28695293220108514,-0.07312786987623734,-4.189918308690269,1.5707963267948966,1.4976684569186591,1.4976684569186591
6,45,4,2,-0.5761899635406191,0.48010929633873034,0.257392981580077,0.39561367562283245,0.3290252636893998,0.08315917784091423,4.764669918062223,2.0943951023931953,2.1775542802341095,2.1775542802341095
6,45,5,2,-0.2728868201792337,0.7336910229216187,-0.11778503032981948,-0.18416541812615816,-0.05884562552130754,-0.015387990950958639,-0.8816669366754322,2.6179938779914944,2.6026058870405357,2.6026058870405357
6,45,6,2,-0.5640283704696467,0.489039801499483,0.0555393124996487,0.08715135702131929,-0.22201099673837457,-0.05718587327717448,-3.2765091865520555,3.141592653589793,3.0844067803126185,3.0844067803126185
6,45,7,2,-0.5214242561207275,0.5212014912381315,0.17324114845879562,0.2694364507413914,0.05086480673737993,0.013304902967983473,0.7623147868965356,3.665191429188092,3.678496332156075,3.678496332156075
6,45,8,2,-0.05406511282357243,0.9459875037552414,-0.18985750182668898,-0.29469509906462416,0.2961493068075737,0.0753418742038469,4.316771412485997,4.1887902047863905,4.2641320789902375,4.2641320789902375
6,45,9,2,-0.5943844033585054,0.4669584120439627,0.2782676745795434,0.4261586411586737,-0.013825735372998442,-0.0036193384461249505,-0.20737281759239715,4.71238898038469,4.708769641938565,4.708769641938565
6,45,10,2,-0.5080060634284251,0.5316098348269869,-0.2751741975162166,-0.4216533113447613,0.3048457742696946,0.07742477971960796,4.436113107663625,5.235987755982989,5.3134125357025965,5.3134125357025965
6,45,11,2,-0.646500252886374,0.43069075420361436,-0.15831919589327656,-0.24663005495421497,0.2190772300191192,0.056453994698696656,3.234575632889242,5.759586531581287,5.816040526279984,5.816040526279984
6,45,0,3,-0.19290333413457816,0.8094543323948953,-0.09790969790640361,-0.15330662506346718,-0.31530074719390755,-0.07991470122413817,-4.578775101192071,0.0,-0.07991470122413817,6.203270605955448
6,45,1,3,0.0743752704784848,1.0742384331599715,-0.06794943144828358,-0.10657075095584018,-0.2598488804343863,-0.06653740872027171,-3.812312699408529,0.5235987755982988,0.4570613668780271,0.4570613668780271
6,45,2,3,-0.3570111508968184,0.6574213369714876,0.06916098255107982,0.10846493447836507,0.15669188193243627,0.04068937602002793,2.3313295169684194,1.0471975511965976,1.0878869272166256,1.0878869272166256
6,45,3,3,-0.13732381934737417,0.863532928479056,0.09479606295725068,0.14846086935860883,0.029002868460963543,0.007590804950206749,0.4349210867538597,1.5707963267948966,1.5783871317451033,1.5783871317451033
6,45,4,3,-0.13127654167579633,0.8694724153021088,0.026117342115618933,0.04101569966927951,0.023928711886097926,0.006263326742899515,0.35886218807956266,2.0943951023931953,2.100658429136095,2.100658429136095
6,45,5,3,-0.4864368573879366,0.5486161612182473,-0.2729823687198834,-0.4184566024735754,0.34277124375277457,0.0863804977382684,4.949237952642132,2.6179938779914944,2.704374375729763,2.704374375729763
6,45,6,3,-0.2712331491560624,0.7352280903205696,-0.03418799370167175,-0.05368146192059018,-0.3100220368933197,-0.07865949656963934,-4.5068571720641115,3.141592653589793,3.062933157020154,3.062933157020154
6,45,7,3,-0.24570856752838063,0.7591195674415724,0.14789928697218324,0.23064041255667594,0.02299829185474575,0.006019877418034092,0.3449135692394646,3.665191429188092,3.671211306606126,3.671211306606126
6,45,8,3,0.055978859139852136,1.0559204599454548,0.3819656088118178,0.5724190244349051,-0.14185042451972535,-0.03688926260520126,-2.1135990566278045,4.1887902047863905,4.151900942181189,4.151900942181189
6,45,9,3,-0.13958995862155715,0.8613096834612193,0.026631738665828793,0.041823150057119854,0.3123662953350485,0.07921742424324785,4.538824073035431,4.71238898038469,4.791606404627937,4.791606404627937
6,45,10,3,-0.2298005326175105,0.7741609330828837,0.33567673356245625,0.508329033687127,-0.38331962358790705,-0.09571042526179166,-5.48380342290296,5.235987755982989,5.140277330721197,5.140277330721197
6,45,11,3,-0.32410718444198894,0.6867840759137578,0.10350786397744398,0.16201159455790903,0.5499319056701146,0.13102252340358164,7.507037612179282,5.759586531581287,5.890609054984869,5.890609054984869
6,45,0,4,-0.44233289000847903,0.5844236970331753,-0.3507843350061476,-0.5294698091798606,0.009605607895665223,0.0025146649262140076,0.1440796871616392,0.0,0.0025146649262140076,0.0025146649262140076
6,45,1,4,-0.3710575146264726,0.6450836366834872,-0.24210834084205463,-0.37304241023223045,-0.009172802798831106,-0.002401366806930629,-0.13758818309993184,0.5235987755982988,0.5211974087913682,0.5211974087913682
6,45,2,4,-0.3288041936385708,0.682554117247105,-0.15213629083869132,-0.2371483089403637,-0.08001313133361598,-0.02090280054473655,-1.1976422512171625,1.0471975511965976,1.0262947506518612,1.0262947506518612
6,45,3,4,-0.44175076077969905,0.5849054068918721,0.25602234160128345,0.3935965514313606,0.5196325601561491,0.12498731373999382,7.161245569979131,1.5707963267948966,1.6957836405348903,1.6957836405348903
6,45,4,4,-0.3364384447698325,0.6757059134197223,0.2846476044923817,0.4354264143735207,0.40539905398392956,0.10067733705245771,5.768386505721891,2.0943951023931953,2.195072439445653,2.195072439445653
6,45,5,4,-0.49273728590903526,0.5436137211262255,0.164505885953358,0.2560991972049683,-0.03607864895288464,-0.009441272093805455,-0.5409450442096945,2.6179938779914944,2.608552605897689,2.608552605897689
6,45,6,4,-0.7487075101628926,0.3656227617955139,0.229246087070772,0.3539205721456608,-0.21784055258783674,-0.056145205990813844,-3.2168833431662587,3.141592653589793,3.0854474475989795,3.0854474475989795
6,45,7,4,-0.5641328212268034,0.4889626248991037,-0.03101013434958319,-0.04869499729900383,0.04941166243961919,0.012925425493141069,0.740572329167784,3.665191429188092,3.678116854681233,3.678116854681233
6,45,8,4,-0.807906791295312,0.3315660756492277,0.11027649388266206,0.1725231320331307,-0.08801612424943965,-0.022983248903950402,-1.3168431616950331,4.1887902047863905,4.16580695588244,4.16580695588244
6,45,9,4,-0.8668168651730807,0.30024675140754065,0.1174310249663392,0.18361696880515221,0.2773603180174246,0.07080632502453199,4.056903586737228,4.71238898038469,4.7831953054092216,4.7831953054092216
6,45,10,4,-0.6694716738296159,0.4153677567102201,-0.02151415867566117,-0.033789148378594556,-0.27455492673101317,-0.07012508427354465,-4.017871366873331,5.235987755982989,5.165862671709444,5.165862671709444
6,45,11,4,-0.4448892301179241,0.5823110951597043,-0.13382116229457083,-0.20895991822015084,0.1568631374030532,0.04073312640895077,2.333836229605754,5.759586531581287,5.800319657990238,5.800319657990238
6,45,0,5,-0.3520087584577903,0.6618441905406691,-0.3819549011376514,-0.5724044383923914,0.24990741377163295,0.06409677032450402,3.6724744200134603,0.0,0.06409677032450402,0.06409677032450402
6,45,1,5,-0.2559161973946875,0.7495281355050825,-0.3180137708648282,-0.48334951716099916,0.16054032515990296,0.04167196588796495,2.3876277693935277,0.5235987755982988,0.5652707414862638,0.5652707414862638
6,45,2,5,-0.4972054904774603,0.5400834144885531,0.04207252127406485,0.06604839578422156,-0.5832919431284307,-0.13745880640987268,-7.875809464191533,1.0471975511965976,0.9097387447867249,0.9097387447867249
6,45,3,5,0.1109650549546527,1.1105118404623553,0.04404436161227497,0.0691400188432342,0.5933285768291553,0.13935197394720875,7.984279973992065,1.5707963267948966,1.7101483007421052,1.7101483007421052
6,45,4,5,-0.2348302991695142,0.7693931571508694,0.0849551429336905,0.1331271043239254,-0.19256016066957993,-0.049798152839170204,-2.8532239852318706,2.0943951023931953,2.044596949554025,2.044596949554025
6,45,5,5,0.007436070639995693,1.0074359335834884,0.0538494323801832,0.08450482509310742,0.14684429079589242,0.038169784210387345,2.186967540180284,2.6179938779914944,2.6561636622018816,2.6561636622018816
6,45,6,5,-0.43454809755610146,0.5908847995877472,0.14687239613534753,0.22906191439981852,-0.16444447641718904,-0.04266754974597705,-2.444670522608973,3.141592653589793,3.098925103843816,3.098925103843816
6,45,7,5,-0.458467220117892,0.5711658695672948,0.08853579518577308,0.1387094623907685,-0.4424757473447101,-0.10882856071605757,-6.235417219513327,3.665191429188092,3.5563628684720343,3.5563628684720343
6,45,8,5,-0.09194231372161915,0.9083158879579035,-0.36957079991401065,-0.555459088510039,-0.7948079680302702,-0.17308189045100414,-9.916861832988202,4.1887902047863905,4.015708314335386,4.015708314335386
6,45,9,5,-0.6281379842178486,0.4432312592089499,0.058301715279785386,0.09147649806969972,0.5625106373585365,0.1334752359906966,7.6475676917795825,4.71238898038469,4.845864216375387,4.845864216375387
6,45,10,5,-0.5970951814879143,0.4650206610577079,0.12903182018916726,0.201565314394914,0.3459860703454027,0.08712971373749862,4.9921648673417005,5.235987755982989,5.323117469720487,5.323117469720487
6,45,11,5,-0.6381517795251912,0.436360193026173,-0.1563715940764988,-0.24364527775493644,0.46061144239330365,0.11272621466859625,6.4587363409962775,5.759586531581287,5.872312746249883,5.872312746249883
6,45,0,6,-0.4505685166771232,0.577633785456058,-0.3329007984636998,-0.5044217506338647,-0.20107009760872385,-0.05194191810054509,-2.9760526869754114,0.0,-0.05194191810054509,6.231243389079041
6,45,1,6,-0.5118410691254498,0.5286215709301844,-0.20193099777013485,-0.31295035341580985,-0.3395582823697271,-0.08563012669573393,-4.906244858836076,0.5235987755982988,0.43796864890256487,0.43796864890256487
6,45,2,6,-0.6828940014377229,0.40660242075570285,-0.008512524506413061,-0.013371119257186351,-0.10121162124774997,-0.02640703261366651,-1.5130115182274104,1.0471975511965976,1.0207905185829311,1.0207905185829311
6,45,3,6,-0.4408611326422245,0.5856420207910038,0.12747593464680637,0.19916109994316947,0.01753628418797287,0.004590517913707677,0.2630173022346497,1.5707963267948966,1.5753868447086041,1.5753868447086041
6,45,4,6,-0.5877846368024368,0.47169957526032646,0.2853083448412373,0.4363843754889205,-0.18937194016032038,-0.04899319317137391,-2.8071031935888904,2.0943951023931953,2.0454019092218214,2.0454019092218214
6,45,5,6,-0.531737760515702,0.5132916770502394,0.27842174925940544,0.42638283803221744,-0.03411985332967451,-0.008929092005409669,-0.5115992867939785,2.6179938779914944,2.6090647859860847,2.6090647859860847
6,45,6,6,-0.5882862028760122,0.4713380927644384,0.18371193572275474,0.28537080543562676,0.03889731899612105,0.01017816162689106,0.5831657044228654,3.141592653589793,3.1517708152166843,3.1517708152166843
6,45,7,6,-0.5384952207782723,0.5081519400809332,0.13566817267593786,0.21180914972079107,0.13331143426794848,0.03469555920295251,1.9879091101754613,3.665191429188092,3.6998869883910444,3.6998869883910444
6,45,8,6,-0.7574777490087294,0.3604110988990815,-0.10930173977004426,-0.17101030049702184,-0.17831703754403527,-0.04619470882610217,-2.6467618515713878,4.1887902047863905,4.142595495960288,4.142595495960288
6,45,9,6,-0.8693796298514669,0.2989412003721442,0.04175725373936773,0.06555404371785616,-0.438730634677992,-0.10801625847005107,-6.188875729128157,4.71238898038469,4.604372721914639,4.604372721914639
6,45,10,6,-0.8119987523553112,0.32930860603869105,0.17595011224841603,0.2735645552242206,0.8468086923588342,0.18048412567572986,10.340978670328058,5.235987755982989,5.416471881658719,5.416471881658719
6,45,11,6,-0.5190875215581943,0.5230045480709942,-0.10080417338055893,-0.15780866375926417,-0.03135748612416653,-0.008206680992124385,-0.47020818465896247,5.759586531581287,5.751379850589163,5.751379850589163
6,46,0,1,0.03320640594130278,1.0331942061372814,-0.08249500820247639,-0.12928969833381454,0.06575445478165044,0.017189709059339923,0.9848977801579739,0.0,0.017189709059339923,0.017189709059339923
6,46,1,1,-0.2740052032857387,0.7326522658838572,0.20629590686455426,0.31952882535056165,-0.37617920653824166,-0.09408670401311965,-5.390771048248341,0.5235987755982988,0.4295120715851792,0.4295120715851792
6,46,2,1,0.6980449281143686,1.6031253491419808,-0.15495174567994593,-0.2414681655491367,-0.32663418619188783,-0.0825959289712304,-4.732398135013826,1.0471975511965976,0.9646016222253673,0.9646016222253673
6,46,3,1,0.7094406764256157,1.6103259758501423,0.019493719028260147,0.03061678416555318,-1.0187453053792888,-0.20141666748122602,-11.540324970264145,1.5707963267948966,1.3693796593136704,1.3693796593136704
6,46,4,1,-0.3146452383309207,0.6953428749435513,0.2673255574765386,0.4101891316760946,0.9220077333596266,0.19028779480214694,10.902687535014463,2.0943951023931953,2.284682897195342,2.284682897195342
6,46,5,1,-0.11481066336786352,0.885691149419013,0.04618255269974877,0.07249185391320508,0.3766778260167502,0.09420036192820379,5.397283167090919,2.6179938779914944,2.712194239919698,2.712194239919698
6,46,6,1,-0.4714846186553214,0.5606019217132471,0.1717405561584557,0.26714809002248585,-0.6243747270789133,-0.14508048218810365,-8.312499319101255,3.141592653589793,2.9965121714016894,2.9965121714016894
6,46,7,1,-1.0803396677839925,0.20667497608105223,-0.2717232855457149,-0.4166185811414041,0.031538103837763704,0.008253919865902404,0.4729147727553941,3.665191429188092,3.6734453490539942,3.6734453490539942
6,46,8,1,-0.7383654194143328,0.37184342931878467,-0.13422419976026181,-0.2095817711730062,-0.9735845586350407,-0.19642160618420598,-11.254129039535753,4.1887902047863905,3.9923685986021846,3.9923685986021846
6,46,9,1,-0.23508642476426078,0.7691506665191242,-0.02849317308767119,-0.04474486341162767,-0.01652323032737289,-0.004325377957227881,-0.24782590174807512,4.71238898038469,4.708063602427462,4.708063602427462
6,46,10,1,-0.590448442137355,0.46978194475762836,0.21190695154949077,0.32796820567969154,1.1641355487955873,0.21529938203709478,12.33574592250026,5.235987755982989,5.451287138020084,5.451287138020084
6,46,11,1,0.4018526714918316,1.3815330629479583,0.5532483476217882,0.790033301889748,-0.3563112178108077,-0.08952510874914851,-5.1294108917759305,5.759586531581287,5.670061422832139,5.670061422832139
6,46,0,2,-0.48547672970967054,0.5493809966413199,-0.23329800226948808,-0.35995665073961847,0.40375677497018186,0.10031074132537467,5.747382117772502,0.0,0.10031074132537467,0.10031074132537467
6,46,1,2,-0.5081179699935282,0.5315224839490504,-0.2568542263165553,-0.3948209735643232,-0.007408475355007185,-0.0019394988291368917,-0.11112509728010868,0.5235987755982988,0.5216592767691619,0.5216592767691619
6,46,2,2,0.004043447252584743,1.0040434252166615,-0.17732213194706234,-0.2756538509504464,0.23660513848760753,0.06081249171504714,3.4842991169464868,1.0471975511965976,1.1080100429116448,1.1080100429116448
6,46,3,2,-0.011445254104470014,0.9885552456219463,0.2564005675446923,0.3941533123994683,0.18654404359590165,0.04827840305392884,2.766148736621627,1.5707963267948966,1.6190747298488255,1.6190747298488255
6,46,4,2,-0.36634125208463675,0.6492126931924223,0.1434805959351947,0.22384482309479492,-0.06419115832604663,-0.016782161954988366,-0.961547051125852,2.0943951023931953,2.077612940438207,2.077612940438207
6,46,5,2,-0.6660942334891652,0.41759519504497555,-0.06535126744117326,-0.10250764290427443,0.09517602943221953,0.0248420610886229,1.4233452547842596,2.6179938779914944,2.6428359390801175,2.6428359390801175
6,46,6,2,-0.4487212699464041,0.579152679231312,0.2752200837822717,0.4217201948347845,-0.41386806540453086,-0.10256045152574758,-5.876281017381401,3.141592653589793,3.0390322020640457,3.0390322020640457
6,46,7,2,0.031569139055517975,1.0315586558556507,0.02101562945510473,0.03300641452859225,-0.04151959363032384,-0.010863562430832542,-0.6224362777635859,3.665191429188092,3.654327866757259,3.654327866757259
6,46,8,2,-0.7893451707994098,0.3419620831301665,-0.2123291710813469,-0.3286024583661205,-0.056739282225597126,-0.014838389463301016,-0.850177091018539,4.1887902047863905,4.17395181532309,4.17395181532309
6,46,9,2,-0.510308691147973,0.5298143187867992,0.28918822906148406,0.44200243215691426,0.30218523824120114,0.07678867409185229,4.399666939868706,4.71238898038469,4.789177654476542,4.789177654476542
6,46,10,2,-1.0393635805409733,0.22236337364702385,-0.020461053822171543,-0.03213566372890973,0.02292362265706193,0.006000339370179805,0.34379412155748934,5.235987755982989,5.241988095353169,5.241988095353169
6,46,11,2,-0.30252762688627793,0.7063759696469374,-0.056561489809971464,-0.08875195546302686,-0.194770096324409,-0.05035554413771215,-2.8851601541756406,5.759586531581287,5.709230987443575,5.709230987443575
6,46,0,3,-0.5353146781046737,0.5105668328988223,-0.20621367989495984,-0.31940500604919525,-0.1540270079749103,-0.040008285891677625,-2.2923059271459234,0.0,-0.040008285891677625,6.2431770212879085
6,46,1,3,-0.3770139169347826,0.6398885802296292,-0.07797675659925697,-0.12223795236556105,-0.26334468892762664,-0.06739272904894698,-3.8613189443733646,0.5235987755982988,0.4562060465493518,0.4562060465493518
6,46,2,3,-0.5275475078682631,0.5164958376452038,0.07791997059107154,0.12214929289469609,-0.6065235251463601,-0.14181025951386472,-8.125129361799377,1.0471975511965976,0.9053872916827329,0.9053872916827329
6,46,3,3,-0.2669937162223131,0.739174727740443,0.22573994665012018,0.34868861757886094,0.02492463117236877,0.006523902274314722,0.3737920662740326,1.5707963267948966,1.5773202290692112,1.5773202290692112
6,46,4,3,0.027576187824446787,1.0275691998815384,-0.02256507101790703,-0.035439115881251974,-0.13173471812696116,-0.03428994137250339,-1.9646689203954735,2.0943951023931953,2.060105161020692,2.060105161020692
6,46,5,3,0.4192556447230517,1.396303167492626,-0.1532324114684198,-0.2388305676606593,0.7335360799909794,0.1636832399248397,9.37835882472057,2.6179938779914944,2.781677117916334,2.781677117916334
6,46,6,3,0.09308923146878872,1.0928212687504062,0.06577378927389325,0.10316849393303859,-0.3866787107169147,-0.09647135883669596,-5.5274017052347775,3.141592653589793,3.045121294753097,3.045121294753097
6,46,7,3,-0.5774000013304837,0.4792268707923626,-0.044715906859006414,-0.0701928046858335,-0.0008954589444362176,-0.0002344305407935575,-0.013431880576440321,3.665191429188092,3.6649569986472983,3.6649569986472983
6,46,8,3,0.015810938328464176,1.0158096209569918,0.26766070389066615,0.41067963643233424,0.028499608733754865,0.007459160716045034,0.42737842773916157,4.1887902047863905,4.196249365502435,4.196249365502435
6,46,9,3,0.6137143326381244,1.5467364274241318,-0.20342578814558337,-0.3152044926560615,-0.2903632625472508,-0.07395024405501313,-4.237036878314659,4.71238898038469,4.638438736329676,4.638438736329676
6,46,10,3,0.1385122368037493,1.1376331671019484,0.05131370224651758,0.08053270395980472,0.7584912303492651,0.16760067082389746,9.602811081770717,5.235987755982989,5.403588426806886,5.403588426806886
6,46,11,3,0.12835411491233706,1.1276538606133995,-0.04231459831273152,-0.06642797334380397,0.6791567936125222,0.1547158327829998,8.86456424231767,5.759586531581287,5.9143023643642865,5.9143023643642865
6,46,0,4,-0.4943699604536306,0.542322077398783,-0.3499832479834227,-0.5283541327200384,0.20492428768551324,0.05291047806627182,3.0315470852168884,0.0,0.05291047806627182,0.05291047806627182
6,46,1,4,-0.10535386026917061,0.8950342063655898,-0.0037879124539213545,-0.00595001051139375,0.0024458950345698544,0.0006403325457628647,0.03668835235707979,0.5235987755982988,0.5242391081440617,0.5242391081440617
6,46,2,4,-0.9018088872084749,0.28282249192282916,0.012073725847836593,0.018964442708498393,-0.24472247067624234,-0.06281911181708687,-3.599269979879473,1.0471975511965976,0.9843784393795108,0.9843784393795108
6,46,3,4,-0.05046538965621272,0.9495774077502859,0.243576332069239,0.3752175127086129,0.28522335581974056,0.0727101959260001,4.165987354129118,1.5707963267948966,1.6435065227208967,1.6435065227208967
6,46,4,4,-0.023247991800840986,0.9767561955678156,0.2337162353720698,0.36057905167521337,-0.07647738866011614,-0.019982790325957484,-1.1449295485722144,2.0943951023931953,2.074412312067238,2.074412312067238
6,46,5,4,-0.37804614453267193,0.6389905462822314,0.09437547644797843,0.1478060890851101,-0.35246964425182326,-0.08863582950716935,-5.078458944401931,2.6179938779914944,2.529358048484325,2.529358048484325
6,46,6,4,-0.638321386409206,0.43624447958763723,0.18907200588989842,0.29350449772958154,0.35977616756175856,0.09032520303929376,5.1752529178137685,3.141592653589793,3.231917856629087,3.231917856629087
6,46,7,4,-0.38492976484707225,0.6330189871900327,0.150454664759773,0.23456637116739848,-0.3259244466649216,-0.0824285768678246,-4.722809565796036,3.665191429188092,3.582762852320267,3.582762852320267
6,46,8,4,-0.9354928811587098,0.2668554056372495,0.021400203676563652,0.033610230673041135,-0.10410438904504979,-0.027156431493371738,-1.555948911206352,4.1887902047863905,4.161633773293019,4.161633773293019
6,46,9,4,-1.004767328357723,0.2364109465815739,0.07805694219188519,0.12236314405725271,0.7613994391090605,0.16804916313231696,9.628507798187236,4.71238898038469,4.880438143517007,4.880438143517007
6,46,10,4,-0.7982535294464551,0.336940735760495,-0.020169333531627573,-0.03167761963537141,0.089435013402809,0.0233518041827856,1.3379598236895573,5.235987755982989,5.259339560165775,5.259339560165775
6,46,11,4,-0.6455321762699283,0.4313454251944413,-0.1582661655758891,-0.24654880795780781,0.248123976327387,0.0636576635616864,3.6473154557483585,5.759586531581287,5.823244195142974,5.823244195142974
6,46,0,5,-0.16857329835394683,0.833005537835747,-0.17026843951992476,-0.26490201855287,-0.14984477445065245,-0.03893827259468651,-2.2309986812054543,0.0,-0.03893827259468651,6.2442470345849
6,46,1,5,-0.05238272175823433,0.9476651375614319,0.03824556280186258,0.0600467151813326,0.7057931122029478,0.1591824118119901,9.120480369540456,0.5235987755982988,0.6827811874102889,0.6827811874102889
6,46,2,5,-0.6722337655464657,0.41355266937792223,0.3444727168551034,0.5206633515910024,-0.6223945027725882,-0.14472087410239665,-8.291895293511464,1.0471975511965976,0.902476677094201,0.902476677094201
6,46,3,5,0.15202884146000661,1.150868300460382,0.4381080241762569,0.6472858339680511,0.4997810796012386,0.12093691044548192,6.929174555877715,1.5707963267948966,1.6917332372403784,1.6917332372403784
6,46,4,5,-0.35133399456607906,0.6624419319180846,0.36209822747498427,0.5451619392563561,0.25312809957840315,0.06488877468888696,3.7178529274485443,2.0943951023931953,2.1592838770820824,2.1592838770820824
6,46,5,5,-0.47091504798391337,0.5610616399960108,0.06250252019121344,0.09805108139709562,0.08036197921108174,0.020993543968690714,1.2028414664283025,2.6179938779914944,2.638987421960185,2.638987421960185
6,46,6,5,-0.24006276315445726,0.7644449689179192,0.12354974479782908,0.19309000698155476,-0.02428046923549226,-0.006355363114307781,-0.36413548372295484,3.141592653589793,3.1352372904754855,3.1352372904754855
6,46,7,5,-0.39528262850267865,0.6240946213306395,0.13854430032229428,0.2162430843045156,-0.0805073413289782,-0.021031354529798357,-1.2050078520007919,3.665191429188092,3.6441600746582936,3.6441600746582936
6,46,8,5,-0.3054759078969805,0.7036842129092633,-0.31626964498589566,-0.48086792762678787,-0.3792655465564185,-0.09478956468813388,-5.431041998512373,4.1887902047863905,4.0940006400982565,4.0940006400982565
6,46,9,5,-0.6487940494249517,0.4291424316206808,-0.1218082105121731,-0.19039517345670232,-1.3143900177299213,-0.22655647901078238,-12.98073006866205,4.71238898038469,4.485832501373907,4.485832501373907
6,46,10,5,-0.16234385529953166,0.8390674872015778,0.27687182350786316,0.42412665973351477,0.9450794160019514,0.19308942607534657,11.063209182720666,5.235987755982989,5.429077182058335,5.429077182058335
6,46,11,5,-0.2750757449824336,0.7316585257474431,0.06674851154885365,0.10469288129791786,0.26024865730235514,0.06663529957726272,3.8179214323670325,5.759586531581287,5.826221831158549,5.826221831158549
6,46,0,6,-0.7919173578141676,0.34050615635386006,-0.27262281898821566,-0.4179318539648105,0.3468064797095872,0.08732065422304952,5.003104951301946,0.0,0.08732065422304952,0.08732065422304952
6,46,1,6,-0.5414816607841902,0.5058912905894446,-0.30121998906108816,-0.45934588435338614,-0.2121974256234797,-0.05473409401155609,-3.1360325823344373,0.5235987755982988,0.4688646815867427,0.4688646815867427
6,46,2,6,-0.567193454382845,0.4867048426881557,0.02019608262397524,0.03171961990059094,-0.5834417854892314,-0.13748721819633275,-7.877437339644121,1.0471975511965976,0.9097103330002649,0.9097103330002649
6,46,3,6,-0.9823642810925268,0.2459124382897787,0.29899993272066205,0.45615477263727566,-1.2201540416562573,-0.21983284360244226,-12.595494136779442,1.5707963267948966,1.3509634831924542,1.3509634831924542
6,46,4,6,-0.5852526242368499,0.4735273407579158,0.11320185889733922,0.177061382304739,0.16690721985114237,0.04329491578702375,2.4806159489707795,2.0943951023931953,2.137690018180219,2.137690018180219
6,46,5,6,-0.5987437549234513,0.46384495209373944,0.08629551935655402,0.13521720093457948,0.800478615161083,0.17391444792961314,9.96456386271455,2.6179938779914944,2.7919083259211077,2.7919083259211077
6,46,6,6,-0.6815698239056664,0.40746100212567626,-0.013535212413138624,-0.02125976367990447,0.4675857137268404,0.11420908087629322,6.543698316279883,3.141592653589793,3.255801734466086,3.255801734466086
6,46,7,6,-0.6273923141232759,0.4437459915679296,-0.07504103204788676,-0.11765341875728942,-0.9453420299626777,-0.19312077264535288,-11.065005208884239,3.665191429188092,3.472070656542739,3.472070656542739
6,46,8,6,-0.8276154293213867,0.32080647342417323,-0.18976165718285498,-0.2945498430372124,0.004249208666486549,0.0011124335322421537,0.06373774638630579,4.1887902047863905,4.189902638318633,4.189902638318633
6,46,9,6,-0.5328559490486932,0.5124388350975704,0.031053078210713278,0.048762388442466754,1.1740322454289256,0.21613123871685982,12.383407799410563,4.71238898038469,4.928520219101549,4.928520219101549
6,46,10,6,-0.9119304193323247,0.2779424950714775,-0.056260667173013236,-0.08828092488215718,0.3791638681198817,0.09476643412956984,5.4297167151288726,5.235987755982989,5.330754190112558,5.330754190112558
6,46,11,6,-0.7272162353553632,0.37864068325427314,-0.10524125270115023,-0.16470494632960192,-1.6164318874653794,-0.24193009224697196,-13.861573222962173,5.759586531581287,5.517656439334315,5.517656439334315
