encoding,depth,tau,n_seeds,mean_fidelity,sd_fidelity_across_seeds,mean_median_fidelity,sd_median_fidelity_across_seeds,mean_geometric_fidelity,mean_fidelity_over_haar,sd_fidelity_over_haar_across_seeds
learnable_seasonal_cdf,1,1,5,0.007211104407701219,0.0079200950524212,0.004323583577853657,0.005314440180559861,0.002802500825455374,118.14673461577729,129.7628373388693
learnable_seasonal_cdf,1,2,5,0.001703439455893678,0.0019123595328486554,0.0010715331901557722,0.0013293337508669715,0.0010121409010397946,27.909152045362568,31.33209858619232
learnable_seasonal_cdf,1,3,5,5.980428796843229e-05,0.00012462582166639338,2.618220369611987e-05,5.512264524251728e-05,2.712222455298439e-05,0.9798334540748368,2.0418694621822833
learnable_seasonal_cdf,1,4,5,1.7260490599068007e-06,3.4000961855137508e-06,7.031957637348826e-07,1.3775273085033223e-06,3.682520131073772e-07,0.02827958779751296,0.05570717590345729
learnable_seasonal_cdf,1,5,5,2.46627142396096e-07,4.237757451315813e-07,5.8016398944420666e-09,6.740117017462385e-09,4.732155027349686e-09,0.0040407391010175795,0.006943141808235819
learnable_seasonal_cdf,1,6,5,8.837549383525312e-09,1.407854461775871e-08,2.907232200573372e-10,4.547580571456277e-10,1.4906873770637538e-10,0.00014479440909964897,0.00023066287501732747
learnable_seasonal_cdf,1,7,5,3.348024254898221e-07,4.470662293982394e-07,2.2600269217270117e-09,2.619947933603289e-09,2.9738662006567196e-09,0.0054854029392252335,0.007324733102460752
learnable_seasonal_cdf,1,8,5,2.6459490454490082e-06,5.235495406753951e-06,1.6003336725791888e-06,3.3088713492031887e-06,6.761796659536785e-07,0.043351229160636495,0.08577835674425671
learnable_seasonal_cdf,1,9,5,5.519149789554141e-05,0.00011628887247663016,2.762898643460983e-05,5.9439666374575255e-05,2.5691907483781807e-05,0.9042575015206484,1.905276886657328
learnable_seasonal_cdf,1,10,5,0.0018398543260192655,0.0022194830735591405,0.0009914631051770946,0.0012327309528696751,0.0009982037292804032,30.144173277500347,36.364010677193
learnable_seasonal_cdf,1,11,5,0.00463819971062477,0.004696857344409405,0.0028535033517656056,0.002901844453997544,0.002123953541440041,75.99226405887717,76.95331073080395
learnable_seasonal_cdf,1,12,5,0.46996981378397507,0.06477997877251326,0.456180098078616,0.06022278205222291,0.4522609889159187,7699.985429036649,1061.3551722088573
learnable_seasonal_cdf,1,13,5,0.00524383812291738,0.005760450074211762,0.0036564374868600703,0.003654359825935586,0.0029159384738038753,85.91504380587949,94.3792140158858
learnable_seasonal_cdf,1,14,5,0.00174386902279666,0.0020476326468842564,0.0009481392201976184,0.0010946135893687675,0.0009066335411944358,28.5715500695014,33.54841328655128
learnable_seasonal_cdf,1,15,5,4.481993296088579e-05,9.08162824675108e-05,2.7443975466048737e-05,5.764487008126464e-05,2.593209768702646e-05,0.7343297816312562,1.4879339719479279
learnable_seasonal_cdf,1,16,5,1.3514271749359026e-06,2.2573351840896607e-06,5.374214678190277e-07,1.100520970970483e-06,3.604355859964641e-07,0.022141782834149783,0.03698417965612498
learnable_seasonal_cdf,1,17,5,1.8314181022656483e-07,3.272310736352681e-07,1.0077295530955894e-08,1.759799506057837e-08,7.936849847375895e-09,0.003000595418752019,0.005361353910440219
learnable_seasonal_cdf,1,18,5,3.896079694677858e-09,5.741205463073012e-09,5.3057558670457547e-11,1.0972192136150453e-10,3.6283575000863905e-11,6.38333697175961e-05,9.406391030697537e-05
learnable_seasonal_cdf,1,19,5,9.298897763301473e-08,1.8085859975139156e-07,1.0339450320306328e-08,1.8418126961819395e-08,7.0150926801931305e-09,0.0015235314095392706,0.002963187298326777
learnable_seasonal_cdf,1,20,5,1.8923838283952125e-06,3.761561489941768e-06,8.350928908508703e-07,1.7129214323822282e-06,6.495974296290513e-07,0.03100481664442714,0.061629423451205936
learnable_seasonal_cdf,1,21,5,6.646212143653683e-05,0.00014045262207085452,3.432716114565639e-05,7.417495857588558e-05,3.1514203585172256e-05,1.0889153976162578,2.3011757600089666
learnable_seasonal_cdf,1,22,5,0.0018634060965065941,0.0022347559719321838,0.0015096182953461155,0.0018811829144701636,0.0009538469632399246,30.5300454851648,36.614241844137354
learnable_seasonal_cdf,1,23,5,0.00419627605764711,0.004920064641864996,0.003100836376199761,0.003215731500309264,0.002198771380575718,68.75178692849089,80.61033909231601
learnable_seasonal_cdf,1,24,5,0.4396367956768074,0.0643047464400645,0.48650301627880727,0.0677018543002923,0.3977918663156658,7203.009260368813,1053.5689656740167
learnable_seasonal_cdf,1,25,5,0.0057934432800362794,0.006897421126680224,0.002635557089850779,0.0024512410352429733,0.0026777590821531866,94.91977470011524,113.00734773952912
learnable_seasonal_cdf,1,26,5,0.00186401363589302,0.002176732175919705,0.001272798999770164,0.0015468529218815319,0.0009747855659627605,30.539999410472056,35.66357997026841
learnable_seasonal_cdf,1,27,5,5.0385575575047957e-05,0.00010495020553116245,3.0967492139099774e-05,6.673426422275388e-05,3.08245359948228e-05,0.8255172702217963,1.7195041674230367
learnable_seasonal_cdf,1,28,5,1.1852493640217724e-06,2.204980783121947e-06,4.7904770201184e-07,9.505001065094656e-07,2.983188315038119e-07,0.019419125580132656,0.03612640515066996
learnable_seasonal_cdf,1,29,5,6.603874473590284e-08,7.632335616911079e-08,6.987366300399592e-09,1.3854186229666913e-08,7.316879095939439e-09,0.0010819787937530068,0.0012504818674746736
learnable_seasonal_cdf,1,30,5,3.4109936119750697e-09,5.047930217338998e-09,1.753732679511971e-10,2.5428451639432726e-10,1.3053652547867523e-10,5.588571933858487e-05,8.270528868085171e-05
learnable_seasonal_cdf,1,31,5,1.283537387951624e-07,2.3609644300657932e-07,1.5716628628719392e-08,2.8022923908174688e-08,1.0391939753083398e-08,0.002102947656419924,0.0038682041222197843
learnable_seasonal_cdf,1,32,5,9.0714810746849e-07,1.5343783531439564e-06,3.594625686637515e-07,7.32237574940467e-07,2.3019734015051566e-07,0.014862714592763716,0.025139254937910582
learnable_seasonal_cdf,1,33,5,4.997771406692441e-05,0.00010708946664000678,3.8698299634549886e-05,8.500648463378856e-05,3.202408349748663e-05,0.8188348672726157,1.7545538214301533
learnable_seasonal_cdf,1,34,5,0.001917322957266755,0.0025424716454882958,0.000809145654235865,0.0009925656473733068,0.0007436861992002981,31.41341933185887,41.65585543968031
learnable_seasonal_cdf,1,35,5,0.002529246512211376,0.0025531408807568747,0.00179306659671578,0.00182194223397121,0.001554829889146778,41.43917485607198,41.830660190320984
learnable_seasonal_cdf,1,36,5,0.40003049019008136,0.055829982088477885,0.37612523586433616,0.06408247593919739,0.37514020245059065,6554.099551274293,914.7184265376222
learnable_seasonal_cdf,1,37,5,0.0034388414811983153,0.0029068850239309563,0.0027282481937725965,0.002516044386268844,0.0016821225175416578,56.341978827954065,47.626404232085044
learnable_seasonal_cdf,1,38,5,0.0016476749249602,0.0019716907001449823,0.0009733633270549092,0.0012250097950637447,0.0009148653631153771,26.99550597054869,32.304180431175446
learnable_seasonal_cdf,1,39,5,4.341440985896639e-05,9.32183219068771e-05,3.353355921516187e-05,7.330010933658881e-05,3.084942599504985e-05,0.7113016911293883,1.5272889861224606
learnable_seasonal_cdf,1,40,5,2.536692269912638e-06,5.165165278031124e-06,5.488197876767588e-07,1.0381001695143717e-06,5.062111563767382e-07,0.04156116615024863,0.08462606791526191
learnable_seasonal_cdf,2,1,5,0.0116131968578509,0.011759716801750883,0.00850339226646226,0.010208912699196928,0.00610503574894818,190.2706173190303,192.67120007988632
learnable_seasonal_cdf,2,2,5,0.00020297617683630474,0.0001275474419634482,7.146808378416907e-05,4.7961883746890464e-05,6.182985502626037e-05,3.3255616812866378,2.089737289129256
learnable_seasonal_cdf,2,3,5,4.26477322182029e-05,1.0504908030698383e-05,2.075942765117511e-05,8.336233542722109e-06,1.8717225854605272e-05,0.6987404446630363,0.1721124131749624
learnable_seasonal_cdf,2,4,5,5.8794125769361986e-05,2.4954639406675365e-05,2.7105445445340667e-05,1.91006311577926e-05,2.2465092969738098e-05,0.9632829566052268,0.408856812038969
learnable_seasonal_cdf,2,5,5,0.00014304933235255213,0.00015016699363980084,4.6462251958525085e-05,6.055495203015059e-05,3.506329314977511e-05,2.3437202612644157,2.4603360237949463
learnable_seasonal_cdf,2,6,5,0.0002919553329761615,0.0003015556087296567,4.992507063882516e-05,7.62222946093115e-05,4.135164322408544e-05,4.783396175482101,4.9406870934270755
learnable_seasonal_cdf,2,7,5,0.00015608714558765913,0.00018166631213519937,4.629824841757095e-05,5.9025630509155396e-05,4.157201468481783e-05,2.5573317933083786,2.9764208580234883
learnable_seasonal_cdf,2,8,5,6.668985711065301e-05,4.645822022034926e-05,2.575011133851694e-05,1.410349119442976e-05,2.2038681704644406e-05,1.0926466189009871,0.7611714800903073
learnable_seasonal_cdf,2,9,5,4.4881451332577234e-05,8.0982642266244e-06,2.291695784788388e-05,6.404283198132565e-06,1.9831897617918942e-05,0.7353376986329454,0.13268196108901417
learnable_seasonal_cdf,2,10,5,0.00018170302158592355,0.00012505204826564285,6.601170655367366e-05,4.164499180130029e-05,5.948198819119193e-05,2.9770223056641827,2.0488527587841983
learnable_seasonal_cdf,2,11,5,0.006668362678315399,0.007433622025455981,0.0043478083917641,0.005401254173559016,0.00361121233470276,109.25445412152025,121.79246326507052
learnable_seasonal_cdf,2,12,5,0.10461565571668505,0.0372501856545452,0.09505321819381846,0.03301772393107111,0.08726062043911537,1714.022903262169,610.3070417640683
learnable_seasonal_cdf,2,13,5,0.00727539192237716,0.007218624578942838,0.00516236042580016,0.006284817859835831,0.00322380271096846,119.20002125622769,118.26994510139951
learnable_seasonal_cdf,2,14,5,0.0002048983083392392,0.00013874408824717977,7.758437969866106e-05,5.506544112561556e-05,6.806936660210265e-05,3.357053883830666,2.2731831418422375
learnable_seasonal_cdf,2,15,5,4.653174345219036e-05,5.6902965219390605e-06,2.373435883825683e-05,7.754862279839644e-06,2.0387216761670787e-05,0.7623760847206869,0.09322981821544954
learnable_seasonal_cdf,2,16,5,5.613211783414299e-05,2.5120324016857697e-05,2.1255934805799896e-05,9.643026238301361e-06,1.904483518813624e-05,0.9196686185945986,0.41157138869219656
learnable_seasonal_cdf,2,17,5,0.00012061847321982828,0.00010102621994366279,3.743635101764418e-05,4.504574638006093e-05,2.74893944637399e-05,1.976213065234147,1.6552135875573648
learnable_seasonal_cdf,2,18,5,0.0001725000374200902,0.00014566518153125954,4.0610959401566166e-05,6.591838311635314e-05,3.0419635529370782e-05,2.8262406130913655,2.3865783342083065
learnable_seasonal_cdf,2,19,5,0.00012012014357037206,0.00012585797261259148,3.502454797894152e-05,5.0874377689802225e-05,2.7176716471197053e-05,1.968048432257132,2.062057023285046
learnable_seasonal_cdf,2,20,5,5.2167022932935665e-05,2.8387435378675018e-05,2.2952723455908624e-05,1.2110940650425313e-05,1.9189442658911478e-05,0.8547045037332179,0.46509974124421144
learnable_seasonal_cdf,2,21,5,4.1952262149574605e-05,1.4084161611183853e-05,1.8622487875686392e-05,7.70600017863185e-06,1.7299216407137224e-05,0.6873458630586303,0.23075490383763625
learnable_seasonal_cdf,2,22,5,0.00017486454259914516,0.00010516282276230221,6.635923444334619e-05,4.227026644803709e-05,5.774320024151153e-05,2.864980665944576,1.7229876881376873
learnable_seasonal_cdf,2,23,5,0.00864683647729572,0.008921810392405081,0.00517030659828016,0.006060439642686194,0.004183331082123059,141.6697688440142,146.17494146916468
learnable_seasonal_cdf,2,24,5,0.17598381813824565,0.03708856252679,0.13918238924254073,0.03527368792547127,0.13605378763346304,2883.318876377017,607.6590084389271
learnable_seasonal_cdf,2,25,5,0.00803513686705536,0.007878615700959456,0.003964167859390839,0.004715665544218482,0.0032979458999938004,131.64768242983598,129.0832396445201
learnable_seasonal_cdf,2,26,5,0.0002000278013346006,0.00012791293418978092,7.498386541104812e-05,5.5861442503822626e-05,6.443467273164348e-05,3.2772554970666556,2.0957255137654665
learnable_seasonal_cdf,2,27,5,5.012585852321033e-05,1.3603707926492778e-05,2.452512566218005e-05,8.723965872311284e-06,2.132931349926273e-05,0.8212620660442781,0.22288315066765768
learnable_seasonal_cdf,2,28,5,5.6668497271255084e-05,2.659993197482379e-05,2.533611352511098e-05,1.2616158673342666e-05,2.043410786688532e-05,0.9284566592922433,0.43581328547551296
learnable_seasonal_cdf,2,29,5,0.00013945007176798286,0.00019474167327984739,4.666263779197573e-05,6.246033222985411e-05,3.607396195216323e-05,2.2847499758468803,3.190647575017573
learnable_seasonal_cdf,2,30,5,0.00021724345244221476,0.00022741474540691182,4.975405062670684e-05,8.930849348414162e-05,3.574449678524082e-05,3.5593167248140056,3.7259631887472415
learnable_seasonal_cdf,2,31,5,0.00013612053336685542,0.00010203972762600219,5.129459284805444e-05,8.055291764836474e-05,3.452702881459149e-05,2.2301988186831236,1.6718188974245187
learnable_seasonal_cdf,2,32,5,6.075564814547515e-05,3.534030011288302e-05,1.9291755930604386e-05,1.0201578401807774e-05,1.866597491670211e-05,0.9954205392156353,0.5790154770498278
learnable_seasonal_cdf,2,33,5,4.018026008740545e-05,7.802969850333438e-06,2.095510177122383e-05,9.35364597790308e-06,1.707475389539747e-05,0.6583133812720509,0.12784385802786305
learnable_seasonal_cdf,2,34,5,0.0001524251505157544,0.0001043950643060588,6.627111601201582e-05,4.831463466233755e-05,5.718044773439706e-05,2.4973336660505265,1.7104087335906775
learnable_seasonal_cdf,2,35,5,0.00616407916645446,0.007431852664444728,0.004094061910399212,0.005023970816747202,0.0035971119148293677,100.99227306319048,121.76347405426229
learnable_seasonal_cdf,2,36,5,0.08750157697105124,0.029476609398417283,0.07965055807196664,0.03337245929741817,0.0691080210157845,1433.6258370937044,482.9447683836688
learnable_seasonal_cdf,2,37,5,0.00675252866270306,0.006587737146261619,0.00249847277487862,0.002989237705353718,0.0022458780207952798,110.63342960972761,107.93348540435053
learnable_seasonal_cdf,2,38,5,0.00014584670262025816,0.00010024294761008516,5.167158138326344e-05,3.4344727087217096e-05,5.04207567422753e-05,2.3895523757308266,1.6423804536442002
learnable_seasonal_cdf,2,39,5,4.167427447840692e-05,1.443303631289622e-05,2.0908435417119298e-05,8.212932113718774e-06,1.6798701350508696e-05,0.682791313054219,0.23647086695049166
learnable_seasonal_cdf,2,40,5,5.598702088757124e-05,3.0401482948421413e-05,2.1337134287209312e-05,1.3256433376202347e-05,1.961145104526705e-05,0.9172913502222528,0.4980978966275486
learnable_seasonal_cdf,3,1,5,0.00254202557572302,0.0015672935983926852,0.00119455634150016,0.000859337405781839,0.0009689285127403001,41.648547032647045,25.678538316065353
learnable_seasonal_cdf,3,2,5,8.52512650101922e-05,2.4748719615229992e-05,4.034866089315882e-05,7.455846891371873e-06,3.7351693737191054e-05,1.3967567259270635,0.40548302217603893
learnable_seasonal_cdf,3,3,5,6.949788726235101e-05,1.3541029919562492e-05,3.8147441127966104e-05,1.4160661228061381e-05,3.313717213894043e-05,1.138653384906359,0.22185623420211187
learnable_seasonal_cdf,3,4,5,8.474476497458926e-05,3.983678311921953e-05,4.3469067205118464e-05,1.5581410786268034e-05,3.63378587885519e-05,1.3884582293438317,0.6526858546255111
learnable_seasonal_cdf,3,5,5,0.00013482227180173476,6.384734350768858e-05,6.126442285010193e-05,2.9463277001719667e-05,5.2387065502215846e-05,2.208928101200229,1.0460748760306027
learnable_seasonal_cdf,3,6,5,0.0002493153134008691,0.00014117136654076827,9.551455594443237e-05,6.539340904671851e-05,8.145092254778114e-05,4.084782094760509,2.312951669404214
learnable_seasonal_cdf,3,7,5,0.00012757349748447708,7.689787498078872e-05,5.512606844834627e-05,2.42277086072704e-05,5.116932172724646e-05,2.0901641827862676,1.2598947836854872
learnable_seasonal_cdf,3,8,5,6.76697782342875e-05,2.0922456731924397e-05,3.820857194126747e-05,1.033446812071456e-05,3.243839768703056e-05,1.1087016465905664,0.3427935310958493
learnable_seasonal_cdf,3,9,5,7.283105091720904e-05,2.2120114372541753e-05,3.847136248555801e-05,1.1342487175496619e-05,3.455410065724755e-05,1.1932639382275956,0.3624159538798149
learnable_seasonal_cdf,3,10,5,8.380653198077081e-05,1.4722874567472437e-05,4.532980312075133e-05,4.685217568652554e-06,3.621764344685025e-05,1.3730862199731404,0.24121957691384874
learnable_seasonal_cdf,3,11,5,0.001336966482983,0.0008812273923948297,0.0005747621325145212,0.00041396543192329766,0.0004683660276337683,21.904858857194558,14.438029596996676
learnable_seasonal_cdf,3,12,5,0.05568872224266834,0.008908320447942894,0.046452866683025076,0.008656368801388875,0.0402501530406292,912.404025223879,145.95392221909643
learnable_seasonal_cdf,3,13,5,0.00129492409106618,0.000818654913298125,0.00048124867675608,0.0003964224804967853,0.00046307703039462,21.21603630802953,13.412842099476515
learnable_seasonal_cdf,3,14,5,7.9211508767056e-05,1.361866201423635e-05,4.1091098248740906e-05,9.860779518413464e-06,3.501281587130527e-05,1.2978013596394453,0.2231281584412483
learnable_seasonal_cdf,3,15,5,8.168518770304335e-05,2.018211318449317e-05,4.17334079196765e-05,1.1542792513968468e-05,3.422635195380073e-05,1.3383301153267344,0.33066374241486096
learnable_seasonal_cdf,3,16,5,7.048182052342653e-05,3.277225976246811e-05,3.384311768280299e-05,1.0270489403736102e-05,2.9756223270577642e-05,1.1547741474562379,0.53694070394884
learnable_seasonal_cdf,3,17,5,0.00014125950054117608,6.693793984164208e-05,6.43229902708633e-05,3.398849980293744e-05,5.5400234784442056e-05,2.314395656867096,1.0967112063657143
learnable_seasonal_cdf,3,18,5,0.00030131467118953874,0.00021426950990272554,8.619015416588768e-05,5.574751926975467e-05,8.330862779065904e-05,4.936739572769964,3.5105916502467256
learnable_seasonal_cdf,3,19,5,0.00014523912163343333,7.82554407062231e-05,5.7240624737199596e-05,2.6567217089246415e-05,5.242435096783172e-05,2.3795977688428436,1.2821371405306974
learnable_seasonal_cdf,3,20,5,7.652314045384621e-05,3.124019624231749e-05,3.649384946816611e-05,1.0420409905673222e-05,3.184705281098224e-05,1.253755133196161,0.5118393752345919
learnable_seasonal_cdf,3,21,5,6.968398942585169e-05,2.4152142335087915e-05,3.895648954137813e-05,1.1496515917807488e-05,3.194357283485229e-05,1.1417024827534505,0.395708700018721
learnable_seasonal_cdf,3,22,5,7.73719808814036e-05,2.3956465113032526e-05,4.9694793442756385e-05,1.5587549951606615e-05,3.9439747394264695e-05,1.2676625347609938,0.3925027244120489
learnable_seasonal_cdf,3,23,5,0.00147703280888962,0.0009199937403032985,0.00064133597144434,0.00048816182698745966,0.00056593443534386,24.199705540848274,15.073177441129612
learnable_seasonal_cdf,3,24,5,0.11912290338977245,0.01575337981544838,0.07308413296867791,0.014284360559178004,0.07944187439188441,1951.7096491380319,258.10337489630626
learnable_seasonal_cdf,3,25,5,0.00123308004065286,0.0006719285521877107,0.0005126490333251001,0.0003416757383948139,0.00047979700421584004,20.20278338605771,11.008877399043332
learnable_seasonal_cdf,3,26,5,6.720520175221435e-05,1.3095958363822953e-05,3.625860765104261e-05,7.610426020027501e-06,3.281905712377109e-05,1.1010900255082798,0.21456418183287526
learnable_seasonal_cdf,3,27,5,7.176995263554975e-05,1.4822657426306524e-05,3.91321319252399e-05,9.59747369633218e-06,3.227673731572726e-05,1.175878903980847,0.24285441927260606
learnable_seasonal_cdf,3,28,5,7.131825596098506e-05,2.868175319554247e-05,4.0270673463774364e-05,1.1445967614202467e-05,3.2915442822692854e-05,1.168478305664953,0.4699218443561375
learnable_seasonal_cdf,3,29,5,0.00014170163175123085,6.78272268887392e-05,6.370984401818768e-05,2.7721913854008086e-05,5.217508268031681e-05,2.3216395346125576,1.1112812853453018
learnable_seasonal_cdf,3,30,5,0.00031747892157675886,0.0002158075113095801,8.899663293831028e-05,7.194324802846564e-05,8.957912093634166e-05,5.201574651114179,3.5357902652962228
learnable_seasonal_cdf,3,31,5,0.0001444488475275869,7.786396776949572e-05,7.062568833564713e-05,3.759771967023611e-05,6.397343398788102e-05,2.3666499178927376,1.2757232479357343
learnable_seasonal_cdf,3,32,5,7.613223204014759e-05,3.0044395439916833e-05,4.073151817820049e-05,1.0483367285812303e-05,3.5050306745129485e-05,1.2473504897458145,0.4922473748876585
learnable_seasonal_cdf,3,33,5,8.091294518716844e-05,2.437195418354792e-05,4.0834299638012674e-05,9.774809923501469e-06,3.500645168565742e-05,1.325677693946836,0.3993100973437987
learnable_seasonal_cdf,3,34,5,7.801854516100844e-05,2.0403691369022468e-05,3.9965228539012064e-05,7.843441537824404e-06,3.216906652297913e-05,1.2782558439179623,0.3342940793900641
learnable_seasonal_cdf,3,35,5,0.0009554479057669599,0.000640969675448133,0.0003664256410527,0.00030449876501838447,0.00032758933595839997,15.654058488086752,10.501647162541897
learnable_seasonal_cdf,3,36,5,0.0457570736881518,0.012122043563896437,0.03636047672237254,0.01097030217964639,0.03185287224477438,749.6838953066798,198.60756175087957
learnable_seasonal_cdf,3,37,5,0.00074650816469578,0.000374948392191256,0.00037235661407372374,0.00026802868943233036,0.000327416140570946,12.23078977037642,6.143154457661537
learnable_seasonal_cdf,3,38,5,9.744938205735599e-05,3.581810811089425e-05,4.396218462887485e-05,1.2681217433840512e-05,4.063674811170547e-05,1.5966106756280967,0.5868438832891797
learnable_seasonal_cdf,3,39,5,7.261732617393548e-05,2.2264880875975747e-05,4.18543294126908e-05,1.0251324956685052e-05,3.8033032019107485e-05,1.1897622720338419,0.36478780827214763
learnable_seasonal_cdf,3,40,5,6.883903847319904e-05,1.8641265258664328e-05,3.442677101625962e-05,1.2070892068634224e-05,3.0898031625267104e-05,1.127858806344893,0.3054184899979564
learnable_seasonal_cdf,4,1,5,0.00081293897383,0.0005373291432259025,0.00024271278345155996,0.00012430682271635888,0.00024976530047112,13.319192147231522,8.803600682612972
learnable_seasonal_cdf,4,2,5,8.938677719424794e-05,2.0865534443668494e-05,5.3188179075175607e-05,1.6714721015595366e-05,4.629013362597612e-05,1.464512957550804,0.34186091632533494
learnable_seasonal_cdf,4,3,5,7.349300578570552e-05,2.2964301009014496e-05,4.013128852750336e-05,1.2210077812246978e-05,3.5220434526985714e-05,1.204109406793036,0.3762471077317584
learnable_seasonal_cdf,4,4,5,8.330489398733181e-05,3.1235707162342384e-05,4.679678639508552e-05,6.951234995515735e-06,3.952483850439111e-05,1.3648673830887081,0.5117658261483711
learnable_seasonal_cdf,4,5,5,0.00010615168630928422,3.5377939873989526e-05,5.9288906866772695e-05,2.1778776546733672e-05,4.760777272409083e-05,1.739189228491366,0.5796321668955184
learnable_seasonal_cdf,4,6,5,0.00019712689736125998,0.00012720205270473658,8.119297307440494e-05,5.3222623614334325e-05,7.840032789582106e-05,3.229727086367911,2.084078431514655
learnable_seasonal_cdf,4,7,5,0.00011981887454417273,5.397220104198834e-05,6.526821764078259e-05,2.9036571584633236e-05,5.688876739638949e-05,1.963112440531956,0.8842805418722862
learnable_seasonal_cdf,4,8,5,8.416054720431016e-05,3.4022329542090536e-05,4.75692451229488e-05,1.864036508687344e-05,3.988954235828715e-05,1.378886405395728,0.5574218472181919
learnable_seasonal_cdf,4,9,5,6.807933154264551e-05,1.7916199488566507e-05,4.06092475959436e-05,1.1824836633078492e-05,3.6042237412267056e-05,1.1154117679947042,0.2935390124206738
learnable_seasonal_cdf,4,10,5,8.732148858410975e-05,7.865434316120269e-06,4.3543370331223356e-05,7.505641492687111e-06,3.966014231539236e-05,1.4306752689622682,0.12886727583575852
learnable_seasonal_cdf,4,11,5,0.00036215933306364006,0.00013001728459101217,0.00015616230099874,4.271135101330366e-05,0.00014396446990912,5.933618512915436,2.130203190738859
learnable_seasonal_cdf,4,12,5,0.0290800388415093,0.006084492502001914,0.019919378893817043,0.004780836457031979,0.0158247370373321,476.4473563792891,99.68832515279941
learnable_seasonal_cdf,4,13,5,0.00035418366615424,0.00012815114234998004,0.00016316190346388,4.111054584112675e-05,0.00014189152158258,5.8029451862720105,2.099628316262398
learnable_seasonal_cdf,4,14,5,8.100634344269494e-05,1.825644983089481e-05,4.401841098723964e-05,8.797361211849211e-06,4.09388446184355e-05,1.32720793096534,0.299113674029735
learnable_seasonal_cdf,4,15,5,6.704128599346792e-05,5.1169891799959855e-06,4.222372579326726e-05,1.7442796151862854e-06,3.501954928434758e-05,1.0984044297169784,0.08383675072505424
learnable_seasonal_cdf,4,16,5,8.199671967080727e-05,3.150469455937398e-05,4.308854490787191e-05,8.717188283804912e-06,3.793928410471542e-05,1.3434342550868164,0.5161729156614394
learnable_seasonal_cdf,4,17,5,0.00011238321505950736,3.9245423758628286e-05,6.332079906448954e-05,1.7013292289873526e-05,5.1975186119939776e-05,1.8412865955352604,0.6429970228617512
learnable_seasonal_cdf,4,18,5,0.0001941153366556389,0.0001595264815205787,0.00010792738015237219,9.189707098694083e-05,8.265755560015634e-05,3.1803856757663063,2.613681873233592
learnable_seasonal_cdf,4,19,5,0.00010162381882313127,3.470389473374629e-05,6.028547787869256e-05,1.7838578689217562e-05,5.180051047430952e-05,1.6650046475983884,0.5685886113179945
learnable_seasonal_cdf,4,20,5,7.360371130802383e-05,2.5188392487258843e-05,3.976154612579139e-05,1.2560346969421076e-05,3.440385035732164e-05,1.20592320607093,0.41268662251174526
learnable_seasonal_cdf,4,21,5,7.11215769850081e-05,1.702734025253006e-05,4.3112323788935276e-05,1.0868623159632972e-05,3.6030415034489366e-05,1.1652559173223727,0.2789759426974525
learnable_seasonal_cdf,4,22,5,8.599936795687688e-05,2.5246210888173964e-05,4.86251620775152e-05,9.693384595699594e-06,4.072908380699553e-05,1.4090136446056896,0.41363391919225756
learnable_seasonal_cdf,4,23,5,0.00046871304833726,0.00022667476657696372,0.00019067157808728,6.912288639370597e-05,0.00017666659276084,7.6793945839584,3.7138393755970927
learnable_seasonal_cdf,4,24,5,0.06708927374082659,0.0065715764504375804,0.03677791222255386,0.005452744975544953,0.03756117666827802,1099.1906609697032,107.6687085639696
learnable_seasonal_cdf,4,25,5,0.0004898272827927799,0.0002278090311776507,0.00020632158919636,5.1187442069848314e-05,0.00017805600741766,8.025330201277406,3.732423166814594
learnable_seasonal_cdf,4,26,5,9.21657686890925e-05,2.4501612030728474e-05,5.1935095024798675e-05,5.326048527602737e-06,4.161441271920483e-05,1.5100439542023985,0.4014344115120169
learnable_seasonal_cdf,4,27,5,7.629752859735417e-05,1.8235047882762334e-05,4.3442264150464545e-05,1.0808331317435747e-05,3.454375018296391e-05,1.2500587085390507,0.2987630245111781
learnable_seasonal_cdf,4,28,5,7.604016444424297e-05,2.295225143171216e-05,4.196045915422121e-05,5.6687580694675496e-06,3.325212351457766e-05,1.245842054254684,0.3760496874576117
learnable_seasonal_cdf,4,29,5,0.00012015116622058662,4.9345596614440065e-05,7.006623763753102e-05,3.421129646119219e-05,5.918792424151252e-05,1.9685567073584522,0.8084782549314039
learnable_seasonal_cdf,4,30,5,0.00021445961509525347,0.0001692366358261323,8.422952624466336e-05,5.863887029824141e-05,8.155965899764784e-05,3.513706333721197,2.7727730413756535
learnable_seasonal_cdf,4,31,5,0.00010869382596294567,4.021737973540509e-05,6.05446458538541e-05,2.47283656215153e-05,5.3697681262243766e-05,1.7808396445771233,0.658921549585174
learnable_seasonal_cdf,4,32,5,6.961057009617217e-05,1.879989899685514e-05,3.9545803793654074e-05,1.0900285261167309e-05,3.366709844613248e-05,1.1404995804556848,0.3080175451644745
learnable_seasonal_cdf,4,33,5,6.659535652930476e-05,1.7444918550803264e-05,4.195935064540714e-05,1.0744204326000242e-05,3.3065464681073286e-05,1.0910983213761292,0.28581754553636063
learnable_seasonal_cdf,4,34,5,8.102686302469622e-05,1.612867971124802e-05,4.692844633527285e-05,8.720331811889222e-06,3.936848294379051e-05,1.3275441237969372,0.2642522883896189
learnable_seasonal_cdf,4,35,5,0.00034162779942728,0.00013596868843573218,0.00016086191383104,4.8713029967777404e-05,0.00012644400919147898,5.597229865817476,2.2277109913307207
learnable_seasonal_cdf,4,36,5,0.02186870268641776,0.004445757736831247,0.0156842246867953,0.00276965479006633,0.012619946206108202,358.29682481426954,72.83929476024306
learnable_seasonal_cdf,4,37,5,0.00027100859821222,0.00010113419553474765,0.0001324929029742862,4.5378918679835755e-05,0.00011110221974646467,4.4402048731098045,1.6569826596415684
learnable_seasonal_cdf,4,38,5,8.254501324199674e-05,2.2209491382909115e-05,4.9498200664685226e-05,1.3883172222687082e-05,3.784357773580533e-05,1.3524174969571539,0.36388030681789857
learnable_seasonal_cdf,4,39,5,6.398776543341825e-05,1.2870652215648233e-05,4.171387336576587e-05,8.623040565594217e-06,3.257746119511252e-05,1.0483755488611246,0.21087276590118065
learnable_seasonal_cdf,4,40,5,7.680377798097209e-05,2.658169010204674e-05,4.7413330791626954e-05,2.339200287318251e-05,3.960688428560838e-05,1.2583530984406055,0.43551441063241236
learnable_seasonal_cdf,5,1,5,0.00066360218090876,0.0004338886898075679,0.00026630427130716,0.00016293267721685295,0.00022825595285629096,10.872458132009548,7.10883229380704
learnable_seasonal_cdf,5,2,5,6.927439063981352e-05,1.5591614083473345e-05,4.3861331951772255e-05,9.692311131870972e-06,3.5333042612629824e-05,1.1349916162427047,0.25545300514362734
learnable_seasonal_cdf,5,3,5,5.932091720394361e-05,7.540331200855346e-06,3.829305813088173e-05,4.90968532172488e-06,3.245325919481466e-05,0.9719139074694123,0.12354078639481407
learnable_seasonal_cdf,5,4,5,6.230344241662939e-05,1.025020885360041e-05,4.059100115896178e-05,9.784833895495167e-06,3.408150077955494e-05,1.020779600554056,0.1679394218573892
learnable_seasonal_cdf,5,5,5,8.735597940316489e-05,2.174671857037345e-05,5.37852476251548e-05,1.9040690999612165e-05,4.351251100696636e-05,1.4312403665414943,0.3562982370570624
learnable_seasonal_cdf,5,6,5,0.00019288263430378,3.5089601406598955e-05,0.00010809614391379634,1.3390532709430123e-05,8.866157338068746e-05,3.1601890804339914,0.574908029445687
learnable_seasonal_cdf,5,7,5,9.634516374696546e-05,2.979033689539739e-05,5.972872886503886e-05,1.3184436826613182e-05,4.679413234131813e-05,1.5785191628305681,0.4880848796948137
learnable_seasonal_cdf,5,8,5,6.363040920538061e-05,1.0899574466289044e-05,4.009111325325723e-05,1.3317157739157862e-06,3.455797341301985e-05,1.042520624420956,0.1785786280556797
learnable_seasonal_cdf,5,9,5,6.395663859016411e-05,8.01744548308945e-06,4.43917298288903e-05,5.163368077315448e-06,3.593525566399381e-05,1.0478655666612489,0.13135782679493763
learnable_seasonal_cdf,5,10,5,6.794924013934365e-05,1.5218788432542472e-05,4.188634031760621e-05,1.207550679423203e-05,3.726770181614119e-05,1.1132803504430064,0.24934462967877574
learnable_seasonal_cdf,5,11,5,0.0002998900179586,0.00019469865705589587,0.00015535281614192806,8.738479656763564e-05,0.00013540347635219738,4.913398054234545,3.189942797203986
learnable_seasonal_cdf,5,12,5,0.0181857616747326,0.007686578707043493,0.01078558261780886,0.005871220312871057,0.01017187747623074,297.95551927881974,125.93690553620009
learnable_seasonal_cdf,5,13,5,0.00032041080744633996,0.0001628513264575797,0.0001767821393013588,9.955347605531321e-05,0.0001531316073057363,5.249610669201841,2.6681561326812293
learnable_seasonal_cdf,5,14,5,6.46107398337587e-05,9.217157921396802e-06,3.9654134810746866e-05,7.224096405279891e-06,3.37843167785251e-05,1.0585823614363024,0.1510139153841653
learnable_seasonal_cdf,5,15,5,6.180283609963956e-05,8.434626477873038e-06,3.994093555840344e-05,5.179004887190871e-06,3.474041028451984e-05,1.0125776666564945,0.13819292021347188
learnable_seasonal_cdf,5,16,5,6.602138330872047e-05,8.364816441696491e-06,4.109316525995265e-05,6.4604396454719445e-06,3.442803261418328e-05,1.0816943441300761,0.1370491525807554
learnable_seasonal_cdf,5,17,5,9.159710126747334e-05,3.0200372000332697e-05,5.652973221782465e-05,2.1069038543159025e-05,4.6865262604055715e-05,1.500726907166501,0.4948028948539187
learnable_seasonal_cdf,5,18,5,0.00019930864852914,5.011376566128432e-05,0.00010117957198245341,1.811173983149125e-05,8.653744941898142e-05,3.2654728975019234,0.8210639365946863
learnable_seasonal_cdf,5,19,5,9.487132981991638e-05,3.378368228416519e-05,6.213201236273053e-05,2.6442276739703475e-05,5.016295838216167e-05,1.554371867769617,0.553511850543997
learnable_seasonal_cdf,5,20,5,6.176604573760942e-05,1.049231038350994e-05,4.2078357979223995e-05,4.7841552853671144e-06,3.461107562974568e-05,1.0119748933649928,0.17190601332342684
learnable_seasonal_cdf,5,21,5,6.66567415102059e-05,1.2185027400046935e-05,4.526890310144405e-05,1.1005411133151356e-05,3.5411633220407245e-05,1.0921040529032136,0.19963948892236902
learnable_seasonal_cdf,5,22,5,6.528415031859625e-05,7.8232101913747e-06,4.551361699906588e-05,3.5495645102829154e-06,3.6567776335163666e-05,1.069615518819881,0.12817547577548316
learnable_seasonal_cdf,5,23,5,0.00036707826968438004,0.00018240825215467334,0.00019849749429663136,0.00011439070167871265,0.00016582941907263287,6.014210370509952,2.9885768033024345
learnable_seasonal_cdf,5,24,5,0.05520387024481318,0.012932169229622993,0.026969206234155562,0.01035258849316469,0.026612749372294058,904.46021009102,211.88066065814309
learnable_seasonal_cdf,5,25,5,0.0004231474384872399,0.00017167337653048453,0.00020001964223577596,0.00010620721571370696,0.00016881766257176,6.932847632175393,2.812696601075328
learnable_seasonal_cdf,5,26,5,7.06829743532931e-05,2.023577575207746e-05,4.464191717252964e-05,1.0572957403878083e-05,3.8374428125136114e-05,1.1580698518045236,0.3315429499223831
learnable_seasonal_cdf,5,27,5,6.295116353167168e-05,1.0243918289814511e-05,4.630851823254227e-05,9.723380478375883e-06,3.409477559217735e-05,1.0313918633029089,0.16783635726032098
learnable_seasonal_cdf,5,28,5,6.851465912085985e-05,8.752047421513118e-06,4.785341931806128e-05,1.1632136764763685e-05,3.806045834951596e-05,1.1225441750361678,0.14339354495407095
learnable_seasonal_cdf,5,29,5,8.686994675803746e-05,3.4365995400394916e-05,5.232628702337993e-05,1.8828949580683003e-05,4.12802202908473e-05,1.423277207683793,0.5630524686402988
learnable_seasonal_cdf,5,30,5,0.00019139932929296,4.8009719981416155e-05,0.00010804528238319967,4.10879271795014e-05,8.525147322404894e-05,3.135886611136898,0.7865912521757236
learnable_seasonal_cdf,5,31,5,8.682599854181985e-05,3.123953419120719e-05,5.024335700677436e-05,2.4450970846431752e-05,4.362181074044183e-05,1.422557160109196,0.5118285281887811
learnable_seasonal_cdf,5,32,5,6.619265319721312e-05,1.4438704548596378e-05,3.844490971210747e-05,4.520024758503952e-06,3.297358747113612e-05,1.0845004299831398,0.2365637353242031
learnable_seasonal_cdf,5,33,5,6.198143741994268e-05,8.561576136571024e-06,4.1685731189182455e-05,7.415275291845195e-06,3.463114160382192e-05,1.0155038706883408,0.14027286342157966
learnable_seasonal_cdf,5,34,5,5.781036576548739e-05,1.1842062727794468e-05,3.6050303452061055e-05,4.689861076349053e-06,3.188633395131105e-05,0.9471650327017453,0.19402035573218449
learnable_seasonal_cdf,5,35,5,0.00028784000966912,0.00017406741564759552,0.00014471453972247366,9.39184281181646e-05,0.00012722982917751964,4.7159707184195225,2.8519205379705075
learnable_seasonal_cdf,5,36,5,0.01441925134389542,0.008630234614244772,0.01023758838900054,0.007439553595723626,0.00815889624030182,236.24501401838307,141.397763919786
learnable_seasonal_cdf,5,37,5,0.00023006707658434003,0.0001377282253314968,0.00012895711967607856,8.596081827567322e-05,0.00010952004667355677,3.769418982758841,2.2565392438309755
learnable_seasonal_cdf,5,38,5,6.81070851277441e-05,1.9569895443099896e-05,4.467521863083538e-05,9.163793655894473e-06,3.58187064376922e-05,1.1158664827331823,0.32063316694021576
learnable_seasonal_cdf,5,39,5,6.347188402312555e-05,1.306164291277942e-05,4.599385821952243e-05,1.0667092933788216e-05,3.813663899540817e-05,1.039923347834889,0.21400195748297804
learnable_seasonal_cdf,5,40,5,6.494940314478569e-05,2.0788324220597674e-05,4.350031929087699e-05,1.3503472746232351e-05,3.53973857721141e-05,1.0641310211242099,0.3405959040303595
learnable_seasonal_cdf,6,1,5,0.00029543357312282004,0.0001817918566260964,0.00014700023489679147,8.86786279409467e-05,0.0001352158112366597,4.840383662045506,2.9784777789621555
learnable_seasonal_cdf,6,2,5,6.482830478081472e-05,8.731645389752396e-06,4.289280419851407e-05,4.417336104028265e-06,3.53499899230054e-05,1.0621469455288683,0.14305927806570334
learnable_seasonal_cdf,6,3,5,6.912724340301618e-05,4.94292755626963e-06,4.369833240283285e-05,4.356656496678046e-06,3.85995385031939e-05,1.1325807559150172,0.08098492508192162
learnable_seasonal_cdf,6,4,5,6.20313392977762e-05,7.023082508052183e-06,4.0652660238548834e-05,5.8652537483091805e-06,3.348489118151322e-05,1.0163214630547652,0.11506618381192703
learnable_seasonal_cdf,6,5,5,8.943568150590698e-05,2.92409898272228e-05,5.916150797095073e-05,2.0671572517174032e-05,4.803054778078369e-05,1.465314205793002,0.47908437732966513
learnable_seasonal_cdf,6,6,5,0.000141284691110501,7.930338123815211e-05,8.37128616934345e-05,5.146455737343418e-05,7.015366168652642e-05,2.3148083791549823,1.2993065982060066
learnable_seasonal_cdf,6,7,5,8.383575359692564e-05,1.794021318528176e-05,5.3177144303501544e-05,1.532972404578721e-05,4.428049334595566e-05,1.3735649869320397,0.2939324528276758
learnable_seasonal_cdf,6,8,5,5.9682955992831856e-05,6.760689934434624e-06,3.778438746334589e-05,3.920461841386718e-06,3.264430426542646e-05,0.9778455509865571,0.11076714388577684
learnable_seasonal_cdf,6,9,5,6.262558396487913e-05,7.85458937184775e-06,4.2848452661470285e-05,3.7938324095988046e-06,3.419372009223232e-05,1.0260575676805797,0.12868959226835353
learnable_seasonal_cdf,6,10,5,6.506980561299978e-05,9.628974859092915e-06,4.31366903808591e-05,7.65696363525827e-06,3.389576396114276e-05,1.0661036951633884,0.15776112409137835
learnable_seasonal_cdf,6,11,5,0.00014565234173096318,4.531073522528919e-05,9.621269215994277e-05,2.772570549685167e-05,7.751391486439769e-05,2.386367966920657,0.7423710859316763
learnable_seasonal_cdf,6,12,5,0.014907016924732822,0.008765047204546617,0.008922583640879559,0.0073045517607001065,0.007254811733419681,244.23656529482338,143.60653339929192
learnable_seasonal_cdf,6,13,5,0.0001478418385537108,5.987091558243121e-05,8.644233282011058e-05,2.705380627025972e-05,7.392473766572505e-05,2.4222406828645364,0.9809250809028228
learnable_seasonal_cdf,6,14,5,5.554475739765416e-05,5.59170721613234e-06,3.531177467368591e-05,6.685416098466603e-06,2.8904269115999684e-05,0.9100453052031657,0.09161453102911231
learnable_seasonal_cdf,6,15,5,6.399864469469759e-05,6.071652148964867e-06,4.3062510941729087e-05,5.512133387571721e-06,3.567608129329953e-05,1.0485537946779253,0.09947794880864039
learnable_seasonal_cdf,6,16,5,6.348321036941476e-05,1.0972266049049835e-05,4.338442253105251e-05,9.457891519260555e-06,3.650009257847195e-05,1.0401089186924914,0.1797696069476325
learnable_seasonal_cdf,6,17,5,8.103422793582784e-05,2.8994611492537264e-05,4.9482535227747395e-05,1.672370279289722e-05,4.228245747655097e-05,1.327664790500855,0.4750477146941901
learnable_seasonal_cdf,6,18,5,0.00013023394488405492,6.571452006389295e-05,8.763720923524332e-05,5.3848433468656934e-05,6.916143587688006e-05,2.133752952980795,1.0766666967269822
learnable_seasonal_cdf,6,19,5,9.083762442232001e-05,2.9375212200408872e-05,6.244450589946941e-05,2.1959939153451893e-05,4.659640530468692e-05,1.4882836385353868,0.4812834766916424
learnable_seasonal_cdf,6,20,5,6.459127431643555e-05,2.2079077152401578e-06,4.749803030242791e-05,4.4849100260679166e-06,3.76159019000272e-05,1.05826343840048,0.036174360006494745
learnable_seasonal_cdf,6,21,5,6.539163782185681e-05,4.690548723069651e-06,4.47443267222786e-05,9.61147038023657e-06,3.297200183110302e-05,1.071376594073302,0.07684995027877324
learnable_seasonal_cdf,6,22,5,6.29207158692947e-05,4.474638238293965e-06,4.192547990083603e-05,5.828607512668558e-06,3.496575668807259e-05,1.0308930088025243,0.07331247289620835
learnable_seasonal_cdf,6,23,5,0.00022348546067430314,0.00015829279728112738,0.00010048493303598308,4.7242979476829755e-05,9.038575979227305e-05,3.6615857876885967,2.593469190654407
learnable_seasonal_cdf,6,24,5,0.04397475869254332,0.015481816700594713,0.018567915198672142,0.011583298731141901,0.019302216897119924,720.4824464186306,253.65408482254355
learnable_seasonal_cdf,6,25,5,0.00018900321103576436,0.00010542314082373731,9.753553670008976e-05,3.612879973556575e-05,8.532705043659672e-05,3.0966286096104136,1.7272527392566384
learnable_seasonal_cdf,6,26,5,6.561321985995564e-05,1.3727942779383734e-05,4.1604286297440924e-05,8.297214483143455e-06,3.559476498114123e-05,1.0750069941855132,0.2249186144974231
learnable_seasonal_cdf,6,27,5,7.457202867612612e-05,1.0570198158262386e-05,4.7958733819850246e-05,9.631068315315127e-06,4.033362469737363e-05,1.2217881178296504,0.173182126624971
learnable_seasonal_cdf,6,28,5,7.0704524429868e-05,5.849216031949879e-06,4.192615823015228e-05,5.921950473976367e-06,3.6846956549044284e-05,1.158422928258957,0.09583355546746666
learnable_seasonal_cdf,6,29,5,9.803676462263457e-05,3.3170999488346785e-05,6.243441368107413e-05,3.4362826436810615e-05,4.995189923896909e-05,1.6062343515776487,0.5434736556175013
learnable_seasonal_cdf,6,30,5,0.00015132815365125274,8.941189575507085e-05,9.201496160515308e-05,5.56821281388438e-05,7.098012167481446e-05,2.4793604694225833,1.4649245000512618
learnable_seasonal_cdf,6,31,5,9.099178503075225e-05,4.298371082518641e-05,6.539448143320342e-05,2.6150176417205882e-05,5.120340212389213e-05,1.4908094059440375,0.7042451181602831
learnable_seasonal_cdf,6,32,5,5.952138733803349e-05,5.684492696256261e-06,4.375984396216929e-05,1.0226112092701119e-06,3.372703991813321e-05,0.9751984101463407,0.0931347283354626
learnable_seasonal_cdf,6,33,5,5.9534157744494655e-05,6.599148684008673e-06,4.574534959573543e-05,4.543338908061081e-06,3.71219429623931e-05,0.9754076404858004,0.1081204520387981
learnable_seasonal_cdf,6,34,5,6.0162799456896385e-05,7.3495597428738735e-06,3.904229640241419e-05,5.235691854012985e-06,3.363542291415517e-05,0.9857073063017904,0.12041518682724554
learnable_seasonal_cdf,6,35,5,0.00013534650096977378,4.602109620945002e-05,8.4388949152449e-05,2.6788205536580043e-05,7.13046165795384e-05,2.2175170718894552,0.7540096402959582
learnable_seasonal_cdf,6,36,5,0.00975406581425926,0.0065050057384293865,0.00619039354450022,0.006311606640098355,0.00521443328126748,159.81061430082465,106.57801401842683
learnable_seasonal_cdf,6,37,5,0.0001252086175819245,4.3240248412253833e-05,8.029568634177595e-05,3.333495426775591e-05,6.678349442735342e-05,2.0514179904628453,0.7084482299862428
learnable_seasonal_cdf,6,38,5,6.557535633055745e-05,9.84795438815295e-06,4.690850471237468e-05,9.44807176085151e-06,3.638761541266059e-05,1.0743866381198532,0.1613488846954979
learnable_seasonal_cdf,6,39,5,7.33048913034343e-05,1.3076432182972405e-05,5.195788962625578e-05,9.345899816395552e-06,3.886463233346352e-05,1.2010273391154676,0.2142442648858197
learnable_seasonal_cdf,6,40,5,5.609821753665192e-05,3.742710149300679e-06,4.080689352256264e-05,3.873573317415509e-06,3.4839107793915005e-05,0.919113196120505,0.06132056308614241
learnable_seasonal_cdf_rz,1,1,5,0.010114940965732181,0.010384305116009318,0.006924004899880348,0.007614744355021878,0.005278241565868749,165.72319278255685,170.13645502069656
learnable_seasonal_cdf_rz,1,2,5,0.0021805922401941418,0.0025336528019831855,0.0015384316869272415,0.0019157964241370649,0.0015560132349030354,35.72682326334141,41.51136750769254
learnable_seasonal_cdf_rz,1,3,5,2.2220187383900206e-05,4.4293109872261494e-05,7.34945744798255e-06,1.4726259100876082e-05,8.324890045639626e-06,0.36405555009810886,0.7256983121477759
learnable_seasonal_cdf_rz,1,4,5,2.291046013596074e-06,3.9434747525523565e-06,1.0995071358449102e-06,1.9202006528216297e-06,8.851354916137441e-07,0.03753649788675803,0.0646098903458178
learnable_seasonal_cdf_rz,1,5,5,8.609223909274498e-08,1.1491890553870586e-07,3.287329308619593e-09,3.1419818882746827e-09,2.447277751442762e-09,0.0014105352452955082,0.0018828313483461288
learnable_seasonal_cdf_rz,1,6,5,8.241262705240353e-08,1.3333756659996478e-07,9.53975807971084e-09,2.078641845117438e-08,8.478352078359987e-09,0.001350248481626571,0.00218460269117382
learnable_seasonal_cdf_rz,1,7,5,1.3086306074878152e-07,1.245639195470031e-07,3.676963418142787e-09,4.671737638396269e-09,2.0272193545128544e-09,0.0021440603873080066,0.002040855257858084
learnable_seasonal_cdf_rz,1,8,5,3.162791033351302e-06,5.0140823904505545e-06,1.652066045403275e-06,3.091931734755253e-06,1.1731809639419575e-06,0.051819168290427695,0.08215072588514187
learnable_seasonal_cdf_rz,1,9,5,1.87458499225043e-05,3.7650954395422305e-05,7.1190157487680055e-06,1.4533203881627516e-05,7.357639730020117e-06,0.30713200513031047,0.6168732368145992
learnable_seasonal_cdf_rz,1,10,5,0.002304836472414075,0.0027995136336325323,0.0015900911196929407,0.002006019700547069,0.0015099418284953128,37.762440764033045,45.86723137343571
learnable_seasonal_cdf_rz,1,11,5,0.00756436821924168,0.007596185247083795,0.005521840343594819,0.00580860138806584,0.004421056453160467,123.93460890405672,124.45589908822122
learnable_seasonal_cdf_rz,1,12,5,0.49983299145730753,0.0633500766390837,0.501628422174835,0.07404125453516675,0.48259866047431627,8189.263732036527,1037.9276556547472
learnable_seasonal_cdf_rz,1,13,5,0.00783500057811778,0.008036806318892404,0.006451776847087554,0.006626270415173192,0.005369025985726158,128.3686494718824,131.6750347287337
learnable_seasonal_cdf_rz,1,14,5,0.00229040657747124,0.002686063449100254,0.0013615298132481043,0.0017118921152350299,0.0014269449902488216,37.52602136528967,44.00846355005875
learnable_seasonal_cdf_rz,1,15,5,1.5675093166436522e-05,2.9606171508789173e-05,9.140002246336511e-06,1.8711530367711237e-05,8.506286823750134e-06,0.2568207264388959,0.4850675140000018
learnable_seasonal_cdf_rz,1,16,5,1.8730719424957806e-06,2.530535414576375e-06,9.491611660505745e-07,1.6973745343273543e-06,7.373511083765091e-07,0.03068841070585084,0.04146029223241934
learnable_seasonal_cdf_rz,1,17,5,6.982311325634767e-08,1.0525224959683352e-07,4.260680636546275e-09,5.576543884020966e-09,5.160904536936048e-09,0.0011439818875919763,0.001724452857394491
learnable_seasonal_cdf_rz,1,18,5,3.823858239003235e-08,6.372859219298795e-08,1.637926011243028e-09,3.128058718892605e-09,1.422595828631208e-09,0.0006265009338782482,0.0010441292544898812
learnable_seasonal_cdf_rz,1,19,5,3.319280159499931e-08,4.812532970405453e-08,6.059232950542978e-09,8.74746647975059e-09,3.076676464326306e-09,0.0005438308613324404,0.0007884854018711923
learnable_seasonal_cdf_rz,1,20,5,2.4338700629718828e-06,4.044570046774907e-06,1.3478134460037137e-06,2.451965963872288e-06,1.1581366789363643e-06,0.03987652711173127,0.06626623564636008
learnable_seasonal_cdf_rz,1,21,5,2.4310871518450702e-05,5.034434977823184e-05,1.0216764751056994e-05,2.1138163066860884e-05,9.742436429076517e-06,0.39830931895861127,0.8248418267672547
learnable_seasonal_cdf_rz,1,22,5,0.002319279470734455,0.0027820470043423474,0.0018169796766032676,0.002293005407396878,0.0015013315878812643,37.99907484851411,45.581058119144885
learnable_seasonal_cdf_rz,1,23,5,0.007040075743683827,0.00782817008977475,0.005596462044776663,0.005800057159769034,0.004533539801227603,115.34460098451635,128.2567387508697
learnable_seasonal_cdf_rz,1,24,5,0.464355120108472,0.04869228611494351,0.5002619155339489,0.05799700956397569,0.42870423576393535,7607.994287857206,797.7744157072341
learnable_seasonal_cdf_rz,1,25,5,0.0087992781468308,0.00949858901078835,0.0058239730334088075,0.005545651998087528,0.004916398378876785,144.16737315767665,155.62488235275612
learnable_seasonal_cdf_rz,1,26,5,0.00245223963340352,0.0028746621741241,0.001721034448302267,0.0021850617257813845,0.0015015746972800636,40.17749415368395,47.09846506084941
learnable_seasonal_cdf_rz,1,27,5,1.982179886011151e-05,3.9314677638291214e-05,1.0473720280610349e-05,2.2137346593759686e-05,1.1263045455788275e-05,0.324760352524067,0.6441316784257632
learnable_seasonal_cdf_rz,1,28,5,1.8198955258985121e-06,3.0547117434472928e-06,7.720069155455941e-07,1.2938557167817533e-06,7.236219301079975e-07,0.029817168296321184,0.050048397204640424
learnable_seasonal_cdf_rz,1,29,5,3.5913499126550033e-08,3.460830252298099e-08,2.932880253297659e-09,3.863322966035956e-09,3.1811016395140074e-09,0.0005884067696893509,0.0005670224285364877
learnable_seasonal_cdf_rz,1,30,5,3.515277102964964e-08,6.406596372532515e-08,1.1736569148256611e-08,2.560432172357985e-08,8.833204488976577e-09,0.0005759430005497562,0.001049656749675718
learnable_seasonal_cdf_rz,1,31,5,7.000973068437941e-08,1.0924922267521312e-07,1.0217921190701607e-08,1.536448146482267e-08,4.646444367509201e-09,0.0011470394275328467,0.0017899392643106967
learnable_seasonal_cdf_rz,1,32,5,1.6747630864681337e-06,2.7522345320178944e-06,7.141143756873009e-07,1.3170714709657862e-06,4.97704067359611e-07,0.027439318408693868,0.04509261057258119
learnable_seasonal_cdf_rz,1,33,5,1.567783997540675e-05,3.215143674196363e-05,1.0304504242359269e-05,2.1969282583938612e-05,9.209492984999214e-06,0.2568657301570642,0.5267691395803321
learnable_seasonal_cdf_rz,1,34,5,0.0020470186445526685,0.0025201467582985633,0.0012163920391023962,0.0015245719805839328,0.0011266575176544274,33.53835347235161,41.29008448796415
learnable_seasonal_cdf_rz,1,35,5,0.00484813721516945,0.0050837858060418335,0.003655458832224424,0.003987029457334686,0.003471329567943936,79.43188013333645,83.29274664618947
learnable_seasonal_cdf_rz,1,36,5,0.43812657375963865,0.04175544594471081,0.4234777690822605,0.02618714940823579,0.4187665299616583,7178.26578447792,684.1212263581417
learnable_seasonal_cdf_rz,1,37,5,0.0068141456452326405,0.006458937729319411,0.006063517461299001,0.0056928440240752555,0.003897241730187153,111.64296225149246,105.82323575716941
learnable_seasonal_cdf_rz,1,38,5,0.00226681224699764,0.0027032247840416226,0.001477303440035733,0.0018261366297816805,0.0014794592690613997,37.139451854810055,44.289634861737845
learnable_seasonal_cdf_rz,1,39,5,1.3982579882925638e-05,2.86764966763619e-05,1.0857545442415658e-05,2.3439831155951658e-05,9.347237700635817e-06,0.2290905888018536,0.46983572154551345
learnable_seasonal_cdf_rz,1,40,5,3.580034444593196e-06,6.197381935356918e-06,1.050039743384248e-06,1.5179756810930615e-06,1.1027320380053192e-06,0.05865528434021487,0.10153790562888772
learnable_seasonal_cdf_rz,2,1,5,0.00900824808720506,0.0088292601042981,0.0059016012604024195,0.006648000314672792,0.00425798227403782,147.5911366607688,144.65859754882004
learnable_seasonal_cdf_rz,2,2,5,0.00017225415047908025,0.00010509531887096404,5.241146896584083e-05,2.9007566100705665e-05,4.143352511569059e-05,2.8222120014495244,1.721881704382175
learnable_seasonal_cdf_rz,2,3,5,4.457271794093705e-05,1.0841157918479268e-05,1.9156321235531713e-05,6.851211255173217e-06,1.8024325563159038e-05,0.7302794107443125,0.1776215313363644
learnable_seasonal_cdf_rz,2,4,5,5.413321123040107e-05,1.343531936269862e-05,2.1767469771653672e-05,7.866755904028894e-06,1.9410260463869316e-05,0.8869185327988911,0.2201242724384542
learnable_seasonal_cdf_rz,2,5,5,0.00012179397643826396,8.404628877627706e-05,3.225713063539482e-05,3.414481347413656e-05,2.6539125389890207e-05,1.995472509965221,1.3770143953108462
learnable_seasonal_cdf_rz,2,6,5,0.0002849181751103674,0.0002688251575970737,4.158701041003308e-05,5.597221909885441e-05,3.6777497309596034e-05,4.668099381008632,4.404431382070729
learnable_seasonal_cdf_rz,2,7,5,0.00013441275919951777,0.0001084501597314642,4.8582634548690424e-05,5.863064053424283e-05,3.915443212934655e-05,2.202218646725443,1.776847417040298
learnable_seasonal_cdf_rz,2,8,5,6.347313318015352e-05,2.196130225225081e-05,2.4032790553032687e-05,4.914423754993922e-06,2.094074725783063e-05,1.0399438140236352,0.3598139761008773
learnable_seasonal_cdf_rz,2,9,5,4.2450958823971875e-05,1.4232228266337271e-05,2.1537156662833748e-05,6.282372954966486e-06,1.8093115358311975e-05,0.6955165093719552,0.23318082791566988
learnable_seasonal_cdf_rz,2,10,5,0.00015466441783976867,0.00010953668248588872,4.8998915511073535e-05,2.556655028128067e-05,4.102998428491042e-05,2.5340218218873867,1.7946490058491362
learnable_seasonal_cdf_rz,2,11,5,0.00512627656129382,0.005017864924282184,0.0026276504207317,0.0026207095552528985,0.00242437566650176,83.98891518023869,82.21269891943882
learnable_seasonal_cdf_rz,2,12,5,0.105998340618885,0.021232379558968808,0.09503892363223314,0.020357379345407788,0.08782598180575261,1736.676812699813,347.8713066941451
learnable_seasonal_cdf_rz,2,13,5,0.005385251592932299,0.0048176090552738,0.0034314730671329797,0.003554125628450607,0.0019818703999043602,88.23196209860345,78.93170676160578
learnable_seasonal_cdf_rz,2,14,5,0.00017745758803842685,9.428160687819006e-05,5.185370806701725e-05,2.1145259623013302e-05,4.852207489355955e-05,2.90746512242234,1.544709847092918
learnable_seasonal_cdf_rz,2,15,5,3.897311849589097e-05,8.07546882793173e-06,1.8493656235712344e-05,4.50395467683065e-06,1.4811413179854465e-05,0.6385355734366777,0.13230848127683345
learnable_seasonal_cdf_rz,2,16,5,5.1571219449309003e-05,1.8204034490841522e-05,1.896274157694068e-05,6.104072223889229e-06,1.649638008800677e-05,0.8449428594574787,0.2982549010979475
learnable_seasonal_cdf_rz,2,17,5,0.00012670378264792545,9.698888376625111e-05,2.4749305765334272e-05,2.118876521536659e-05,2.593938596301593e-05,2.07591477490397,1.5890658716266048
learnable_seasonal_cdf_rz,2,18,5,0.00027717254025659327,0.00035708900671244505,3.2154981887081e-05,4.51806710743058e-05,3.1164060713495106e-05,4.541194899564782,5.850546285977371
learnable_seasonal_cdf_rz,2,19,5,9.417591617192324e-05,6.295657218665399e-05,2.9067272350531052e-05,3.775515640146722e-05,2.2414321855606348e-05,1.5429782105612682,1.0314804787066214
learnable_seasonal_cdf_rz,2,20,5,5.216863659009486e-05,2.234515516152552e-05,2.2839400089928255e-05,1.2013507153434347e-05,1.8298451678027794e-05,0.8547309418921142,0.36610302216643414
learnable_seasonal_cdf_rz,2,21,5,3.827737446712139e-05,6.625004078506101e-06,1.7621349721008476e-05,6.955312915386824e-06,1.3845544175498957e-05,0.6271365032693168,0.10854406682224396
learnable_seasonal_cdf_rz,2,22,5,0.0001447889150813291,7.491367379871792e-05,4.828786915358691e-05,2.3192382680821826e-05,4.4730892038408906e-05,2.372221584692862,1.2273856315185354
learnable_seasonal_cdf_rz,2,23,5,0.00582157410085206,0.004931202015017301,0.00320133949978798,0.0031456873477046458,0.00242950369067448,95.38067006836104,80.79281381404299
learnable_seasonal_cdf_rz,2,24,5,0.168194880901659,0.015440800814335872,0.13576334382500183,0.02409744010619822,0.12573774349464176,2755.704928692782,252.98208054207893
learnable_seasonal_cdf_rz,2,25,5,0.00622530004808052,0.005567263903774643,0.00232988618507244,0.00222872520243928,0.0023693734569305404,101.99531598775212,91.214051799444
learnable_seasonal_cdf_rz,2,26,5,0.0001747025979538551,0.00010702235951949884,6.257675332731057e-05,3.178312150800363e-05,5.081614693007383e-05,2.8623273648766574,1.753454338367894
learnable_seasonal_cdf_rz,2,27,5,4.442560188371368e-05,9.18549134588776e-06,2.2637970741989715e-05,9.736676628003953e-06,1.826731168795522e-05,0.727869061262765,0.15049509021102503
learnable_seasonal_cdf_rz,2,28,5,6.01406802859253e-05,2.4984418428187996e-05,2.762916324240666e-05,8.602131249419809e-06,2.3445757078588673e-05,0.9853449058046001,0.4093447115274321
learnable_seasonal_cdf_rz,2,29,5,0.00012053453884381673,0.00012862056985047846,3.6407557587682324e-05,3.834458071166758e-05,2.7449610402331607e-05,1.9748378844175345,2.1073194164305793
learnable_seasonal_cdf_rz,2,30,5,0.0002402712277482749,0.00025439505477218666,4.027224834911222e-05,6.404154961612401e-05,3.631772898372473e-05,3.9366037954282147,4.1680085773881625
learnable_seasonal_cdf_rz,2,31,5,0.00013365357636119208,9.835833988152033e-05,3.5606449699105825e-05,4.3776450535954615e-05,3.111465475636261e-05,2.189780195102024,1.6115030406191957
learnable_seasonal_cdf_rz,2,32,5,5.553937339148407e-05,2.008155656753248e-05,1.893085355721581e-05,8.709681220854285e-06,1.6871398497818475e-05,0.909957093646075,0.32901622280245213
learnable_seasonal_cdf_rz,2,33,5,3.579678636569756e-05,6.886309590770299e-06,1.7289910820960707e-05,6.727818206982703e-06,1.5766811896297427e-05,0.5864945478155887,0.11282529633518058
learnable_seasonal_cdf_rz,2,34,5,0.00013026811311978457,7.929570138609174e-05,5.2437838455443184e-05,3.495045853047908e-05,4.335615764821918e-05,2.134312765354968,1.2991807715100798
learnable_seasonal_cdf_rz,2,35,5,0.00450434665367306,0.004761767865168453,0.00223316997443488,0.0020867304936069164,0.0020924733135229,73.7992155737805,78.01680470291981
learnable_seasonal_cdf_rz,2,36,5,0.07905319907307548,0.00923886033474683,0.06732628715965419,0.013612437201275064,0.0614140801321004,1295.2076136132696,151.3694877244919
learnable_seasonal_cdf_rz,2,37,5,0.0058167682382748,0.00513687228902622,0.0016219530378030402,0.0020023328151872353,0.0015922168421107,95.30193081589502,84.1625155834058
learnable_seasonal_cdf_rz,2,38,5,0.0001304589387960207,8.073013371045052e-05,4.1814376292053984e-05,2.455419765852642e-05,3.621057475937466e-05,2.137439253234441,1.3226825107125222
learnable_seasonal_cdf_rz,2,39,5,4.081032989286565e-05,1.3602215776493188e-05,2.0347587569289298e-05,5.540200691183403e-06,1.5869671173206605e-05,0.6686364449647109,0.22285870328206436
learnable_seasonal_cdf_rz,2,40,5,5.962464094759329e-05,2.7024641562118346e-05,2.0145942538708687e-05,1.1746800124923984e-05,1.7636377005896914e-05,0.9768901172853685,0.442771727353747
learnable_seasonal_cdf_rz,3,1,5,0.00279651214673924,0.00137114634825821,0.00135662534498938,0.0007389244679333554,0.00107317595838622,45.818055012176686,22.464861769862225
learnable_seasonal_cdf_rz,3,2,5,9.566147154761498e-05,3.088408094113287e-05,5.212670714793354e-05,1.1942328689515267e-05,4.379799511072959e-05,1.567317549836713,0.5060047821400843
learnable_seasonal_cdf_rz,3,3,5,7.942246489642096e-05,2.3483331298472595e-05,4.253352129735873e-05,8.466686038754917e-06,3.6419002712305096e-05,1.3012576648632617,0.38475089999479106
learnable_seasonal_cdf_rz,3,4,5,0.00010180600906787619,4.098444119387749e-05,4.8120411041334284e-05,1.1578837239793177e-05,4.276326567380583e-05,1.6679896525681481,0.6714890845206296
learnable_seasonal_cdf_rz,3,5,5,0.0001328429177531721,7.775846114080932e-05,5.7352375275992345e-05,3.0660398103066335e-05,4.657947939466524e-05,2.176498364468712,1.2739946273313478
learnable_seasonal_cdf_rz,3,6,5,0.0003107544934425372,0.00025313970452496565,0.0001089928341112869,0.00010498793868600821,9.321483153187094e-05,5.09140162056303,4.1474409189374555
learnable_seasonal_cdf_rz,3,7,5,0.00013096375020045617,6.50157162587215e-05,6.078202080197834e-05,2.4866985849445344e-05,4.810243976328883e-05,2.1457100832849942,1.0652174951830946
learnable_seasonal_cdf_rz,3,8,5,9.079655984838375e-05,2.9251537195080664e-05,4.438231492948095e-05,1.4988868778882938e-05,3.736190140895747e-05,1.4876108365562328,0.4792571854048356
learnable_seasonal_cdf_rz,3,9,5,8.325908069045995e-05,3.459895964493355e-05,4.17720064143282e-05,1.5214073461740299e-05,3.5975616521763336e-05,1.3641167780327057,0.5668693548230517
learnable_seasonal_cdf_rz,3,10,5,9.873153263182053e-05,4.3286162814832456e-05,5.0477298026457935e-05,2.1906364033581315e-05,4.3973766110266535e-05,1.6176174306397963,0.7092004915583239
learnable_seasonal_cdf_rz,3,11,5,0.00152749238144542,0.0005806795963171925,0.00061487627220606,0.00029076741490065267,0.00054445131048596,25.026435177602565,9.513854506060506
learnable_seasonal_cdf_rz,3,12,5,0.06410696762392913,0.00683624092733308,0.05358387095614042,0.005976480162059781,0.046901204470657945,1050.3285575504565,112.00497135342519
learnable_seasonal_cdf_rz,3,13,5,0.0016801279715866,0.0009230714363026777,0.00074534702971402,0.0004392354295979552,0.0005843082945915,27.527216686475395,15.123602412382866
learnable_seasonal_cdf_rz,3,14,5,9.946453927232156e-05,5.2660646072423046e-05,4.8477349108097706e-05,1.6725080021032064e-05,4.0458665734308824e-05,1.629627011437933,0.8627920252510608
learnable_seasonal_cdf_rz,3,15,5,8.455682183267386e-05,2.5405726086366333e-05,3.721072421348528e-05,9.62508266356055e-06,3.4428347559865114e-05,1.385378968906706,0.41624741619938416
learnable_seasonal_cdf_rz,3,16,5,9.55131866676382e-05,3.245439607715091e-05,4.1891651315625086e-05,1.0510641587043046e-05,4.057592385195157e-05,1.5648880503626015,0.5317328253280776
learnable_seasonal_cdf_rz,3,17,5,0.0001536437259863599,7.882962969955852e-05,6.446839178238807e-05,3.2963253273979605e-05,5.3979200412378526e-05,2.5172988065614383,1.291544652997896
learnable_seasonal_cdf_rz,3,18,5,0.0003799117344599989,0.00033597493288197366,0.0001213194236375593,0.00012023694641508552,0.00010737876342648751,6.22447385739313,5.50461330033866
learnable_seasonal_cdf_rz,3,19,5,0.00015640779194993045,7.60328676034136e-05,6.133981556122475e-05,2.6979037839524425e-05,5.259950010558775e-05,2.562585263308072,1.2457225028145413
learnable_seasonal_cdf_rz,3,20,5,7.891215919472991e-05,1.83545736872229e-05,3.9139016013928166e-05,8.940440770811164e-06,3.710968427519281e-05,1.2928968162467256,0.3007213352919755
learnable_seasonal_cdf_rz,3,21,5,6.8888821948474e-05,2.3527311842603776e-05,4.417906331869651e-05,1.669877530092225e-05,3.48582049438903e-05,1.1286744588040594,0.38547147722972575
learnable_seasonal_cdf_rz,3,22,5,9.217777357566583e-05,1.566875537504728e-05,5.2474805194334506e-05,1.597637765932415e-05,4.404813044276772e-05,1.5102406422642456,0.2567168880654561
learnable_seasonal_cdf_rz,3,23,5,0.0017061542829481398,0.0007477117190824992,0.0008144806229179201,0.0003863128401128208,0.0006576142476690999,27.953631771823257,12.250508805447504
learnable_seasonal_cdf_rz,3,24,5,0.12171678937362344,0.01216015941826733,0.07803086037221885,0.010561691068416569,0.08410851928357435,1994.2078770974472,199.23205190889166
learnable_seasonal_cdf_rz,3,25,5,0.0014959092799986,0.0007106946014289088,0.00066861349869342,0.0003129826813808899,0.00057900547524082,24.50897764349795,11.644020349811463
learnable_seasonal_cdf_rz,3,26,5,9.195509812396136e-05,3.170318516050189e-05,5.1302048076576755e-05,7.100136984027914e-06,4.3028364127782866e-05,1.506592327663305,0.5194249856703365
learnable_seasonal_cdf_rz,3,27,5,7.456722823449106e-05,2.836850124512366e-05,4.290593337692891e-05,1.3975914292314409e-05,3.506112821427017e-05,1.2217094673939843,0.46478952440028626
learnable_seasonal_cdf_rz,3,28,5,8.013519607439965e-05,2.82210448311346e-05,3.985656552981535e-05,1.1627216284446174e-05,3.5326179087450646e-05,1.312935052483255,0.4623735985139366
learnable_seasonal_cdf_rz,3,29,5,0.00013568059998401096,5.600878708100751e-05,5.737600868179928e-05,2.769240191212942e-05,5.119782208885301e-05,2.2229909501386955,0.9176479675355435
learnable_seasonal_cdf_rz,3,30,5,0.00035687429837101255,0.0003163490355912599,0.0001151946590485768,0.00014023099295991132,9.176843349836055e-05,5.847028504511303,5.183062599127108
learnable_seasonal_cdf_rz,3,31,5,0.00015843223290633212,9.21766772399785e-05,6.828365999420697e-05,4.0105172846081784e-05,5.4967344954480444e-05,2.5957537039381475,1.5102226799002276
learnable_seasonal_cdf_rz,3,32,5,8.589787623575024e-05,3.217680767752048e-05,4.6723534403984674e-05,1.81024426514927e-05,3.7693073082001076e-05,1.4073508042468346,0.5271848169891628
learnable_seasonal_cdf_rz,3,33,5,7.789109508700861e-05,2.0032989954561238e-05,4.3898858920375144e-05,1.1906242546961105e-05,3.386905351345776e-05,1.2761677019055626,0.32822050741555947
learnable_seasonal_cdf_rz,3,34,5,8.798737888188806e-05,1.6914022613647094e-05,4.7784281589689475e-05,8.189678532137326e-06,4.138283879025445e-05,1.441585215600956,0.27711934650213316
learnable_seasonal_cdf_rz,3,35,5,0.0011421697228133601,0.0004460985004764289,0.0004715596957296,0.0002582660336755757,0.0004049625254069,18.71330873857466,7.3088778318059955
learnable_seasonal_cdf_rz,3,36,5,0.051275671442606016,0.003137213009491153,0.042137690855442,0.002157122665117728,0.03585324837298718,840.1006009156575,51.40009794750336
learnable_seasonal_cdf_rz,3,37,5,0.0008670562268746001,8.123861911648603e-05,0.0004207591912600801,0.0001556846408749051,0.00038377697574706003,14.20584922111433,1.331013535604216
learnable_seasonal_cdf_rz,3,38,5,9.615156212056598e-05,2.85530167054335e-05,5.323426029142622e-05,7.46132532053113e-06,4.364127088304985e-05,1.5753471937835584,0.4678126257021671
learnable_seasonal_cdf_rz,3,39,5,8.050661955792622e-05,2.0920712551300325e-05,4.1849660341907117e-05,1.2331697931223946e-05,3.693706202529205e-05,1.3190204548373603,0.3427649544410496
learnable_seasonal_cdf_rz,3,40,5,8.100074716583398e-05,2.1846245529734762e-05,4.1914058033395444e-05,7.086939667641764e-06,3.461722613568202e-05,1.327116241565268,0.35792888675969087
learnable_seasonal_cdf_rz,4,1,5,0.00082534564096754,0.000604627437195126,0.00027041194228418,0.00015431868123825168,0.00023683027882524002,13.522462981613057,9.906215931005105
learnable_seasonal_cdf_rz,4,2,5,9.289329727072985e-05,3.461828987527319e-05,4.4058291940284715e-05,1.4143319255346987e-05,3.899747147835568e-05,1.52196378248367,0.5671860613165461
learnable_seasonal_cdf_rz,4,3,5,6.878141902461561e-05,1.6847365637596277e-05,3.9083956724179316e-05,8.367098311784823e-06,3.301861234325492e-05,1.1269147692993022,0.2760272386063774
learnable_seasonal_cdf_rz,4,4,5,7.818486109713782e-05,2.443907448049065e-05,4.625473734101721e-05,1.2971290522063688e-05,3.7177602393422965e-05,1.280980764215548,0.4004097962884451
learnable_seasonal_cdf_rz,4,5,5,0.00010754857708182655,2.546488676324514e-05,5.3208276013254945e-05,1.822729309208154e-05,5.1099379221557e-05,1.762075886909167,0.41721670472925787
learnable_seasonal_cdf_rz,4,6,5,0.0001714713030697573,8.01024875675863e-05,7.62179394079786e-05,3.6190888469996675e-05,6.671009213252575e-05,2.809385829495413,1.312399156307797
learnable_seasonal_cdf_rz,4,7,5,0.00012908265790668996,6.375095768500255e-05,6.000838323184087e-05,3.073572845918397e-05,5.4545723570524366e-05,2.1148902671438465,1.0444956907116403
learnable_seasonal_cdf_rz,4,8,5,7.621698995617918e-05,2.8579340562749034e-05,4.624985044723829e-05,1.5390937309446374e-05,3.59215803390795e-05,1.2487391634421978,0.4682439157803504
learnable_seasonal_cdf_rz,4,9,5,7.738144555289906e-05,2.7892586321456816e-05,3.939945637305019e-05,1.2500523282053668e-05,3.650279759962819e-05,1.2678176039388016,0.45699213429095387
learnable_seasonal_cdf_rz,4,10,5,8.009508964654558e-05,1.2125282733653945e-05,4.58897950258529e-05,6.680379591296934e-06,3.59091676315017e-05,1.3122779487690028,0.19866063230818629
learnable_seasonal_cdf_rz,4,11,5,0.00035232081185514,0.0001660017798008534,0.00012971666649900046,4.058059215041101e-05,0.00012019355568169734,5.772424181435435,2.719773160257371
learnable_seasonal_cdf_rz,4,12,5,0.02498778522927548,0.005271965990939135,0.01638541036677238,0.004440448457429505,0.01237090824944366,409.3998731964499,86.37589079554675
learnable_seasonal_cdf_rz,4,13,5,0.00031748341992228,0.00013139583800140394,0.00014669686216026,3.587677573659808e-05,0.0001298635662272832,5.201648352007437,2.1527894098146456
learnable_seasonal_cdf_rz,4,14,5,7.664643925914015e-05,1.3917408699324183e-05,4.194368386380047e-05,4.433956013494361e-06,3.577985601923303e-05,1.2557752608217523,0.22802282412972735
learnable_seasonal_cdf_rz,4,15,5,7.723614814600125e-05,2.0090572401830825e-05,4.456375389898991e-05,9.655785292371532e-06,3.912053631789985e-05,1.2654370512242463,0.32916393823185036
learnable_seasonal_cdf_rz,4,16,5,7.68475860855877e-05,1.394184833267142e-05,4.174319099018479e-05,6.183055748254948e-06,3.6524525757158205e-05,1.2590708504264203,0.22842324308281353
learnable_seasonal_cdf_rz,4,17,5,0.00010861145514488692,2.7009378840168388e-05,5.983648048352297e-05,1.4510853594270715e-05,5.288831337899506e-05,1.7794900810943843,0.44252166291776296
learnable_seasonal_cdf_rz,4,18,5,0.00015573762611443783,8.440579214251401e-05,8.514226030521681e-05,4.9309292571108655e-05,6.732428323044937e-05,2.55160526625954,1.382904498463529
learnable_seasonal_cdf_rz,4,19,5,0.00010309140315888463,4.139564641966022e-05,5.877875068675512e-05,2.3311483562402334e-05,5.102288008244246e-05,1.6890495493555195,0.6782262709400891
learnable_seasonal_cdf_rz,4,20,5,6.940677066323317e-05,2.027136699828085e-05,3.92874542164312e-05,6.673376098633049e-06,3.1371555941698935e-05,1.1371605305465633,0.33212607690015133
learnable_seasonal_cdf_rz,4,21,5,7.9540360815157e-05,2.5622162565835386e-05,4.650323362567607e-05,1.342815052741751e-05,4.063073106950306e-05,1.3031892715958557,0.4197935114792804
learnable_seasonal_cdf_rz,4,22,5,8.33723242989179e-05,2.9244800365958255e-05,4.4126511782021605e-05,1.1018956237791483e-05,3.873639555328893e-05,1.3659721613135831,0.4791468091960824
learnable_seasonal_cdf_rz,4,23,5,0.00041170226014870006,0.00016689538553928357,0.00018530680960174,5.649414836714021e-05,0.00015974636044055343,6.745329830276974,2.734413996676123
learnable_seasonal_cdf_rz,4,24,5,0.06044604346185785,0.013732094336699642,0.0326260489493133,0.013278907641892601,0.03158673972574656,990.3479760790794,224.98663361248663
learnable_seasonal_cdf_rz,4,25,5,0.00053411750646552,0.00029830545956548984,0.00018093299675292252,7.717602426846538e-05,0.00016654347216320963,8.750981225931698,4.887436649520825
learnable_seasonal_cdf_rz,4,26,5,8.37075614126041e-05,2.567432892124739e-05,4.566821337636301e-05,3.884401914401745e-06,3.8156823246128445e-05,1.3714646861842419,0.42064820504595357
learnable_seasonal_cdf_rz,4,27,5,7.006888652415623e-05,1.683291461820975e-05,4.414895926180703e-05,9.597440238634865e-06,3.691693001430019e-05,1.1480086368117755,0.2757904731047485
learnable_seasonal_cdf_rz,4,28,5,7.649131132145387e-05,1.4625730767276416e-05,4.5155677680293735e-05,7.330176368288073e-06,3.616834753109318e-05,1.253233644690857,0.23962797289137422
learnable_seasonal_cdf_rz,4,29,5,0.00010587722894076076,4.269532752945435e-05,5.486092167753883e-05,2.4616853097928836e-05,5.056981527274034e-05,1.7346925189658715,0.6995202462432492
learnable_seasonal_cdf_rz,4,30,5,0.00019220861335895727,0.00012682595928797258,8.158918540486604e-05,4.942302863013323e-05,7.561274102959648e-05,3.149145921273552,2.0779165169745966
learnable_seasonal_cdf_rz,4,31,5,0.00011129451367933413,5.194281215664155e-05,6.416677863485673e-05,3.576170530207854e-05,5.0578059869909136e-05,1.8234493121225483,0.8510310343749878
learnable_seasonal_cdf_rz,4,32,5,7.264464781671995e-05,7.3583257974198656e-06,4.497937811515555e-05,5.99210955369331e-06,3.736101353005572e-05,1.1902099098291394,0.12055880986492712
learnable_seasonal_cdf_rz,4,33,5,7.661611516295835e-05,1.8910407293425674e-05,4.447446304458226e-05,9.359955431911138e-06,3.6278755801602646e-05,1.2552784308299094,0.30982811309548625
learnable_seasonal_cdf_rz,4,34,5,8.50059961280929e-05,2.10620804962469e-05,4.26807585876842e-05,7.974995272519856e-06,3.983211647575879e-05,1.392738240562998,0.3450811268509339
learnable_seasonal_cdf_rz,4,35,5,0.00032117082586556,0.00013290181820642573,0.00014314990033380878,4.1359766723732255e-05,0.00013913539452239484,5.2620628109824334,2.1774633894938002
learnable_seasonal_cdf_rz,4,36,5,0.01813383249274192,0.0033193545373536035,0.012401194278461,0.0036171029454118045,0.010031862938655938,297.1047115610842,54.38430474000154
learnable_seasonal_cdf_rz,4,37,5,0.00026164931786669995,9.798383307773027e-05,0.00013578348873718703,5.031294486178313e-05,0.00012157045262385535,4.286862423928986,1.6053671211456362
learnable_seasonal_cdf_rz,4,38,5,7.209466806579614e-05,1.831101021800508e-05,4.1938738854087596e-05,1.3387524222541106e-05,3.714021477646873e-05,1.1811990415900797,0.30000759141194916
learnable_seasonal_cdf_rz,4,39,5,6.897612145012375e-05,1.6654900155554875e-05,4.458354235157516e-05,1.3572422116962955e-05,3.5707550278105874e-05,1.1301047738388275,0.2728738841486111
learnable_seasonal_cdf_rz,4,40,5,7.402161387757952e-05,1.4109054593251659e-05,4.504216622818651e-05,8.257581490371785e-06,3.715101866561937e-05,1.2127701217702627,0.2311627504558352
learnable_seasonal_cdf_rz,5,1,5,0.0005079598887937999,0.00036765834914276877,0.00018598273970945619,0.00010882585291923768,0.0001672207839232124,8.322414817998633,6.023714392355386
learnable_seasonal_cdf_rz,5,2,5,6.598716228205858e-05,1.3812749176071895e-05,3.8497848196614725e-05,9.256622233327582e-06,3.4727791587231854e-05,1.081133666829248,0.22630808250076198
learnable_seasonal_cdf_rz,5,3,5,5.894854973848699e-05,5.7356893850486814e-06,3.856082904731292e-05,2.5639764500252753e-06,2.9520696690689804e-05,0.9658130389153706,0.09397353488463751
learnable_seasonal_cdf_rz,5,4,5,5.828387205492821e-05,1.4594604728801397e-05,3.914436197300173e-05,9.760107470661364e-06,3.2985135757519786e-05,0.9549229597479438,0.23911800387668208
learnable_seasonal_cdf_rz,5,5,5,9.165111376321492e-05,2.16653572136042e-05,5.380800403271957e-05,1.2471386727650623e-05,4.8540493302819796e-05,1.501611847896644,0.3549652125879469
learnable_seasonal_cdf_rz,5,6,5,0.00020046145292346003,8.091507984612718e-05,0.00011058538977441869,5.81355680512889e-05,8.665060845433232e-05,3.2843604446991512,1.3257126681985978
learnable_seasonal_cdf_rz,5,7,5,9.355744193194267e-05,3.123596747064663e-05,5.2308487082864495e-05,1.5553354045382013e-05,4.427248426905758e-05,1.5328451286131102,0.5117700910394322
learnable_seasonal_cdf_rz,5,8,5,6.489923929402797e-05,1.0152775809657326e-05,4.2146010409143605e-05,4.878304423915755e-06,3.441618543918372e-05,1.0633091365933542,0.1663430788654256
learnable_seasonal_cdf_rz,5,9,5,6.233874121016875e-05,8.67348808505825e-06,4.4115850828257234e-05,9.763090124223283e-06,3.533288390790213e-05,1.0213579359874048,0.14210642878559437
learnable_seasonal_cdf_rz,5,10,5,6.778033388088466e-05,1.1437329465188137e-05,4.288452047005668e-05,5.8233762034580815e-06,3.468580270395894e-05,1.1105129903044142,0.18738920595764244
learnable_seasonal_cdf_rz,5,11,5,0.00025014041061888,0.00016068776458476585,0.00012236231064300854,7.642305484871244e-05,0.0001104137041372273,4.09830048758022,2.632708334956723
learnable_seasonal_cdf_rz,5,12,5,0.01614487144174904,0.007656667786910753,0.009561951764918478,0.006110864903232759,0.008389945006048439,264.51757370161704,125.44684502074603
learnable_seasonal_cdf_rz,5,13,5,0.00025804247017702003,0.0001403136891855607,0.00013365937068572382,6.826460291962577e-05,0.00011521197917187912,4.227767831381149,2.298899483616369
learnable_seasonal_cdf_rz,5,14,5,6.275981940631759e-05,1.1059375847391967e-05,3.96590541587739e-05,5.972661045724159e-06,3.4678952039632035e-05,1.0282568811531074,0.18119681388366998
learnable_seasonal_cdf_rz,5,15,5,6.638992298745937e-05,9.239073721922502e-06,3.998375733029098e-05,4.988048639812813e-06,3.671017714658528e-05,1.0877324982265344,0.15137298385997824
learnable_seasonal_cdf_rz,5,16,5,6.973868927101386e-05,1.1903437892144883e-05,3.7843613341953225e-05,6.603479690708349e-06,3.3371891779588796e-05,1.1425986850162912,0.19502592642490182
learnable_seasonal_cdf_rz,5,17,5,9.430257818431766e-05,4.000244497521233e-05,6.392704167597165e-05,2.230461122593383e-05,4.786135675651366e-05,1.5450534409719503,0.6554000584740782
learnable_seasonal_cdf_rz,5,18,5,0.00019150672317646,7.333125138095167e-05,9.733114823327915e-05,3.3853089241511055e-05,8.490596430618079e-05,3.1376461525242076,1.2014592226252678
learnable_seasonal_cdf_rz,5,19,5,8.735028206300637e-05,2.8911443671329725e-05,5.395918712835031e-05,1.5026132384418504e-05,4.2068418749833194e-05,1.431147021320544,0.4736850931116188
learnable_seasonal_cdf_rz,5,20,5,5.843061111270057e-05,8.587762127612275e-06,4.059448839310286e-05,7.523686324111784e-06,3.224461353062667e-05,0.9573271324704862,0.1407018946987994
learnable_seasonal_cdf_rz,5,21,5,7.030832979188768e-05,1.3033119392236976e-05,4.2556479348096254e-05,1.1597260116535684e-05,3.947792593922842e-05,1.1519316753102877,0.2135346281224106
learnable_seasonal_cdf_rz,5,22,5,6.713782820431359e-05,1.0321892808121033e-05,4.170677985996529e-05,5.590229674578873e-06,3.643352655113808e-05,1.099986177299474,0.169113891768255
learnable_seasonal_cdf_rz,5,23,5,0.00026499955131803997,0.00016263938814051494,0.00013389226039360057,7.775536381734949e-05,0.0001208916263195877,4.34175264879601,2.6646837352939463
learnable_seasonal_cdf_rz,5,24,5,0.0492633887877355,0.01447546219961188,0.02335630958612998,0.011185074150305308,0.02245460210546702,807.1313618982592,237.1659726784405
learnable_seasonal_cdf_rz,5,25,5,0.00031571616664622,0.00020752981650763974,0.00012974503075107374,8.75093387647096e-05,0.00012143752026626256,5.172693674332601,3.400168513661123
learnable_seasonal_cdf_rz,5,26,5,6.826191386188016e-05,1.5950981618845275e-05,4.34789843626095e-05,1.012749390528519e-05,3.719554451883025e-05,1.1184031967130446,0.261340882843161
learnable_seasonal_cdf_rz,5,27,5,6.087942096437706e-05,1.4081096779979182e-05,3.6421628893651385e-05,8.622357532469183e-06,2.963167116788778e-05,0.9974484330803538,0.23070468964317892
learnable_seasonal_cdf_rz,5,28,5,6.336922035820374e-05,9.718768562141996e-06,4.100272084145265e-05,7.4623445252604145e-06,3.350581609294785e-05,1.03824130634881,0.15923230412213443
learnable_seasonal_cdf_rz,5,29,5,0.00010116436222816779,3.938748815029416e-05,6.253545946563611e-05,9.988343151572134e-06,5.3066999268292606e-05,1.6574769107463279,0.6453246058544772
learnable_seasonal_cdf_rz,5,30,5,0.00019085698263615999,6.691765910568237e-05,0.00010617017151155815,4.5378727946537655e-05,8.247401560967707e-05,3.1270008035112378,1.0963789267877286
learnable_seasonal_cdf_rz,5,31,5,0.00010256338118266117,3.1314322363899137e-05,6.516563016644775e-05,2.517240132926052e-05,5.9433725752484475e-05,1.6803984372967833,0.5130538576102457
learnable_seasonal_cdf_rz,5,32,5,6.819152591871809e-05,1.1236401067423324e-05,4.501003767727692e-05,9.029694023352695e-06,3.554833110755717e-05,1.1172499606522772,0.18409719508866373
learnable_seasonal_cdf_rz,5,33,5,6.060130000516957e-05,1.1953468101691956e-05,3.8213769809659704e-05,5.307292217366358e-06,3.1089759036354305e-05,0.9928916992846984,0.19584562137812103
learnable_seasonal_cdf_rz,5,34,5,5.977066020152175e-05,1.231316813603369e-05,3.717460694766988e-05,7.841988673012065e-06,3.131093158817133e-05,0.9792824967417324,0.20173894674077597
learnable_seasonal_cdf_rz,5,35,5,0.00024232415625011997,0.00014604620099715652,0.0001311422529372593,8.03245220844179e-05,0.00010726503451587513,3.9702389760026024,2.392820957137873
learnable_seasonal_cdf_rz,5,36,5,0.01292820994707014,0.008346765835085125,0.008546799919414,0.006677195259947636,0.00700046630264356,211.81579177279792,136.753411442035
learnable_seasonal_cdf_rz,5,37,5,0.00016717649792179817,0.00010079196854487195,0.00010010789236923929,4.541369364811884e-05,7.47842158608192e-05,2.739019741951208,1.6513756126390906
learnable_seasonal_cdf_rz,5,38,5,6.455076472425715e-05,1.7044979325330938e-05,3.549744906168566e-05,9.274954975783139e-06,3.158377118998565e-05,1.0575997292422292,0.2792649412662221
learnable_seasonal_cdf_rz,5,39,5,6.562085130610612e-05,1.853455845940353e-05,4.060555154910559e-05,6.797222944068328e-06,3.1205534625473656e-05,1.0751320277992427,0.3036702057988675
learnable_seasonal_cdf_rz,5,40,5,6.176924023734105e-05,1.3433378659382966e-05,3.6447324042948594e-05,5.472529540151468e-06,3.2889021695896974e-05,1.0120272320485957,0.2200924759553305
learnable_seasonal_cdf_rz,6,1,5,0.0002639309549892,0.00014984000504219847,0.00014545063321601262,7.695874610358627e-05,0.00012726737053165375,4.324244766543754,2.454978642611202
learnable_seasonal_cdf_rz,6,2,5,6.705277535127074e-05,7.462705273685233e-06,4.657183583116073e-05,5.8947033909195935e-06,3.8418602591437324e-05,1.0985926713552199,0.12226896320405886
learnable_seasonal_cdf_rz,6,3,5,7.001061575024935e-05,1.1041684979357143e-05,4.7091397985341365e-05,3.947788552009707e-06,4.0066496089607726e-05,1.1470539284520853,0.18090696670178744
learnable_seasonal_cdf_rz,6,4,5,6.284557336103183e-05,1.0423034486382462e-05,4.39559919907356e-05,1.1467496182525479e-05,3.522583240746998e-05,1.0296618739471455,0.17077099702489026
learnable_seasonal_cdf_rz,6,5,5,9.223270569329088e-05,3.1401102228392906e-05,5.70486252503768e-05,1.9420583685665956e-05,4.8228923685724296e-05,1.5111406500791673,0.5144756589102937
learnable_seasonal_cdf_rz,6,6,5,0.00014815381621385325,7.34100974660919e-05,9.037648500195315e-05,4.91128462779674e-05,7.398242221175912e-05,2.427352124848233,1.202751036884608
learnable_seasonal_cdf_rz,6,7,5,8.480420830129602e-05,2.18569348318157e-05,5.330834928767771e-05,1.2678669405315404e-05,4.4748220190122767e-05,1.3894321488087384,0.3581040202849263
learnable_seasonal_cdf_rz,6,8,5,6.059066616878176e-05,5.725049982293427e-06,4.34116985269234e-05,6.173414852270796e-06,3.4474092018812325e-05,0.9927174745093204,0.09379921890989547
learnable_seasonal_cdf_rz,6,9,5,6.48904722368867e-05,7.342379656760686e-06,4.0683686848323764e-05,7.63759900328634e-06,3.8197008409192485e-05,1.0631654971291518,0.12029754829636707
learnable_seasonal_cdf_rz,6,10,5,6.333086425330151e-05,4.3815420325911345e-06,4.297412327735575e-05,3.9203579308287915e-06,3.395277282515693e-05,1.0376128799260922,0.0717871846619731
learnable_seasonal_cdf_rz,6,11,5,0.000130177022216255,2.6775712163235793e-05,7.769430100861084e-05,1.7231261187508966e-05,6.381979030314562e-05,2.132820331991615,0.43869326808304243
learnable_seasonal_cdf_rz,6,12,5,0.01204690065218026,0.004911997876858312,0.006251421511091019,0.004128843501634417,0.00495727736380496,197.3764202853225,80.47817321444677
learnable_seasonal_cdf_rz,6,13,5,0.0001535846266804702,5.388144278834394e-05,7.713700374950199e-05,2.1186766906319208e-05,6.9438306673379e-05,2.5163305235335516,0.8827935586444461
learnable_seasonal_cdf_rz,6,14,5,6.579823999826336e-05,5.925956776758499e-06,4.45565176573965e-05,5.034679551799443e-06,3.403832093757223e-05,1.078038364131547,0.09709087583041127
learnable_seasonal_cdf_rz,6,15,5,6.726067629095698e-05,1.1659763129132287e-05,4.458766012220769e-05,9.438237490588913e-06,3.826222268213919e-05,1.1019989203510392,0.1910335591077034
learnable_seasonal_cdf_rz,6,16,5,5.511950429727023e-05,1.0562805739437774e-05,3.3912890897237164e-05,4.507781094416641e-06,3.0818712509285976e-05,0.9030779584064754,0.1730610092349485
learnable_seasonal_cdf_rz,6,17,5,9.05118237096846e-05,2.5070755465937826e-05,5.9832107305261884e-05,1.611136584070646e-05,5.050654541791009e-05,1.48294571965964,0.41075925755418785
learnable_seasonal_cdf_rz,6,18,5,0.0001401818227687646,7.192320568979906e-05,8.648308371236106e-05,5.6841539257863075e-05,6.96769153685899e-05,2.296738984243719,1.1783898020220427
learnable_seasonal_cdf_rz,6,19,5,9.514464697992071e-05,2.541719130460688e-05,5.375653674231176e-05,1.3625723577189269e-05,4.769567381932867e-05,1.558849896119452,0.4164352623351814
learnable_seasonal_cdf_rz,6,20,5,6.177443143096965e-05,1.3363792286941918e-05,4.4088090518816884e-05,1.0857949293494911e-05,3.375254339694172e-05,1.0121122845650068,0.21895237282925645
learnable_seasonal_cdf_rz,6,21,5,6.673305416867578e-05,1.1557429112873281e-05,4.922409062929342e-05,1.5016483361918399e-05,3.934275358166257e-05,1.093354359499584,0.18935691858531578
learnable_seasonal_cdf_rz,6,22,5,6.93256810080336e-05,8.494790679726081e-06,4.8420272102914914e-05,3.2923713221423786e-06,3.7684417741513595e-05,1.1358319576356226,0.1391786504966321
learnable_seasonal_cdf_rz,6,23,5,0.00020592588555004,0.00010745524744567935,0.00011757110652276212,4.7750400279606067e-05,9.214933749920366e-05,3.373889708852757,1.7605467741500838
learnable_seasonal_cdf_rz,6,24,5,0.03585080717217022,0.011303896023587563,0.014147475199489659,0.007894098660883175,0.01416580943753816,587.3796247088378,185.20303245045895
learnable_seasonal_cdf_rz,6,25,5,0.00019756129130801998,0.00010060235866813958,0.00010606871375264682,4.8353592959199864e-05,8.479515730199008e-05,3.2368441967912873,1.648269044419009
learnable_seasonal_cdf_rz,6,26,5,6.230998109769533e-05,4.2502867310002245e-06,4.060411049001811e-05,4.5941481174525025e-06,3.267041617682861e-05,1.0208867303046403,0.06963669780070762
learnable_seasonal_cdf_rz,6,27,5,6.749875519516394e-05,1.2462419125777955e-05,4.407483931696541e-05,1.0414067179302696e-05,3.919664950898978e-05,1.105899605117566,0.20418427495674588
learnable_seasonal_cdf_rz,6,28,5,6.405793720372462e-05,7.806790326768495e-06,4.156451525913716e-05,1.0357087161504701e-05,3.485915578390964e-05,1.0495252431458242,0.12790645271377502
learnable_seasonal_cdf_rz,6,29,5,9.210127043963495e-05,2.218012536636079e-05,6.270663650815367e-05,1.4044228068508154e-05,4.8722174088946145e-05,1.5089872148831267,0.3633991740027443
learnable_seasonal_cdf_rz,6,30,5,0.00014039627475350225,7.202319364715403e-05,7.907043171082231e-05,3.7641879302042725e-05,6.878925781758183e-05,2.3002525655621495,1.1800280047154885
learnable_seasonal_cdf_rz,6,31,5,8.689002101461225e-05,2.9177992552974583e-05,5.6017126521798466e-05,1.555418958372548e-05,4.948680054963473e-05,1.423606104303462,0.4780522299880413
learnable_seasonal_cdf_rz,6,32,5,6.530888911366204e-05,6.23885094128252e-06,4.744657348392746e-05,5.964666260717776e-06,3.7954523499481106e-05,1.0700208392382389,0.10221733382197284
learnable_seasonal_cdf_rz,6,33,5,6.899873548436042e-05,9.755509164890638e-06,4.943561853255455e-05,6.88197004919063e-06,4.1816396543789064e-05,1.130475282175761,0.1598342621575682
learnable_seasonal_cdf_rz,6,34,5,7.045909175332911e-05,1.166276728598506e-05,4.3149896092751105e-05,6.308944879271873e-06,3.887986366678792e-05,1.154401759286544,0.19108277921357922
learnable_seasonal_cdf_rz,6,35,5,0.00011953018684988153,3.234706342698997e-05,7.976566058832724e-05,2.508967635151771e-05,6.505818103896625e-05,1.9583825813488602,0.5299742871882692
learnable_seasonal_cdf_rz,6,36,5,0.0071683946133610996,0.0030916843392862063,0.00391082177154576,0.0023197653839481425,0.0032998803181531,117.44697734530878,50.654156214865495
learnable_seasonal_cdf_rz,6,37,5,0.00011497346301015607,2.7001691731664188e-05,6.607712958438622e-05,1.7814320238588474e-05,5.6596921251366505e-05,1.8837252179594137,0.44239571733217575
learnable_seasonal_cdf_rz,6,38,5,5.852762299439438e-05,8.209535400909553e-06,4.0092074886873004e-05,8.64105286444282e-06,3.375572856907635e-05,0.9589165751401575,0.13450502800850228
learnable_seasonal_cdf_rz,6,39,5,6.702390530451051e-05,1.6070127296572247e-05,4.3926412384013364e-05,1.0123267205073051e-05,3.749889455633714e-05,1.0981196645091003,0.2632929656270397
learnable_seasonal_cdf_rz,6,40,5,6.486229628917348e-05,7.463588473543925e-06,4.361065250368668e-05,5.795850042214942e-06,3.5047716730742876e-05,1.0627038624018184,0.12228343355054366
ry,1,1,5,0.02276133469754016,5.447142205387689e-17,0.00316980798063114,5.48546300619637e-17,0.0023243590489581,372.9217076844987,6.12222357532858e-13
ry,1,2,5,0.0028850203155557,0.0,1.979872603495315e-05,1.1113898610861006e-19,2.9959624596981685e-05,47.26817285006522,1.4553122545822846e-13
ry,1,3,5,0.0001499338208918,0.0,2.5621832817701702e-06,2.769826878410031e-20,3.697776974562477e-07,2.456515721491582,7.354337211075899e-15
ry,1,4,5,1.0739448539134054e-05,1.979231639548366e-20,3.93833550511973e-08,1.6599765234375222e-22,1.5705745899096903e-08,0.17595512486517229,3.194906681775283e-16
ry,1,5,5,1.9821213384258527e-05,1.275283983970992e-19,1.391023605079703e-10,1.4403355714605837e-24,3.760255436475863e-10,0.32475076008769166,2.079261296509043e-15
ry,1,6,5,0.00011095808664080001,0.0,8.830694595812925e-12,8.370004410352827e-25,2.5739680249297738e-11,1.8179372915229013,4.9663094184515624e-15
ry,1,7,5,0.00021168149864219998,0.0,1.7161180130534221e-09,3.957372555410245e-23,4.807401655473413e-10,3.468189673754676,1.4212589332811784e-14
ry,1,8,5,9.061399607038544e-06,2.0486993826195418e-20,1.4182933736075612e-08,1.7838356559821367e-22,6.054521484727076e-09,0.1484619711617194,3.2487068343022356e-16
ry,1,9,5,6.405702644597024e-05,2.290938367880986e-19,1.134993863446284e-06,5.278050158039175e-21,4.014145466502844e-07,1.0495103212907764,3.73701795724087e-15
ry,1,10,5,0.0010727912744601,0.0,1.2207228746887233e-05,1.2101608065850034e-19,1.4203696663510272e-05,17.576612240755406,1.6758116906701664e-14
ry,1,11,5,0.0083437243212723,0.0,9.700476158546141e-05,3.2092601786266433e-19,0.0001429596189281,136.70357927972586,2.1316282072803006e-13
ry,1,12,5,0.0055234276221065,0.0,0.0011050554671106,0.0,0.0008110012090788001,90.49583816059373,3.685244814701588e-13
ry,1,13,5,0.00654357322192492,4.441789862679376e-17,0.0001063876333171,0.0,7.898580128120926e-05,107.20990366801894,2.999466761253506e-13
ry,1,14,5,0.0025147822372021,0.0,3.823661624254666e-06,1.5698699421217485e-20,2.8214113755657994e-06,41.20219217432001,2.0822054497802758e-13
ry,1,15,5,5.354914872723412e-05,1.2522344416672541e-19,2.69283760667072e-07,2.3458258821582553e-21,4.1102465699853753e-07,0.8773492527470038,2.0282471154203906e-15
ry,1,16,5,9.319743644913126e-06,1.9222236578326876e-20,1.7318808863939592e-08,1.1430666391511768e-22,1.7412410971980613e-08,0.15269467987825663,3.1707024946691817e-16
ry,1,17,5,8.210132644551671e-07,1.9080286712510046e-21,2.610163454682757e-10,3.1668409153987262e-24,2.3089512553063065e-10,0.01345148132483342,4.467544480078714e-17
ry,1,18,5,4.957376296553818e-06,3.777852406753034e-20,1.3800009454795326e-10,7.2031274412344495e-25,2.1673390608860888e-10,0.08122165324273765,6.195076187326242e-16
ry,1,19,5,1.0812435730036307e-06,8.44514574417019e-21,2.5701417989634763e-10,8.804821224680214e-24,9.882337662741029e-11,0.017715094700091437,1.498303070619016e-16
ry,1,20,5,2.8587641455471e-07,7.359360410127648e-22,4.92719876197431e-11,1.2637452201225873e-23,5.505103162957545e-11,0.0046837991760643,0.0
ry,1,21,5,1.4517469727131215e-05,6.079785128077428e-20,1.5139245937392228e-07,3.771386293553729e-21,4.6884981825622876e-08,0.23785422400931777,1.0033362257644284e-15
ry,1,22,5,0.0007544702076434,0.0,1.1768995371204271e-05,5.580783776872765e-20,9.015888612893127e-06,12.361239882030777,3.298240725447091e-14
ry,1,23,5,0.00847936656724932,4.480156374409349e-17,0.0005533074914982,0.0,0.0002994971701615,138.92594183781398,3.221823603995129e-13
ry,1,24,5,0.022351162899506078,8.407594631646305e-17,0.0035188448700135396,5.464508019489806e-17,0.0025463692739438,366.20145294550844,1.004859173557616e-12
ry,1,25,5,0.01931711166544526,5.5266667360866185e-17,0.00021347444623569999,0.0,0.0001823411447984,316.4915575266558,5.540411134921307e-13
ry,1,26,5,0.0014156730794629,0.0,3.826395843953565e-06,6.150474152790279e-20,1.9463847250395006e-06,23.194387733921296,2.5741856195419356e-14
ry,1,27,5,0.00023978201256820002,0.0,2.964646939635014e-06,1.0319819925206355e-20,1.3851548078844115e-07,3.928588493918002,2.364123413337567e-14
ry,1,28,5,1.146854193702432e-06,3.603002771787042e-21,4.002443941090642e-09,3.913738000793563e-22,2.853038076104622e-09,0.0187900591096206,6.992893892674703e-17
ry,1,29,5,9.840684227398833e-08,6.387805543225175e-22,9.197868965249117e-10,3.0663962969753833e-24,1.6285867945415168e-11,0.0016122977038170003,0.0
ry,1,30,5,5.9032719726365464e-08,4.280290020153042e-22,1.3390377726218872e-11,5.806479495996993e-25,2.4430875523895433e-11,0.0009671920799967,0.0
ry,1,31,5,1.2011235318111957e-07,7.117368859722119e-22,1.0567981790229019e-09,7.408636587554645e-24,8.049940874044968e-10,0.0019679207945194,0.0
ry,1,32,5,1.8806429029171116e-07,7.757948765153769e-22,1.2712499533404867e-09,7.176581406127111e-23,1.3154943313799263e-09,0.00308124533213932,4.4731191177920414e-17
ry,1,33,5,7.089731278011328e-06,5.10473525609605e-20,5.341088918811459e-08,1.1174717185082159e-21,3.944595761777463e-08,0.11615815725893755,8.289582644243109e-16
ry,1,34,5,0.0009344262893170999,0.0,1.5828229490605536e-06,8.698212844362083e-21,9.373271286017327e-07,15.309640324172017,5.689890293342247e-14
ry,1,35,5,0.006389004844170901,0.0,0.000360860438011,0.0,0.0003956535842703,104.67745536689738,8.28628102289784e-14
ry,1,36,5,0.0016935913506744,0.0,0.00012086725154429999,0.0,0.0001746102083479,27.747800689450322,7.184918763469982e-14
ry,1,37,5,0.0008725459258446999,0.0,3.036097135566655e-05,1.408419936316087e-19,2.5627352675952932e-05,14.295792449041008,8.590113449447186e-14
ry,1,38,5,0.0001246609174852,0.0,3.7474438548311925e-06,3.383430140942686e-20,1.545239850266131e-06,2.0424444720775403,2.6272671962866384e-15
ry,1,39,5,4.055917916249715e-06,8.39588696621123e-21,3.728558515954695e-08,4.336320302763466e-22,2.7084869032805813e-08,0.06645215913983529,1.4735962853836897e-16
ry,1,40,5,1.870755217134625e-08,1.240108997780124e-22,7.668648847195413e-12,1.514887562940036e-25,9.753653558635571e-12,0.0003065045347753,0.0
ry,2,1,5,0.00559948157810454,0.0006199424272673861,0.0007972035945243599,0.00016234907129767734,0.00075035938311194,91.74190617566543,10.157136728349037
ry,2,2,5,0.0009296936365554599,0.00020955596142036885,0.00012003870683549487,4.0431111700393475e-05,0.000114126098543831,15.232100541324991,3.433364871911516
ry,2,3,5,0.0002731785044313,0.00013720703582409855,3.341802864839508e-05,2.1231828056870817e-05,2.8666255307379773e-05,4.475756616603542,2.2480000749419835
ry,2,4,5,5.397765028223139e-05,2.014417412814346e-05,9.3234917812862e-06,6.061138560926919e-06,7.2102694394445365e-06,0.8843698222240791,0.33004214891550243
ry,2,5,5,3.9581608952649474e-05,8.420369432353597e-06,5.6003806563863045e-06,3.210339732776526e-06,4.253587069816297e-06,0.648505081080209,0.13795933277968134
ry,2,6,5,3.51736883862253e-05,2.1249174904363436e-05,2.246782423036041e-06,1.6912424873607086e-06,2.54688903197513e-06,0.5762857105199153,0.3481464816330906
ry,2,7,5,4.443332926211795e-05,2.508252734788873e-05,6.302598579627301e-06,4.713767291388614e-06,5.166552922150287e-06,0.7279956666305405,0.41095212806780895
ry,2,8,5,5.3645278387386215e-05,2.012726990439108e-05,6.9527448890674425e-06,2.8477544175963305e-06,7.259959393655035e-06,0.8789242410989357,0.3297651901135435
ry,2,9,5,0.00015251148425748503,9.137072105285936e-05,2.6173536739065308e-05,1.0334109677574424e-05,2.4760626141971486e-05,2.49874815807509,1.4970178937305885
ry,2,10,5,0.0005237172600312,7.99602304969741e-05,0.00010339859644377088,4.7060674470845284e-05,8.271350157234219e-05,8.580583588352123,1.3100684164625715
ry,2,11,5,0.00136155975380066,0.0003774868380744224,0.00016986274066280857,6.746313945676219e-05,0.00016232438066597974,22.307795006270503,6.184744355011517
ry,2,12,5,0.0019018576293303598,0.0003582941935895708,0.000226767840779,4.922545266999827e-05,0.00019870082340368002,31.160035398949493,5.870292067771103
ry,2,13,5,0.00118319936478782,0.00024096437105469376,0.00020095504907518,8.268020953464671e-05,0.00016186454867821807,19.3855383926845,3.947960255359797
ry,2,14,5,0.0006642163018068801,0.00016860106234449916,8.487720333798929e-05,4.4874153489881217e-05,6.55594873366064e-05,10.882519888804634,2.7623598054521015
ry,2,15,5,0.00047489414737282,0.00015232925516770355,4.491550335073084e-05,2.0744460159193867e-05,4.3350496976948963e-05,7.780665710557396,2.495762516667827
ry,2,16,5,0.00019380469190964,7.45376432098202e-05,6.5908852950732866e-06,3.0220766500011817e-06,6.3799300282370496e-06,3.175296072248322,1.221224746349677
ry,2,17,5,5.252886373247902e-05,2.512111047549925e-05,3.37692967228392e-06,2.3845853754242305e-06,2.906757493828264e-06,0.8606329033929363,0.4115842740305796
ry,2,18,5,1.7149898104566656e-05,1.0797655744079442e-05,2.1302032733947244e-06,1.1276189131415497e-06,2.0180491888036993e-06,0.2809839305452201,0.1769087917109976
ry,2,19,5,3.1547772011859986e-05,1.8138796531151138e-05,3.609345379269011e-06,2.1558994216331613e-06,2.693354616799974e-06,0.516878696642314,0.29718604236638024
ry,2,20,5,4.4894942326690895e-05,5.933062335368626e-06,3.932346338004099e-06,2.612670676065487e-06,3.407325832021426e-06,0.7355587350805036,0.09720729330267956
ry,2,21,5,0.00019750319819644,8.206911988570479e-05,8.942731443238534e-06,5.45739118804139e-06,8.109095614121726e-06,3.23589239925087,1.3446204602073504
ry,2,22,5,0.0004550519676198,9.12618999559533e-05,6.492396590980874e-05,3.423536809880801e-05,5.454520513966837e-05,7.455571437483954,1.4952349688788906
ry,2,23,5,0.0029460805233245,0.0005028947253378675,0.0003101121004613,8.042757916305586e-05,0.000258441975973,48.26858329414895,8.239427179935252
ry,2,24,5,0.0031066257531686,0.0005028641191769078,0.00069049075425172,0.00018148355584427157,0.00053214195469612,50.89895633991488,8.238925728594488
ry,2,25,5,0.00443106316236728,0.0013041030961088954,0.0003141610369552414,0.00015079689238421201,0.00028835727235046,72.59853885222658,21.366425126647897
ry,2,26,5,0.0007646487825869,0.0001331852754824028,8.298001051782177e-05,2.7952754325478985e-05,5.2945360807266824e-05,12.528005653904422,2.1821075535036862
ry,2,27,5,0.0005654232988004,0.00023372155069356933,4.4695665918147025e-05,2.3135407924724562e-05,3.0003977222454775e-05,9.263895327547042,3.8292938865635344
ry,2,28,5,0.00014191595348162002,3.9096586943805516e-05,1.8820024494617292e-05,6.425090359130124e-06,1.7073654700890205e-05,2.3251509818436227,0.6405584804873105
ry,2,29,5,1.9845504638523938e-05,8.651395844259835e-06,3.09116446539935e-06,1.41575949451213e-06,3.0285739732438646e-06,0.3251487479975762,0.14174446951235314
ry,2,30,5,2.0468414933401133e-05,1.014781455607064e-05,2.7748116093582676e-06,1.4400765617373083e-06,2.6290017168391374e-06,0.3353545102688441,0.16626179368666136
ry,2,31,5,2.470525149958005e-05,8.842790442430311e-06,5.992289902006003e-06,3.405463233893711e-06,4.9083254994729005e-06,0.40477084056911955,0.1448802786087782
ry,2,32,5,3.078234322826142e-05,1.2704419005177169e-05,1.013087551305844e-05,7.959135571059746e-06,6.048825431433641e-06,0.5043379114518352,0.20814920098082276
ry,2,33,5,0.00015627804728323596,6.213167573551585e-05,2.260556019326244e-05,1.4740948861200086e-05,2.0001050416957037e-05,2.5604595266890953,1.0179653752507187
ry,2,34,5,0.00046923536468336004,0.00017199759190684178,5.807635958945506e-05,2.545720533316925e-05,6.111319486923206e-05,7.687952214972654,2.8180085458015127
ry,2,35,5,0.00088340123616754,0.00017750457714300766,0.00021843302422562,6.424487717508847e-05,0.00015626691246124,14.47364585336959,2.9082349919109207
ry,2,36,5,0.00145759184576744,0.0002655434903032238,0.00026242112716972,5.535354663422328e-05,0.00021885834124376003,23.881184801054562,4.350664545127633
ry,2,37,5,0.0008517943410219799,0.00010234004071927489,0.00021552394486498003,2.750338799595351e-05,0.00015397952814359892,13.95579848330473,1.6767392271442756
ry,2,38,5,0.00026070941231491997,9.808506404609908e-05,5.6980457384344564e-05,2.121408488055487e-05,5.306065236262769e-05,4.271463011368017,1.6070256893314836
ry,2,39,5,6.615959044778752e-05,2.425299212920464e-05,1.2523530210028765e-05,6.579656282216008e-06,1.2089465558278863e-05,1.0839587298965507,0.39736102304488885
ry,2,40,5,2.8561712100327147e-05,1.8969055369387062e-06,3.1086694696892045e-06,2.0317042472348355e-06,2.8702876040152256e-06,0.46795509105176,0.03107890031720378
ry,3,1,5,0.00078592913443026,0.00010751869286509114,0.00014302084265935998,2.4223894007147112e-05,0.00014117041036341998,12.876662938505797,1.7615862639017166
ry,3,2,5,0.00017935805711156001,5.164798184500191e-05,4.801335903477766e-05,1.0447273067667167e-05,4.5478936890512884e-05,2.938602407716828,0.8462005345486807
ry,3,3,5,9.366647094991376e-05,1.1473874436706458e-05,4.2410952160927966e-05,6.454074335979624e-06,3.2609056540224955e-05,1.5346314600436486,0.1879879587713156
ry,3,4,5,6.508151174135571e-05,1.6678942858341432e-05,3.5036793140751665e-05,5.9248000046836784e-06,2.840758067207246e-05,1.066295488370372,0.2732677997910662
ry,3,5,5,8.030926419537418e-05,1.0236567150113402e-05,3.984253193253397e-05,7.833397284360646e-06,3.427500960161044e-05,1.3157869845770105,0.16771591618745807
ry,3,6,5,6.377621789114695e-05,9.484715077968778e-06,2.9361984679321878e-05,6.531853262510077e-06,2.5804467866251088e-05,1.0449095539285516,0.15539757183744046
ry,3,7,5,6.292302377759809e-05,6.0449381041340824e-06,2.9986453230054345e-05,5.149947579861829e-06,2.6487266266381135e-05,1.030930821572167,0.0990402658981328
ry,3,8,5,5.961560735594063e-05,1.0563465141727605e-05,3.0218223895582163e-05,1.262310529979234e-05,2.4325766340081235e-05,0.9767421109197313,0.17307181288206502
ry,3,9,5,6.435786560943612e-05,9.251474883953887e-06,3.5943766190089745e-05,8.80222621847065e-06,2.98065236759654e-05,1.0544392701450014,0.15157616449870048
ry,3,10,5,0.00010951339547120133,1.5634991495495647e-05,5.2382216995565194e-05,1.6094364989099777e-05,4.259051022699545e-05,1.7942674714010978,0.25616370066268607
ry,3,11,5,0.00050460579931316,0.00012503614184740462,0.00011276242009947005,2.6074889243290983e-05,0.00010513352908631641,8.267461415947636,2.048592148027633
ry,3,12,5,0.00048799063382492,0.00013988628048647547,9.203275476999066e-05,1.1756258628146772e-05,8.922318813872179e-05,7.995238544588494,2.2918968194904314
ry,3,13,5,0.0002471563729353,4.18190952897809e-05,7.599582198848144e-05,1.5217715885134235e-05,6.665475875893746e-05,4.0494100141728335,0.6851640572275133
ry,3,14,5,0.00022465027328604,7.055433417208326e-05,5.626429435361162e-05,2.2184739385306924e-05,5.275850158007902e-05,3.680670077519468,1.1559622110755365
ry,3,15,5,7.840254716454504e-05,1.9213418586006836e-05,2.6978208796311138e-05,7.750638623151637e-06,2.414029686579981e-05,1.2845473327440522,0.3147926501133707
ry,3,16,5,8.626595650575657e-05,1.4354910851405919e-05,3.397982309581888e-05,1.2740978050242691e-05,2.713850216986342e-05,1.4133814313903157,0.23519085938943457
ry,3,17,5,5.3845432789089604e-05,7.588189256798048e-06,2.3727191552564563e-05,4.3823687171130735e-06,2.0603578703375645e-05,0.8822035708164441,0.12432489278337922
ry,3,18,5,6.22266591250513e-05,1.2770671878718426e-05,2.8175274004391483e-05,1.2020603105100786e-05,2.3113302655279738e-05,1.0195215831048405,0.20923468806092257
ry,3,19,5,7.960694580047118e-05,7.932431954090855e-06,3.354128721233753e-05,5.888670543033604e-06,2.8472716799940693e-05,1.3042801999949198,0.12996496513582448
ry,3,20,5,5.765256253409349e-05,4.166931807852925e-06,2.858998346758592e-05,5.94260332779591e-06,2.3907964341147456e-05,0.9445795845585877,0.06827101073986235
ry,3,21,5,6.94855397111895e-05,5.2050547954955574e-06,3.392793819751059e-05,4.572006481808188e-06,2.839110445347494e-05,1.1384510826281287,0.08527961776939921
ry,3,22,5,0.00011554262636838,1.1263365912310606e-05,5.330965482242061e-05,7.909849269984702e-06,4.654632969634234e-05,1.8930503904202147,0.18453898710777783
ry,3,23,5,0.00043809231707501995,0.00021462666997111107,7.261008755455551e-05,1.219316559711127e-05,7.211393178455613e-05,7.177704522957927,3.5164433608066346
ry,3,24,5,0.00059704841254244,8.886470618841995e-05,0.00013938081020167006,4.1113096023864666e-05,0.0001412536982115,9.782041191096303,1.4559593461910072
ry,3,25,5,0.0007283391175841,0.0001402729520339985,8.954554935749573e-05,2.481550001387991e-05,9.33596837310132e-05,11.933108102498895,2.298232046124687
ry,3,26,5,0.0001449465269374,1.98972481417549e-05,4.498169440616003e-05,6.8261462981262805e-06,4.058625370369226e-05,2.374803897343063,0.32599651355471204
ry,3,27,5,9.332337641777629e-05,2.1255579123232234e-05,4.210048560902802e-05,6.6917953276778226e-06,3.6327856615354686e-05,1.5290101992290364,0.3482514083553071
ry,3,28,5,5.168610502668726e-05,9.955462756123851e-06,2.135297833409821e-05,8.893186846897828e-06,2.0108122714889528e-05,0.846825144757244,0.16311030179633315
ry,3,29,5,8.153566867478022e-05,1.1213670939493338e-05,3.129885713096392e-05,1.2902635660469028e-05,2.8025344206618385e-05,1.335880395567599,0.1837247846726588
ry,3,30,5,6.519623876231747e-05,2.10749775334283e-05,2.5930921284849577e-05,4.9146437490950825e-06,2.45631457886696e-05,1.0681751758819515,0.34529243190799885
ry,3,31,5,4.8631677573014524e-05,6.965315710528137e-06,2.1697607608102706e-05,4.608672812329756e-06,1.9488790012855563e-05,0.79678140535627,0.114119732601293
ry,3,32,5,6.402295830721656e-05,1.7195549623882198e-05,2.842515494779825e-05,1.318635041209333e-05,2.3603404705924718e-05,1.048952148905436,0.281731885037686
ry,3,33,5,6.875318107024468e-05,1.3552267163443991e-05,3.546420839683072e-05,5.968861897920175e-06,3.0045189598782737e-05,1.1264521186548888,0.22204034520586638
ry,3,34,5,9.189893537628346e-05,1.6012627260899345e-05,3.0020378059580743e-05,5.895133838207696e-06,2.8388141909840673e-05,1.505672157205401,0.2623508850429958
ry,3,35,5,0.00017921222840256,5.146978781136531e-05,6.826914851297387e-05,1.0297943192333936e-05,6.041110035828011e-05,2.93621315014826,0.8432810035012114
ry,3,36,5,0.00025298663573369997,7.114608809853605e-05,0.00011804108700786838,2.422735178809935e-05,0.00010850378437290968,4.144933039861736,1.1656575074065443
ry,3,37,5,0.00020356896024862,5.2332350898489423e-05,6.569427920449448e-05,1.2225347476274544e-05,6.369638759866946e-05,3.335273844714306,0.8574132371207785
ry,3,38,5,7.257928150385537e-05,1.1559594258437227e-05,3.1416775781070675e-05,5.0801985499695095e-06,2.7721273266043238e-05,1.1891389481591663,0.1893923923302355
ry,3,39,5,7.163135278360309e-05,1.6229556260570744e-05,3.0257053796379337e-05,7.567820808210068e-06,2.5704314770743406e-05,1.173608084006553,0.2659050497731912
ry,3,40,5,6.010017760315422e-05,2.2724390850363333e-05,2.4596231976426288e-05,8.423727492351778e-06,2.1299463742873194e-05,0.9846813098500787,0.37231641969235274
ry,4,1,5,0.00022068944492566,3.183064488905105e-05,9.387223352578528e-05,1.462445670308968e-05,8.098787501338453e-05,3.6157758656626746,0.521513285862516
ry,4,2,5,9.910405282799447e-05,5.545121033070132e-06,5.4930744932127815e-05,7.624241004710889e-06,4.8116408932274576e-05,1.623720801534303,0.09085126300633638
ry,4,3,5,6.974009354969899e-05,9.868576056255112e-06,4.255074483068171e-05,4.733613816331166e-06,3.432669201078128e-05,1.1426216927182682,0.16168675010568384
ry,4,4,5,6.556813992910669e-05,7.604592632382338e-06,4.519254315125226e-05,8.65609430635523e-06,3.532124205945574e-05,1.074268404598484,0.12459364568895236
ry,4,5,5,6.393391053181646e-05,7.939373262536907e-06,4.190616918885632e-05,5.731652957073547e-06,3.492841435112716e-05,1.047493190153281,0.13007869153340476
ry,4,6,5,6.832559212164579e-05,4.6037858021671796e-06,4.425002809644587e-05,7.936880825404102e-06,3.7700728481707494e-05,1.1194465013210446,0.0754284265827071
ry,4,7,5,6.090960231439707e-05,4.536802642827957e-06,3.83208529511159e-05,3.913452095853638e-06,3.0212758471493448e-05,0.9979429243190818,0.07433097450009321
ry,4,8,5,6.533153525845174e-05,9.16682657899729e-06,3.966419153032066e-05,9.085955762135813e-06,3.468613777877771e-05,1.0703918736744733,0.15018928667029158
ry,4,9,5,6.310119187981521e-05,6.028253776338108e-06,4.2057401782302206e-05,5.720508937813214e-06,3.364839024526293e-05,1.0338499277588924,0.0987669098715235
ry,4,10,5,7.810915006303082e-05,1.0617054864517428e-05,5.35688073664734e-05,4.216622463238282e-06,4.213136376821669e-05,1.2797403146326969,0.17394982690025337
ry,4,11,5,0.00016518884518498,3.493956335766438e-05,6.311987604758172e-05,9.172936169423615e-06,5.824267313385081e-05,2.706454039511285,0.5724498060517028
ry,4,12,5,0.00018400043033892,2.873078034607589e-05,6.555517858630634e-05,1.3264557023174167e-05,5.89690339618829e-05,3.014663050673541,0.4707251051898575
ry,4,13,5,0.00010688842252873286,6.641187773618928e-06,5.905216111530533e-05,7.464664050950543e-06,5.210865173631309e-05,1.7512599147116141,0.10880922048317053
ry,4,14,5,0.00012721935398566468,2.1211186469699057e-05,5.369888988623009e-05,1.2259040559727112e-05,5.1102999444880744e-05,2.0843618957016554,0.3475240791197859
ry,4,15,5,8.977688532610463e-05,1.2971169884404595e-05,4.6947838551253476e-05,4.641509241207844e-06,4.187680955565974e-05,1.4709044891830183,0.21251964738628742
ry,4,16,5,6.625861914452721e-05,9.146669656891257e-06,3.9347282979928296e-05,8.706532204938591e-06,3.471643714716891e-05,1.0855812160639338,0.14985903565850645
ry,4,17,5,4.769136908147309e-05,4.328003100604548e-06,3.138543388070293e-05,4.272547357137822e-06,2.491043927890814e-05,0.7813753910308551,0.07091000280030492
ry,4,18,5,6.0907212843861024e-05,8.212518263054585e-06,4.029520321029301e-05,7.452410158877809e-06,3.271594419589311e-05,0.997903775233819,0.13455389922188632
ry,4,19,5,5.730382224608715e-05,8.155802979903983e-06,3.631248637805381e-05,5.198585922215648e-06,2.981652657222976e-05,0.9388658236798919,0.13362467602274686
ry,4,20,5,6.282291800889452e-05,5.29130431252994e-06,4.030747577406959e-05,4.745420509773677e-06,3.2869804091737415e-05,1.0292906886577278,0.08669272985649054
ry,4,21,5,6.517368761886733e-05,1.5035908868589334e-05,3.860186236325149e-05,9.162673178561192e-06,3.10838110546771e-05,1.0678056979475221,0.2463483309029676
ry,4,22,5,8.644542650898464e-05,1.0178849511404254e-05,5.2741238172593635e-05,6.3921640569500834e-06,4.1195266142377364e-05,1.4163218679232275,0.1667702703948956
ry,4,23,5,0.00016681266277856,2.4408709254888626e-05,6.127272280983211e-05,7.600640479167459e-06,5.9360902431545074e-05,2.7330586669648618,0.39991229243237
ry,4,24,5,0.00015813789928746002,2.0939452057408746e-05,7.246236679956271e-05,1.7236424395865302e-05,6.749346500983764e-05,2.590931341926505,0.34307198250894627
ry,4,25,5,0.00023033010188749998,2.906675651234325e-05,7.977412019061603e-05,1.0217577247436346e-05,7.2933018594252e-05,3.773728389325663,0.47622973869778423
ry,4,26,5,0.00010459361879980531,1.649872874865987e-05,5.63724449304489e-05,9.132708601088979e-06,4.628613583774232e-05,1.7136618504163459,0.2703151718181698
ry,4,27,5,7.31207721509947e-05,1.0656124238957346e-05,4.027976543611824e-05,5.302561593228371e-06,3.843293519998642e-05,1.198010730921897,0.17458993953107693
ry,4,28,5,6.0914276674917934e-05,7.3276598469475355e-06,3.984129679663672e-05,6.187257319055655e-06,3.314388579103031e-05,0.9980195090418554,0.12005637893238844
ry,4,29,5,5.826431840348196e-05,7.883058640647831e-06,3.677073841357709e-05,7.166695005319618e-06,3.129804827662836e-05,0.9546025927226485,0.12915603276837406
ry,4,30,5,5.55076136978313e-05,7.110759431137908e-06,3.960537857782654e-05,7.797212144993658e-06,3.2349187877222736e-05,0.909436742825268,0.11650268251976346
ry,4,31,5,6.16695297565404e-05,5.856058306380653e-06,3.752560706570355e-05,5.91825345102833e-06,3.391620843947182e-05,1.010393575531158,0.09594565929174059
ry,4,32,5,6.190237865443585e-05,3.5545869303455103e-06,4.398859317293975e-05,7.503026245672789e-06,3.313245523517774e-05,1.014208571874277,0.05823835226678081
ry,4,33,5,6.157820162796014e-05,8.92182589110854e-06,3.640385275097689e-05,7.822198943452924e-06,2.9155003423532536e-05,1.0088972554724989,0.14617519539992233
ry,4,34,5,8.203203305361745e-05,6.374733450884079e-06,4.448397721845148e-05,7.562804146058021e-06,3.9489101107410815e-05,1.3440128295504685,0.10444363285928478
ry,4,35,5,8.761879866043542e-05,9.701517407964535e-06,5.668788004545187e-05,1.5457994632019705e-05,4.381000052510821e-05,1.4355463972527516,0.15894966121243628
ry,4,36,5,0.00012664779311023447,4.1303578108340666e-05,7.040735145021304e-05,1.6608453226408824e-05,6.123173338650614e-05,2.074997442318758,0.6767178237275338
ry,4,37,5,9.116869049438092e-05,1.0838529321174882e-05,6.409835898391887e-05,1.4434856469253767e-05,4.979813376162675e-05,1.493707825060031,0.17757846439825634
ry,4,38,5,6.0732907745719616e-05,6.3102309642998135e-06,4.02182028182307e-05,7.656003417892125e-06,3.496038631789857e-05,0.9950479605058702,0.10338682411908824
ry,4,39,5,6.873925114085921e-05,1.3905816464798984e-05,4.027780636321212e-05,3.188862744681743e-06,3.554303878890842e-05,1.1262238906918374,0.22783289695926656
ry,4,40,5,6.982383038611886e-05,1.3341111322579862e-05,3.653538119453892e-05,9.168225245612993e-06,3.211076832037689e-05,1.1439936370461712,0.21858076790914835
ry,5,1,5,9.414599527531381e-05,9.48279380662565e-06,4.878320292293967e-05,1.0011795303630011e-05,4.343616110754788e-05,1.542487986591049,0.1553660937283235
ry,5,2,5,6.509897735479293e-05,5.3895537135948155e-06,4.18412036702036e-05,5.701450347200976e-06,3.3858948134771555e-05,1.0665816449809271,0.08830244804353754
ry,5,3,5,6.40955221825654e-05,9.849581034433911e-06,4.392037252117077e-05,6.5978818787409544e-06,3.451697408685517e-05,1.0501410354391516,0.1613755356681652
ry,5,4,5,6.494166275217309e-05,7.1383208061062656e-06,4.650080098553379e-05,7.642303096762479e-06,3.7224689365985867e-05,1.0640042025316039,0.11695424808724506
ry,5,5,5,6.18762796507299e-05,3.512266755961888e-06,4.3612938806124435e-05,5.464453759261911e-06,3.207295022758905e-05,1.0137809657975587,0.057544978529679575
ry,5,6,5,6.080156124248022e-05,7.074389428931759e-06,4.0688565759869706e-05,7.330399347824748e-06,3.3292477665735164e-05,0.9961727793967959,0.11590679640361791
ry,5,7,5,6.861542061871119e-05,1.0227975900135975e-05,5.0427872744811035e-05,6.774397354566069e-06,3.9927001009986134e-05,1.124195051416964,0.16757515714782784
ry,5,8,5,5.897649665337325e-05,5.536540381500454e-06,4.10895097611336e-05,5.776095426412908e-06,3.388286460206808e-05,0.9662709211688671,0.09071067761050336
ry,5,9,5,5.881497523576657e-05,7.051711012181782e-06,4.408677800090466e-05,4.38093928416396e-06,3.45849806675859e-05,0.9636245542627995,0.11553523322358632
ry,5,10,5,6.577597537878204e-05,6.521308791834841e-06,4.8961451638492393e-05,9.476572846317203e-06,3.728352487614684e-05,1.077673580605965,0.10684512324542206
ry,5,11,5,8.659227431977535e-05,8.843343393733082e-06,4.7599561000594465e-05,6.190997422380753e-06,4.280127010737155e-05,1.4187278224551996,0.14488933816292285
ry,5,12,5,9.900180128933118e-05,1.0422767843839825e-05,5.480000470075963e-05,1.0849563048037187e-05,4.41430153387169e-05,1.6220455123248971,0.170766628354101
ry,5,13,5,6.611474336762433e-05,8.147608872742923e-06,4.7886379031026145e-05,1.0324338274306446e-05,3.671786219886683e-05,1.0832239553351568,0.13349042377101997
ry,5,14,5,7.636796604245207e-05,6.646127650925539e-06,4.921383364881311e-05,4.714324332688983e-06,3.741053979355905e-05,1.2512127556395347,0.108890155432764
ry,5,15,5,6.636949197045304e-05,8.762326854015858e-06,4.172517133057612e-05,8.828347429079051e-06,3.45813745600212e-05,1.0873977564439026,0.14356196317619585
ry,5,16,5,6.961429437787127e-05,7.91062825134682e-06,4.4253876280932634e-05,5.1883594456186215e-06,3.696186459081683e-05,1.1405605990870429,0.12960773327006644
ry,5,17,5,6.232374078295983e-05,9.116920645493198e-06,4.35824881518247e-05,9.749897613594961e-06,3.4827190988575036e-05,1.0211121689880138,0.14937162785576055
ry,5,18,5,5.917996193882547e-05,5.793452193716961e-06,3.821379134068378e-05,4.24164451947752e-06,3.325694921022566e-05,0.9696044964057166,0.09491992074185863
ry,5,19,5,6.681184530030334e-05,9.78335795347506e-06,4.56602900586756e-05,1.0929211101787828e-05,3.6866267468309025e-05,1.09464527340017,0.1602905367097354
ry,5,20,5,5.6006444157935446e-05,3.554255194503196e-06,3.6344631344420445e-05,2.8025912191717047e-06,3.122087161419231e-05,0.9176095810836143,0.05823291710674034
ry,5,21,5,6.618736037821176e-05,7.5530033259671766e-06,4.654546719766679e-05,4.653456266308407e-06,3.758996531606413e-05,1.0844137124366215,0.1237484064926463
ry,5,22,5,6.815242537591632e-05,1.0386691500548798e-05,4.797434295568413e-05,9.46668258941716e-06,3.905787632097288e-05,1.116609337359013,0.1701755535449915
ry,5,23,5,7.682941576631452e-05,1.219516260549995e-05,4.799716563451532e-05,5.658662984762562e-06,4.136624047322084e-05,1.258773147915297,0.19980554412851118
ry,5,24,5,7.748802613848926e-05,1.0988888519771278e-05,5.041049024327492e-05,1.0250208731520748e-05,4.258625381146538e-05,1.269563820253008,0.18004194950793265
ry,5,25,5,0.00012344668743525999,1.0380334287242073e-05,5.948117584095617e-05,6.870511856522774e-06,5.4563501632985746e-05,2.022550526939891,0.1700713969619364
ry,5,26,5,7.219172683103397e-05,5.660079169787067e-06,4.498559478369791e-05,4.249886942879591e-06,3.95958448199867e-05,1.1827892523996608,0.09273473711779139
ry,5,27,5,6.288306309502778e-05,5.498944306198488e-06,4.2282098471430174e-05,2.522377610688589e-06,3.655746287583156e-05,1.0302761057489354,0.09009470351275602
ry,5,28,5,6.384723574644756e-05,6.914767637306154e-06,3.9639246752311066e-05,7.710483712950122e-06,3.3146538616565016e-05,1.046073110469797,0.113291552969624
ry,5,29,5,5.5443528575456493e-05,5.7001847339183375e-06,3.931326144667793e-05,9.276033848846088e-06,3.1943205693767014e-05,0.9083867721802792,0.09339182668051801
ry,5,30,5,6.046778103089069e-05,4.193475140436972e-06,4.004867569399366e-05,7.185396210217109e-06,3.2259079133421947e-05,0.990704124410113,0.06870589670091938
ry,5,31,5,5.9017330803820284e-05,8.739579464525787e-06,4.036066626716267e-05,8.741320327718128e-06,3.338636095591159e-05,0.9669399478897915,0.1431892699467905
ry,5,32,5,5.950551056215811e-05,5.007539036946791e-06,4.005913981238867e-05,5.912017764125201e-06,3.4017890178265095e-05,0.9749382850503985,0.08204351958133622
ry,5,33,5,6.54585457069005e-05,4.293296584063908e-06,4.5579440113847695e-05,6.8319689309912654e-06,3.531726578778472e-05,1.0724728128618577,0.07034137123330302
ry,5,34,5,5.993506628519854e-05,9.644728857770964e-06,4.318296629417068e-05,8.587776702869871e-06,3.5030223008081086e-05,0.9819761260166929,0.1580192376057194
ry,5,35,5,6.279437327237776e-05,8.170359929476707e-06,4.104100611701605e-05,4.3120447099630585e-06,3.527083440939513e-05,1.0288230116946373,0.13386317708454634
ry,5,36,5,7.414555723516311e-05,7.236991672593869e-06,4.3839937319558665e-05,4.678093298323975e-06,3.91982381774592e-05,1.2148008097409124,0.118570871563778
ry,5,37,5,6.21694334622507e-05,6.27237643162386e-06,4.095881684601367e-05,5.584709667389844e-06,3.391343833350426e-05,1.0185839978455153,0.10276661545572532
ry,5,38,5,6.844960368001102e-05,1.1480734341845514e-05,4.8235004396759596e-05,1.0528854845599006e-05,3.605685805724839e-05,1.1214783066933005,0.18810035145679682
ry,5,39,5,6.857038905677813e-05,5.778874900791219e-06,4.6657962884021015e-05,5.939196140700418e-06,3.5330721180350724e-05,1.1234572543062529,0.09468108637456328
ry,5,40,5,5.823597259166819e-05,5.256109973630712e-06,3.9501029456601275e-05,5.184480968452352e-06,3.2886056263035256e-05,0.9541381749418916,0.08611610580796558
ry,6,1,5,7.046780604668511e-05,7.640970779079028e-06,4.6132801786966584e-05,1.0997090109270772e-05,3.735197817199121e-05,1.154544534268889,0.12518966524443076
ry,6,2,5,6.085503741654234e-05,8.648806280260718e-06,3.9893737140743233e-05,4.528438585761153e-06,3.40897444568522e-05,0.9970489330326296,0.1417020420957916
ry,6,3,5,5.641143456858187e-05,5.565198364618633e-06,3.664032494375369e-05,3.5013922920412103e-06,3.17759294481888e-05,0.9242449439716456,0.09118021000591166
ry,6,4,5,6.25894757904552e-05,6.134964119264835e-06,4.483430817028108e-05,4.974900203911654e-06,3.6393883083152666e-05,1.0254659713508179,0.10051525213003507
ry,6,5,5,6.910073153871244e-05,6.154369148521405e-06,4.743434626012241e-05,5.078084375518011e-06,3.724747366624193e-05,1.1321463855302645,0.10083318412937468
ry,6,6,5,6.308393799460544e-05,4.10143093952509e-06,4.467563251776642e-05,5.0472071302187394e-06,3.463073911877984e-05,1.0335672401036156,0.06719784451317908
ry,6,7,5,6.169989823291313e-05,5.914066483017177e-06,4.66510858242987e-05,6.737070058654015e-06,3.457634101278972e-05,1.0108911326480488,0.09689606525775343
ry,6,8,5,5.6116327371202496e-05,9.008501700318477e-06,3.9042262577278066e-05,7.143204215453343e-06,3.219071147535571e-05,0.9194099076497816,0.14759529185801792
ry,6,9,5,6.18493630988377e-05,4.99625838088204e-06,4.139496178112137e-05,9.02520983350881e-06,3.5201970691353005e-05,1.0133399650113568,0.08185869731237133
ry,6,10,5,5.9153295021794965e-05,5.471638537950222e-06,3.950290275541139e-05,6.767338525326815e-06,3.316469906818407e-05,0.9691675856370889,0.08964732580577647
ry,6,11,5,7.117677496457511e-05,8.129356304459301e-06,4.785094193000384e-05,3.4495438665815384e-06,3.587007921014157e-05,1.1661602810195986,0.13319137369226114
ry,6,12,5,7.432521251080805e-05,9.265539135950002e-06,4.8583518173737614e-05,7.4128042960729066e-06,4.080129237231035e-05,1.2177442817770792,0.15180659320340478
ry,6,13,5,6.337876405875554e-05,2.637872031569364e-06,4.60640722849879e-05,4.899429104815808e-06,3.5576542916343216e-05,1.0383976703386508,0.04321889536523246
ry,6,14,5,6.954387601845265e-05,6.701132270007336e-06,4.7091938573613584e-05,5.139519152688355e-06,3.910274393806305e-05,1.139406864686328,0.10979135111180022
ry,6,15,5,6.773015377976654e-05,6.76073138130495e-06,4.576041891194323e-05,3.614214544714533e-06,3.638797285513839e-05,1.109690839527695,0.1107678229513003
ry,6,16,5,6.17607260337123e-05,6.437990910339679e-06,4.531871632147336e-05,7.59680216398726e-06,3.575327770405166e-05,1.0118877353363422,0.10548004307500536
ry,6,17,5,5.972365379550424e-05,5.343457001952449e-06,4.19659399255263e-05,2.6313528498888707e-06,3.532666542959813e-05,0.9785123437855414,0.08754719951998895
ry,6,18,5,6.092917583510946e-05,5.509674977473412e-06,4.158517175392775e-05,4.002307883323743e-06,3.608858807498988e-05,0.9982636168824334,0.09027051483092444
ry,6,19,5,6.114820445915483e-05,5.164307757019228e-06,4.2273232794179516e-05,5.814273131556889e-06,3.530598426108277e-05,1.0018521818587927,0.08461201829100308
ry,6,20,5,6.384751285980082e-05,1.0103026697600835e-05,4.505279126726555e-05,8.381070245668692e-06,3.7449417708813936e-05,1.0460776506949767,0.16552798941349214
ry,6,21,5,6.368818875551589e-05,7.378184850509367e-06,4.542747549064924e-05,7.420986210748705e-06,3.837899557304247e-05,1.0434672845703723,0.12088418059074559
ry,6,22,5,6.149226765179663e-05,4.388388426209703e-06,4.5424607533042534e-05,4.766017187779481e-06,3.521057663630466e-05,1.007489313207036,0.07189935597501977
ry,6,23,5,6.131007168816869e-05,8.496441752283152e-06,4.008719426623135e-05,1.0153904262474215e-05,3.3735744058209795e-05,1.0045042145389558,0.13920570166940716
ry,6,24,5,5.934315595503869e-05,1.1607672588169564e-05,4.059486381761071e-05,8.738410899065526e-06,3.294930795820694e-05,0.9722782671673539,0.19018010768457014
ry,6,25,5,9.218740567934731e-05,1.8153320646689814e-05,5.3295743257100605e-05,1.5781070966287514e-05,4.443924373667201e-05,1.5103984546510039,0.29742400547608006
ry,6,26,5,6.89573687109102e-05,7.550682859187435e-06,4.591651275972434e-05,5.2333076549388746e-06,3.666364680686943e-05,1.1297975289595528,0.12371038796492694
ry,6,27,5,6.579076074648362e-05,9.563682807332918e-06,4.5946725849755725e-05,8.645886500735097e-06,3.466734077898337e-05,1.0779158240703877,0.15669137911534242
ry,6,28,5,5.747246581204896e-05,7.529012437213901e-06,3.968295375976367e-05,3.677707834556417e-06,3.4077375397987915e-05,0.9416288798646102,0.12335533977131255
ry,6,29,5,6.116636565140721e-05,9.122331867856685e-06,4.480296094041396e-05,1.0876574448148137e-05,3.487093067600683e-05,1.0021497348326558,0.14946028532296385
ry,6,30,5,5.9651911986020314e-05,1.1456103326132806e-05,4.062851346423113e-05,8.067037284224716e-06,3.482891745094453e-05,0.9773369259789568,0.1876967968953599
ry,6,31,5,5.951175379156388e-05,7.345523711082339e-06,4.424615959664281e-05,5.7112545993024086e-06,3.528180871523031e-05,0.9750405741209827,0.12034906048237304
ry,6,32,5,5.79552493319748e-05,6.87331989638427e-06,4.383983843393943e-05,8.821587714860676e-06,3.207432529858204e-05,0.9495388050550749,0.11261247318235988
ry,6,33,5,5.57100616390372e-05,4.802842696728277e-06,4.1960401503965645e-05,5.327733694443929e-06,3.4040595578060095e-05,0.9127536498939854,0.07868977474319609
ry,6,34,5,6.071913591461834e-05,5.225741913494538e-06,4.438335678997864e-05,5.7930527508864475e-06,3.1884145355149556e-05,0.994822322825107,0.08561855551069453
ry,6,35,5,6.255336762638007e-05,9.813587617881138e-06,4.4824853904744754e-05,1.0039564194639092e-05,3.4563897654873184e-05,1.024874375190611,0.1607858195313645
ry,6,36,5,6.736205706263094e-05,1.2047245330598081e-05,4.2259958489513395e-05,8.038650110750591e-06,3.463890848832155e-05,1.1036599429141454,0.19738206749651896
ry,6,37,5,6.177948849107306e-05,7.557378153771426e-06,4.169206665812718e-05,3.881022698772198e-06,3.3113115655760054e-05,1.012195139437741,0.12382008367139108
ry,6,38,5,5.633119186477292e-05,3.5277513575659065e-06,3.8946373548118676e-05,5.178505031965666e-06,3.2205638518963696e-05,0.9229302475124397,0.05779867824235984
ry,6,39,5,6.75548462194416e-05,6.629198166546653e-06,5.1029801496273846e-05,1.0109455193620155e-05,4.009190889573964e-05,1.1068186004593312,0.1086127827607003
ry,6,40,5,6.572466633934801e-05,5.735678542999837e-06,4.6147352702017336e-05,1.1174616572250096e-05,3.665560602870487e-05,1.0768329333038777,0.09397335724850929
same_scalar_rxryrz,1,1,5,0.01226155815550492,4.467544480078714e-17,0.00508806931357526,5.4872199244883923e-17,0.0048944548254648,200.89336881979344,4.229967790404662e-13
same_scalar_rxryrz,1,2,5,0.0179832974908041,0.0,0.00662805748978484,5.463690523629807e-17,0.00567920084823614,294.63834608933513,4.384687776036319e-13
same_scalar_rxryrz,1,3,5,0.0080712313394835,0.0,0.0049933305795159,0.0,0.0052344949925058,132.23905426609872,2.078868822981092e-13
same_scalar_rxryrz,1,4,5,0.01039131527394626,5.4388491649955414e-17,0.00128742308648572,4.468886183811373e-17,0.0019557468754311,170.2513094483361,3.308413945098555e-13
same_scalar_rxryrz,1,5,5,0.010557965667303361,5.532109048322206e-17,0.00579059317289124,5.5068932675560096e-17,0.0035883924237378,172.981709493099,1.9639791959612656e-13
same_scalar_rxryrz,1,6,5,0.0067281345965688,0.0,0.00461883459509022,4.4513068617497576e-17,0.0044912285305049,110.23375723018447,1.95496120514315e-13
same_scalar_rxryrz,1,7,5,0.0087989779089571,0.0,0.0033778951005466,0.0,0.0039615903110147,144.1624540603541,1.0247593068766006e-13
same_scalar_rxryrz,1,8,5,0.0111013338406359,0.0,0.0048821538089143,0.0,0.0053752714828908,181.88425364497974,2.6850619331769373e-13
same_scalar_rxryrz,1,9,5,0.014345408895071118,4.49189552783615e-17,0.0030500730848717,0.0,0.0036592670709626,235.0351793368458,5.219467218525709e-13
same_scalar_rxryrz,1,10,5,0.0080664877578518,0.0,0.00473655554841458,4.455952219067146e-17,0.0042220668806061,132.16133542464507,2.1923438880181595e-13
same_scalar_rxryrz,1,11,5,0.0116426752799251,0.0,0.0061251659598298,0.0,0.0058118054336821,190.7535917862933,2.1457920056692358e-13
same_scalar_rxryrz,1,12,5,0.0087223762098494,0.0,0.0035752304401576404,5.488762120765869e-17,0.0036901139644221004,142.90741182217357,2.799213746640164e-13
same_scalar_rxryrz,1,13,5,0.012440638822751818,4.467544480078714e-17,0.007814199757613261,5.3657383495489346e-17,0.0077402997666644,203.82742647196685,2.887986942269773e-13
same_scalar_rxryrz,1,14,5,0.0117526234213489,0.0,0.0057548494011986,7.076178189044338e-17,0.0056604202752461,192.5549821353815,2.766558158943409e-13
same_scalar_rxryrz,1,15,5,0.012237434736619679,4.426944975590862e-17,0.00576692044572414,5.483791268864643e-17,0.006922243012982681,200.49813072477772,5.712692894303979e-13
same_scalar_rxryrz,1,16,5,0.0118280819088401,0.0,0.0079310764028183,7.114481453410855e-17,0.0066461943998357195,193.79129399443698,1.6934187794693378e-13
same_scalar_rxryrz,1,17,5,0.011668371835796,0.0,0.00805982076060444,5.5266667360866185e-17,0.0062281554175236,191.17460415768278,1.922408793357801e-13
same_scalar_rxryrz,1,18,5,0.0029600288508697,0.0,0.0021193202660834,0.0,0.0021407019260374,48.49711269264996,5.0493548554981854e-14
same_scalar_rxryrz,1,19,5,0.012589514690413101,0.0,0.0070594108558277805,4.4923142159600806e-17,0.0066699768234024,206.26660868772896,2.4200213553522193e-13
same_scalar_rxryrz,1,20,5,0.0070321422725089,0.0,0.00535880974622454,5.5167888609235367e-17,0.0042510605748333,115.21461899278665,1.6633378991627446e-13
same_scalar_rxryrz,1,21,5,0.0076247555397255,0.0,0.00636619899631464,5.483791268864643e-17,0.0050535518210226196,124.92399476286384,1.6124780753884546e-13
same_scalar_rxryrz,1,22,5,0.0087365939036376,0.0,0.006567853060162001,0.0,0.0062793288157024,143.14035451719934,1.2058310082691391e-13
same_scalar_rxryrz,1,23,5,0.0171911738355324,0.0,0.0097266623760716,0.0,0.0086921114442783,281.66019212136416,1.2388735920980804e-13
same_scalar_rxryrz,1,24,5,0.0163204681398306,0.0,0.010336962417946561,5.532109048322206e-17,0.00722140272340642,267.39455000298534,4.196415108092822e-13
same_scalar_rxryrz,1,25,5,0.013108859430023581,4.511948732563426e-17,0.01266226424872692,4.480156374409349e-17,0.01063639757448164,214.77555290150696,3.963784161266333e-13
same_scalar_rxryrz,1,26,5,0.015842069226872237,5.518493204274439e-17,0.01200826740670516,5.548403955626764e-17,0.0111877290663272,259.5564622130758,3.06111178766429e-13
same_scalar_rxryrz,1,27,5,0.0066353995905692,0.0,0.00417737544249006,5.47263330289821e-17,0.0032794801423300006,108.7143868918871,1.702339396659758e-13
same_scalar_rxryrz,1,28,5,0.0110132594879065,0.0,0.00565873934121194,5.483791268864643e-17,0.0050081453526644,180.44124344986062,2.6850619331769373e-13
same_scalar_rxryrz,1,29,5,0.0051258782459814,0.0,0.00300287731936978,4.467070841370083e-17,0.0034036976827280995,83.98238918216074,9.39959687352353e-14
same_scalar_rxryrz,1,30,5,0.0110095287574489,0.0,0.00759669314651544,5.483791268864643e-17,0.0064132477757911,180.38011916204397,2.2424350501722045e-13
same_scalar_rxryrz,1,31,5,0.0069169860220224,0.0,0.0051996661182061,7.106810851230722e-17,0.0049531062368673,113.32789898481569,1.7302846319304764e-13
same_scalar_rxryrz,1,32,5,0.007137119570949399,0.0,0.00558623331028544,1.136144556194397e-16,0.006197689695323,116.93456705043548,1.4561792860887974e-13
same_scalar_rxryrz,1,33,5,0.012766351570806462,5.4409236101151513e-17,0.0092590714231114,0.0,0.0083719743445609,209.16390413609392,3.0511999048007806e-13
same_scalar_rxryrz,1,34,5,0.010514393083935519,4.49189552783615e-17,0.00619335448953574,8.936246607301166e-17,0.0063399034934349206,172.26781628720045,2.870451947490573e-13
same_scalar_rxryrz,1,35,5,0.0074550439927247,0.0,0.00306665280574054,5.495354408076416e-17,0.0034468030119376,122.14344077680217,5.123796534383003e-14
same_scalar_rxryrz,1,36,5,0.015375086074328198,0.0,0.01411669000519324,5.532109048322206e-17,0.0098667797823093,251.90541024179387,2.098207554046411e-13
same_scalar_rxryrz,1,37,5,0.0087966131161337,0.0,0.00455801165552238,4.441789862679376e-17,0.0043676085173779,144.12370929473542,2.824351513816025e-13
same_scalar_rxryrz,1,38,5,0.00960791297776952,4.426944975590862e-17,0.0038352781946653,0.0,0.0040477482968044,157.41604622777692,2.1645329030274947e-13
same_scalar_rxryrz,1,39,5,0.0282553645223979,0.0,0.017550694637225202,7.02295252508102e-17,0.01575193726438672,462.93589233496806,3.410605131648481e-13
same_scalar_rxryrz,1,40,5,0.014647930140308098,0.0,0.0106609658602685,0.0,0.007700304939778499,239.99168741880857,2.308990589380062e-13
same_scalar_rxryrz,2,1,5,0.0009735779712690001,0.00025302057431409933,0.00022617646985228,4.751266862748409e-05,0.00022058513166126,15.951101481272326,4.145489089562335
same_scalar_rxryrz,2,2,5,0.0005663584653259,6.79860332824659e-05,0.00016627429715550002,3.378558805387472e-05,0.00014360544662803712,9.279217095900208,1.1138831692995852
same_scalar_rxryrz,2,3,5,0.00040973988274823996,4.82846500944112e-05,0.00013415459655596578,5.267398687575646e-05,0.00011869499494039818,6.71317823894798,0.7910957071467526
same_scalar_rxryrz,2,4,5,0.00039929008791334,8.516959030931973e-05,9.240014340046271e-05,2.2024772427257638e-05,8.196342959930402e-05,6.541968800372947,1.3954185676282553
same_scalar_rxryrz,2,5,5,0.00040398316905335997,0.0001376805845810371,9.020858332441923e-05,2.0037273141717386e-05,8.874385452202928e-05,6.618860241771349,2.255758697775659
same_scalar_rxryrz,2,6,5,0.00029444548287324,5.734772741012566e-05,8.640389638947177e-05,2.317355973164004e-05,7.729425198950916e-05,4.824194791395952,0.9395851658871083
same_scalar_rxryrz,2,7,5,0.00021413020924004002,4.75969711325189e-05,7.741132381875902e-05,2.174337090558585e-05,6.514071017189516e-05,3.5083093481900454,0.7798287750348858
same_scalar_rxryrz,2,8,5,0.00024278853257285997,3.671098847881689e-05,9.838344052061357e-05,2.790629142392421e-05,8.650954113106779e-05,3.9778473176749083,0.6014728352370111
same_scalar_rxryrz,2,9,5,0.00035852137050926,4.8809864412316845e-05,8.679904630012252e-05,5.345334006211037e-06,8.342027396289383e-05,5.874014134424582,0.7997008185317304
same_scalar_rxryrz,2,10,5,0.00030338468704204,5.3909223990766346e-05,0.0001062392378827752,2.3817919135552227e-05,9.694582029576094e-05,4.970654712498037,0.8832487258648373
same_scalar_rxryrz,2,11,5,0.00060310331906738,0.00018537027512470418,0.00012347367427894,1.9851440026359856e-05,0.00013722131175944002,9.88124477960053,3.0371065876430188
same_scalar_rxryrz,2,12,5,0.0009040063552215999,0.00015413691068104712,0.00015209595724856,2.24995203934355e-05,0.00015669139629134,14.811240123951507,2.5253791445979314
same_scalar_rxryrz,2,13,5,0.00037517065361412,6.672807849684138e-05,0.00012089055497481848,1.5714869135781604e-05,9.792533038633021e-05,6.146795988814874,1.0932728380921848
same_scalar_rxryrz,2,14,5,0.0011912173781635,0.0001581700845485553,0.00017314998129684,4.7937467363396375e-05,0.00018948647029980002,19.516905523832015,2.5914586652431835
same_scalar_rxryrz,2,15,5,0.00040527648882166006,0.00010528824335114686,0.00013087481658769157,3.938512894919847e-05,0.0001143228685725842,6.640049992854773,1.7250425790653166
same_scalar_rxryrz,2,16,5,0.00034889303672948,5.081617541799219e-05,0.00011111744692918931,4.175839836194387e-05,9.556235636189344e-05,5.716263513776863,0.8325722180479499
same_scalar_rxryrz,2,17,5,0.0003245890320068,5.747427661128295e-05,0.0001270522164957,7.565155843359778e-06,0.0001001726071160483,5.318066700400486,0.941658547999362
same_scalar_rxryrz,2,18,5,0.00022628477826330001,5.082965242060687e-05,7.396630357917017e-05,1.912823752951823e-05,6.452333056278735e-05,3.707449807066496,0.8327930252589041
same_scalar_rxryrz,2,19,5,0.00044652527094804,0.00010262444805209513,0.00010716382704410902,1.3596686561718762e-05,0.00010081077023414695,7.315870039213399,1.68139895688556
same_scalar_rxryrz,2,20,5,0.00029119893968986,4.430234095791528e-05,7.271159644860748e-05,2.482198641087954e-05,7.057800684290599e-05,4.77100342787971,0.7258495542542057
same_scalar_rxryrz,2,21,5,0.00024582745962788003,4.5596818260886655e-05,8.161965965910309e-05,8.220580392608984e-06,7.27980156979228e-05,4.027637098543879,0.7470582703862175
same_scalar_rxryrz,2,22,5,0.00022470057931456,3.4907347959868895e-05,9.941491903968434e-05,3.7691681329834906e-05,8.135750694958816e-05,3.681494291490715,0.5719219889745089
same_scalar_rxryrz,2,23,5,0.0016085167018498401,0.0004333150518633691,0.00017823243360078,1.778331204744934e-05,0.00018658050216974,26.353937643108832,7.099433809729198
same_scalar_rxryrz,2,24,5,0.0008597181682095601,0.0001942457500243856,0.0002418086912348,6.51286457317092e-05,0.00020576178923942002,14.085622467946319,3.182522368399802
same_scalar_rxryrz,2,25,5,0.00089330123259386,0.0002772271253144529,0.0002438008251242,6.972869100704781e-05,0.00020890868555286003,14.635847394818516,4.542089221152599
same_scalar_rxryrz,2,26,5,0.0007004302065679,0.0002574921108906059,0.00023049472873794,4.7455927484196384e-05,0.00018181167105918,11.475848504408969,4.218750744831373
same_scalar_rxryrz,2,27,5,0.00032279427748056,5.7771956022442844e-05,0.00012396158961049496,2.368482907432198e-05,9.364423372229831e-05,5.288661442242373,0.946535727471955
same_scalar_rxryrz,2,28,5,0.00028173786120882,4.9573459376570245e-05,0.00011398153555996975,1.567122317424307e-05,8.974157207685538e-05,4.615993118045877,0.812211558425423
same_scalar_rxryrz,2,29,5,0.0003137161945149,8.856451016989568e-05,9.45819824732363e-05,2.3762014620309026e-05,8.758027405569066e-05,5.139926130932791,1.4510409346237463
same_scalar_rxryrz,2,30,5,0.0003439575225002,3.271936108467301e-05,9.25255251425396e-05,1.8092771610717255e-05,8.86497745865966e-05,5.635400048643936,0.5360740120113634
same_scalar_rxryrz,2,31,5,0.00023841498300444,6.891692432500945e-05,8.38627083888452e-05,1.696618190407663e-05,8.159794128684122e-05,3.9061910815453986,1.1291348881410648
same_scalar_rxryrz,2,32,5,0.00025847135949086,7.776361183854286e-05,8.82279930109214e-05,3.0465590433495973e-05,7.782296531202815e-05,4.234794753899318,1.2740790163627498
same_scalar_rxryrz,2,33,5,0.00050719419154734,5.254543382442573e-05,0.00016957462391888,5.8042958785141034e-05,0.00014104609151658,8.309869634312438,0.8609043877791258
same_scalar_rxryrz,2,34,5,0.00072525749241056,0.00012583234649640284,0.00018282530334138002,6.919310323820352e-05,0.0001490750552717,11.882618755655328,2.061637164997107
same_scalar_rxryrz,2,35,5,0.00045600276767542,8.917256127078363e-05,0.00011011134112062084,3.461261669128233e-05,9.988181372917892e-05,7.471149345594729,1.4610032438606686
same_scalar_rxryrz,2,36,5,0.0005211261609536801,0.00015222607217053234,0.00014948530916720002,3.379434328839264e-05,0.00011477003726151122,8.53813102106593,2.494071966441603
same_scalar_rxryrz,2,37,5,0.00059865340418394,0.0002788853810145962,0.00011621541633421839,3.997901901737827e-05,0.00010094331390557852,9.808337374150405,4.56925808254278
same_scalar_rxryrz,2,38,5,0.00046262413910704,8.038426857126955e-05,0.00012043977514944646,2.3147377235578797e-05,0.00012477775129982,7.579633895130603,1.317015856271746
same_scalar_rxryrz,2,39,5,0.0006209491266434,0.00017309171415615668,0.00020521932344506,4.1269987832936836e-05,0.00017164179934726,10.173630490926485,2.8359346447343126
same_scalar_rxryrz,2,40,5,0.0005516928097193,7.269634302245927e-05,0.00011406569546130944,1.8744156757142828e-05,0.00011227744121527999,9.038934994441666,1.191056884079274
same_scalar_rxryrz,3,1,5,0.00025064933973582,7.416095502121322e-05,9.876352397212909e-05,1.5606068302642536e-05,9.101700822393234e-05,4.106638782232549,1.2150530870677696
same_scalar_rxryrz,3,2,5,0.00015018863802710884,5.182716875540165e-05,6.862445710860588e-05,1.2341697160899713e-05,5.802876442061762e-05,2.46069064543713,0.8491363328890473
same_scalar_rxryrz,3,3,5,0.00011674077836283999,1.297161002870812e-05,5.312561507103592e-05,1.0445561289722524e-05,5.047487340376833e-05,1.9126809126973803,0.2125268587105793
same_scalar_rxryrz,3,4,5,0.0001106152830372794,2.0837088502688028e-05,5.7421306386073296e-05,3.7654627552063384e-06,4.809102220465933e-05,1.812320797283558,0.3413948580285899
same_scalar_rxryrz,3,5,5,0.0001140299012904887,2.7892826573600554e-05,6.428120390818658e-05,7.442485386765794e-06,5.199197100886806e-05,1.8682659027442405,0.4569960705823777
same_scalar_rxryrz,3,6,5,9.800575159763617e-05,8.439416861571207e-06,5.137623752251692e-05,1.3922849522617173e-05,4.5200038873511446e-05,1.6057262341761365,0.13827140586039374
same_scalar_rxryrz,3,7,5,8.959553207938035e-05,1.977926877169126e-05,5.06150788955935e-05,1.2832267648644238e-05,4.194430885316826e-05,1.4679331975887582,0.32406353955577516
same_scalar_rxryrz,3,8,5,9.067599681906115e-05,1.2743644898298239e-05,4.850650337777876e-05,3.969927689346996e-06,4.043185442099475e-05,1.4856355318837955,0.2087918780141395
same_scalar_rxryrz,3,9,5,0.00012413212072018,1.886494530884586e-05,5.838455385690426e-05,8.657034440658303e-06,5.169165054964628e-05,2.033780665880089,0.30908326394023156
same_scalar_rxryrz,3,10,5,0.00011222301628373906,1.0961647415067102e-05,5.728950935702107e-05,9.206526596098434e-06,5.30460777884317e-05,1.838661898793363,0.17959563124896538
same_scalar_rxryrz,3,11,5,0.00014129512530022,1.3087778441105792e-05,6.328514875851834e-05,9.485116912584509e-06,5.648854854347445e-05,2.314979332919627,0.21443016197873027
same_scalar_rxryrz,3,12,5,0.00016750679429918,2.2092330928249154e-05,8.146720829979252e-05,1.6268260084185892e-05,6.952065097258099e-05,2.7444313177985697,0.3619607499287918
same_scalar_rxryrz,3,13,5,0.00015600990031346,3.213116295815784e-05,7.527769734983637e-05,1.6860272402138035e-05,6.565419810194417e-05,2.55606620673669,0.5264369739067395
same_scalar_rxryrz,3,14,5,0.00025293316110528,2.029538838098423e-05,7.853774077567836e-05,6.483762504129194e-06,7.580226293576041e-05,4.144056911549698,0.3325196432338279
same_scalar_rxryrz,3,15,5,0.00012798603883886053,2.09772314720541e-05,6.79451763128467e-05,1.1569615479647022e-05,5.548239479221924e-05,2.096923260336505,0.3436909604381872
same_scalar_rxryrz,3,16,5,0.00011280983876936508,9.713151938212271e-06,5.940980823217315e-05,1.9557575916186667e-05,5.422003677000725e-05,1.8482763983976909,0.1591402813557322
same_scalar_rxryrz,3,17,5,0.00010337346355947306,1.2836495251627674e-05,5.397752260386966e-05,2.6789618417789883e-06,4.8270170018477606e-05,1.693670826958654,0.21031313820299144
same_scalar_rxryrz,3,18,5,8.037794468353507e-05,1.0527867711469e-05,5.0110022325103015e-05,1.0042635218968276e-05,4.439188564332223e-05,1.3169122456950386,0.1724885845847082
same_scalar_rxryrz,3,19,5,0.0001332469170186,1.7780713717524564e-05,5.8554577164283904e-05,8.405594110481672e-06,5.671819033942064e-05,2.183117488433326,0.291319213547934
same_scalar_rxryrz,3,20,5,9.328289885468946e-05,1.6431050493609896e-05,4.9612586869842327e-05,8.123916270679598e-06,4.249737126120369e-05,1.5283470148354605,0.269206331287601
same_scalar_rxryrz,3,21,5,0.00011732690861698189,3.4630824425797655e-05,6.316961230827386e-05,7.6001977462559375e-06,5.303112036838683e-05,1.9222840707816147,0.5673914273925031
same_scalar_rxryrz,3,22,5,0.00010687075300411353,1.766296891965378e-05,6.464123647436546e-05,1.5861510965200438e-05,5.111381598784882e-05,1.7509704172197147,0.289390082779967
same_scalar_rxryrz,3,23,5,0.0002753575119198,0.00010032083918652603,0.00010148577145615758,3.550517725059827e-05,9.320734089900032e-05,4.511457475294849,1.6436566292320205
same_scalar_rxryrz,3,24,5,0.00024859297061892,4.133557233494946e-05,0.0001098771368387246,2.4881883434151087e-05,9.405405414394304e-05,4.07294723062101,0.6772420171357966
same_scalar_rxryrz,3,25,5,0.00026457967536806,5.544821931805696e-05,0.00011772478559205799,1.8849117271155225e-05,9.275788634754872e-05,4.334873401230938,0.9084636253073339
same_scalar_rxryrz,3,26,5,0.00015547779025018002,1.8126035790980255e-05,8.967340624848984e-05,7.967047094433124e-06,6.943566797540677e-05,2.5473481154596103,0.29697697039928256
same_scalar_rxryrz,3,27,5,0.00011687411540788001,2.0410451359661177e-05,6.479790856459123e-05,9.457384907635415e-06,5.5441452999326296e-05,1.9148655068433496,0.33440483507704716
same_scalar_rxryrz,3,28,5,0.00011253699024535999,1.3548347275300222e-05,6.187888543102707e-05,9.234238733513694e-06,5.2687829323090757e-05,1.8438060481807796,0.22197612175877782
same_scalar_rxryrz,3,29,5,0.00011607907080941792,2.0805745458800298e-05,6.65384307950047e-05,1.6850053840218887e-05,5.19835636364101e-05,1.9018394961419738,0.3408813335973889
same_scalar_rxryrz,3,30,5,0.00011856249880850872,2.7960755228167357e-05,6.145167446984021e-05,1.8593204241487214e-05,5.3555655262719334e-05,1.9425279804792848,0.4581090136588302
same_scalar_rxryrz,3,31,5,8.698988816648157e-05,1.1171797463135698e-05,4.9269198221094045e-05,4.164159602039645e-06,4.268352681321389e-05,1.4252423277197621,0.18303872963629977
same_scalar_rxryrz,3,32,5,9.456549187432133e-05,1.8192856873254505e-05,6.001200479114226e-05,1.7141858314529613e-05,4.76778949731017e-05,1.5493610188688975,0.298071767011432
same_scalar_rxryrz,3,33,5,0.00011431886150616,1.8137546766380804e-05,6.558977776598578e-05,2.4126358797606757e-05,5.617753794239534e-05,1.8730002269178212,0.29716556622082957
same_scalar_rxryrz,3,34,5,0.00014567100154969998,1.0436613447014423e-05,6.910108190039649e-05,1.4951055215419901e-05,6.369149163304056e-05,2.386673689391236,0.1709934747160678
same_scalar_rxryrz,3,35,5,0.00010424945474365789,1.6817967951674564e-05,6.133946315470886e-05,1.2170147822669846e-05,4.786833071384997e-05,1.7080230665204597,0.2755455869205969
same_scalar_rxryrz,3,36,5,0.00015638598872856,4.134699646142067e-05,8.48544046074025e-05,2.588591388584234e-05,7.2735346109564e-05,2.5622280393299612,0.6774291900243453
same_scalar_rxryrz,3,37,5,0.00018855288877392,6.381377497920057e-05,7.678395629332518e-05,1.6469167824283914e-05,6.829464423253411e-05,3.0892505296725674,1.045524889259124
same_scalar_rxryrz,3,38,5,0.00013447901325056374,3.411244704013203e-05,6.942592658635683e-05,2.1366625528824934e-05,5.4496729398095974e-05,2.2033041530979363,0.558898332305575
same_scalar_rxryrz,3,39,5,0.00012221795057246,1.1892797812789454e-05,6.135114610917419e-05,5.169264285179306e-06,5.1905021526966196e-05,2.002418902179697,0.19485159936512708
same_scalar_rxryrz,3,40,5,0.00012820402299496,2.599984230489135e-05,6.118277773198687e-05,1.2482600529235757e-05,5.439441462873344e-05,2.100494712749878,0.4259814163237293
same_scalar_rxryrz,4,1,5,9.399246109424665e-05,1.6550899823367316e-05,5.3370173401676026e-05,9.540962847067113e-06,4.5735569711855344e-05,1.539972482568319,0.27116994270627487
same_scalar_rxryrz,4,2,5,7.230960808954179e-05,6.049230360203279e-06,4.5569093555124893e-05,9.037020066405362e-06,3.924385055731435e-05,1.1847206189390527,0.09911059022157052
same_scalar_rxryrz,4,3,5,7.138432151154793e-05,8.43791132024288e-06,5.153773397209388e-05,8.672979547451174e-06,3.906880699877392e-05,1.1695607236452013,0.13824673907085933
same_scalar_rxryrz,4,4,5,6.830963347910585e-05,1.6451272532040845e-05,4.626548197736343e-05,9.468630184744357e-06,3.80469932291468e-05,1.1191850349216703,0.26953764916495737
same_scalar_rxryrz,4,5,5,6.76924634928439e-05,7.612370254924517e-06,4.5130118346609513e-05,4.337397671505543e-06,3.8277610607677525e-05,1.1090733218667546,0.12472107425668325
same_scalar_rxryrz,4,6,5,6.044245247223761e-05,8.582872222942459e-06,4.272208455710648e-05,1.0219078225581388e-05,3.256360744855367e-05,0.990289141305141,0.14062177850068922
same_scalar_rxryrz,4,7,5,6.675233788898508e-05,7.912103215141535e-06,4.374808929970423e-05,5.51397352081152e-06,3.794642303072998e-05,1.0936703039731315,0.12963189907687894
same_scalar_rxryrz,4,8,5,7.05581744997324e-05,2.4133388393574286e-06,4.623179882794264e-05,9.44814809313029e-06,3.797546360007712e-05,1.1560251310036156,0.03954014354403211
same_scalar_rxryrz,4,9,5,6.836378185901829e-05,5.383733715842178e-06,4.5946460196640354e-05,7.345178383853865e-06,3.817659620478146e-05,1.1200722019781557,0.08820709320035817
same_scalar_rxryrz,4,10,5,7.252928779481003e-05,9.218483608661332e-06,4.604359131469522e-05,7.691990924121076e-06,3.88936585803064e-05,1.1883198512301676,0.15103563544430731
same_scalar_rxryrz,4,11,5,7.667791110263325e-05,5.768188854700786e-06,5.372551039282976e-05,4.133104159196541e-06,4.022097352341281e-05,1.256290895505543,0.09450600619541773
same_scalar_rxryrz,4,12,5,9.777205517371226e-05,1.5518249727787433e-05,5.5934464461511965e-05,1.0502986911727787e-05,4.864247555361963e-05,1.6018973519664486,0.25425100354054686
same_scalar_rxryrz,4,13,5,7.79005044451549e-05,1.111204940922539e-05,5.431697504442797e-05,6.968611248966254e-06,4.506207818085261e-05,1.276321864829418,0.1820598175207488
same_scalar_rxryrz,4,14,5,9.832697224642613e-05,1.6660909613751362e-05,5.663932855709113e-05,4.149217816160669e-06,4.6706369188080765e-05,1.6109891132861307,0.27297234311224433
same_scalar_rxryrz,4,15,5,7.234110983881565e-05,5.5773943957385274e-06,5.0368914392463056e-05,5.939083275014807e-06,4.265062803806381e-05,1.1852367435991558,0.09138002977978008
same_scalar_rxryrz,4,16,5,6.991852631365065e-05,5.380347739038385e-06,4.9115068981435696e-05,4.8065748519763836e-06,4.010722483498159e-05,1.1455451351228523,0.08815161735640482
same_scalar_rxryrz,4,17,5,7.065498213889737e-05,4.756468900633834e-06,4.7113537768066014e-05,6.188182082296073e-06,3.97737114968023e-05,1.1576112273636945,0.07792998646798474
same_scalar_rxryrz,4,18,5,6.727585443979146e-05,9.873025387213455e-06,4.0526633426132046e-05,7.370930903517679e-06,3.5360380294960596e-05,1.1022475991415435,0.16175964794410522
same_scalar_rxryrz,4,19,5,7.693329357691265e-05,4.880169962487913e-06,5.3061196734457907e-05,5.5319366519451715e-06,4.234816359380858e-05,1.2604750819641368,0.07995670466540206
same_scalar_rxryrz,4,20,5,6.34251165719924e-05,8.85679321477148e-06,4.2899987297049064e-05,7.794513677047048e-06,3.551405975484766e-05,1.0391571099155235,0.145109700030816
same_scalar_rxryrz,4,21,5,7.88159412662127e-05,9.060989503736132e-06,4.954786183652644e-05,1.2394853732444487e-05,4.099522904959091e-05,1.291320381705629,0.14845525202921278
same_scalar_rxryrz,4,22,5,7.344688138013152e-05,7.153457854931196e-06,4.218685795492323e-05,7.849514756895201e-06,3.66905138324861e-05,1.2033537045320748,0.11720225349519271
same_scalar_rxryrz,4,23,5,9.973295051799575e-05,1.737178870219021e-05,5.822713345266481e-05,1.0069109522933616e-05,5.1710997195753344e-05,1.6340246612873588,0.2846193860970835
same_scalar_rxryrz,4,24,5,0.00011058918686803391,1.3613295112711105e-05,6.28494055438853e-05,8.97120780900883e-06,5.341776374748608e-05,1.8118932376467043,0.2230402271266643
same_scalar_rxryrz,4,25,5,9.931515082803698e-05,1.1389490455608916e-05,5.6623865620758e-05,1.0642199791265326e-05,5.0322299652395525e-05,1.627179431166993,0.18660541162513
same_scalar_rxryrz,4,26,5,8.162665159552513e-05,9.310209232709474e-06,5.4579470085693354e-05,6.1282242367266216e-06,4.4450100999447476e-05,1.3373710597410837,0.15253846806871202
same_scalar_rxryrz,4,27,5,6.633304440884728e-05,1.1375360147542658e-05,4.468525231517958e-05,1.0078419295685575e-05,3.670079330882549e-05,1.0868005995945538,0.18637390065733891
same_scalar_rxryrz,4,28,5,6.909944845996602e-05,9.737731067930055e-06,5.040308681464056e-05,1.0707708594036386e-05,4.341211124603094e-05,1.1321253635680832,0.15954298581696605
same_scalar_rxryrz,4,29,5,7.044303325879966e-05,7.835493369753048e-06,4.5491652882243035e-05,9.892111238996392e-06,3.836855835249722e-05,1.1541386569121737,0.12837672337003397
same_scalar_rxryrz,4,30,5,6.704211451615948e-05,7.697035274972148e-06,4.615851917775727e-05,8.082965760224552e-06,3.5367242209811434e-05,1.098418004232757,0.1261082259451437
same_scalar_rxryrz,4,31,5,6.482858328261918e-05,8.342039031241468e-06,4.637132759562991e-05,6.758498612536293e-06,3.7508462252723045e-05,1.0621515085024327,0.13667596748786023
same_scalar_rxryrz,4,32,5,5.906253375693334e-05,2.9192095440695806e-06,4.303468691648728e-05,3.7303783547344834e-06,3.321398081963364e-05,0.9676805530735958,0.047828329170035974
same_scalar_rxryrz,4,33,5,6.770158283567559e-05,9.933456243403114e-06,4.4518251900327904e-05,1.0291663275532378e-05,3.826783658013157e-05,1.1092227331797089,0.1627497470919166
same_scalar_rxryrz,4,34,5,6.841304564735093e-05,4.290606281364147e-06,4.693230724903553e-05,1.0287257316899787e-05,3.7874769104501484e-05,1.1208793398861976,0.07029729331387019
same_scalar_rxryrz,4,35,5,6.592002947588471e-05,3.726269461825905e-06,4.358844435034122e-05,5.15773842592163e-06,3.365503370362277e-05,1.0800337629328953,0.061051198862555583
same_scalar_rxryrz,4,36,5,7.665948110597632e-05,6.984289153790033e-06,5.171332328743335e-05,6.7936497792619855e-06,4.1064098686317377e-05,1.255988938440316,0.11443059349569583
same_scalar_rxryrz,4,37,5,8.695172865554396e-05,8.818909087794292e-06,4.9684237981024204e-05,1.3707078876800134e-05,4.54394251813844e-05,1.4246171222924322,0.14448900649442167
same_scalar_rxryrz,4,38,5,7.334053713640896e-05,8.314609156264942e-06,4.837103960823434e-05,9.439092881963016e-06,3.998332501378766e-05,1.2016113604429244,0.13622655641624482
same_scalar_rxryrz,4,39,5,7.477138561021523e-05,5.995586799729058e-06,4.322751777827411e-05,4.6206727982521595e-06,3.798555763556552e-05,1.2250543818377664,0.09823169412676089
same_scalar_rxryrz,4,40,5,6.531179257127022e-05,7.427420201587222e-06,4.24612971678421e-05,3.830875607246977e-06,3.602093215420033e-05,1.0700684094876913,0.12169085258280504
same_scalar_rxryrz,5,1,5,6.954223952158577e-05,3.7620529744442186e-06,4.7562985063801934e-05,3.7095067520456137e-06,4.0185064083365116e-05,1.1393800523216613,0.061637475933294085
same_scalar_rxryrz,5,2,5,6.762312843661552e-05,1.0348297601356346e-05,4.52931815174452e-05,1.027273090440089e-05,3.939025057207455e-05,1.1079373363055087,0.16954650790062228
same_scalar_rxryrz,5,3,5,6.482252712135707e-05,8.488487852748646e-06,4.516550087470168e-05,1.0651004914625732e-05,3.6381024499046126e-05,1.0620522843563143,0.1390753849794338
same_scalar_rxryrz,5,4,5,6.46840100106331e-05,2.8863876072604377e-06,4.232316139484345e-05,4.357121296593204e-06,3.8770518585507906e-05,1.0597828200142128,0.04729057455735505
same_scalar_rxryrz,5,5,5,6.0772887179530436e-05,8.449737244013862e-06,4.329870666591223e-05,1.1282766226785523e-05,3.516427132349742e-05,0.9957029835494267,0.13844049500592312
same_scalar_rxryrz,5,6,5,6.078853247304584e-05,5.6002632174514654e-06,3.95439113766793e-05,4.417328150804396e-06,3.477122577148012e-05,0.9959593160383831,0.09175471255472474
same_scalar_rxryrz,5,7,5,6.201494349527909e-05,5.421988024332831e-06,4.500746234263617e-05,2.62506039867526e-06,3.383662226762428e-05,1.0160528342266526,0.08883385179066917
same_scalar_rxryrz,5,8,5,5.6535957947145375e-05,5.006445969517243e-06,4.265246325798461e-05,6.630552888274357e-06,3.242205729800815e-05,0.9262851350060298,0.08202561076457048
same_scalar_rxryrz,5,9,5,6.753383067959131e-05,3.900893289825141e-06,5.059454053908053e-05,7.4595466012215375e-06,3.967637041935996e-05,1.106474281854424,0.06391223566049511
same_scalar_rxryrz,5,10,5,6.860737600867473e-05,8.571379779979192e-06,4.5559717645334795e-05,3.1498207635976533e-06,3.901151552122658e-05,1.1240632485261268,0.14043348631517907
same_scalar_rxryrz,5,11,5,7.194922445460158e-05,6.861418674916146e-06,5.126740160745577e-05,5.414038485510678e-06,4.317205879280296e-05,1.1788160934641922,0.11241748356982613
same_scalar_rxryrz,5,12,5,6.772133286219715e-05,8.363721080384731e-06,4.731348740964816e-05,1.3908507111470644e-05,3.8691634919365875e-05,1.1095463176142382,0.13703120618102343
same_scalar_rxryrz,5,13,5,6.493891672791571e-05,8.216211308215336e-06,4.2130169157390364e-05,6.8920563396223445e-06,3.489191490418839e-05,1.063959211670171,0.13461440607380007
same_scalar_rxryrz,5,14,5,7.951706789097356e-05,8.49098551605725e-06,5.289902276370812e-05,4.520530699011021e-06,4.28043905823066e-05,1.3028076403257107,0.13911630669508182
same_scalar_rxryrz,5,15,5,5.8560894814989034e-05,7.528214450799932e-06,3.935374565280524e-05,4.978146369090345e-06,3.1088479492687374e-05,0.9594617006487803,0.12334226556190611
same_scalar_rxryrz,5,16,5,6.436206601730503e-05,8.08221478769353e-06,4.017153282480131e-05,3.0411701337774777e-06,3.408508630273358e-05,1.0545080896275256,0.13241900708157078
same_scalar_rxryrz,5,17,5,6.317375794727462e-05,3.4157616034509457e-06,4.5124653324311057e-05,4.09509559129184e-06,3.463239395782496e-05,1.0350388502081473,0.055963838110940266
same_scalar_rxryrz,5,18,5,6.585469271161506e-05,6.545421913799486e-06,4.335320615304651e-05,6.772938963866125e-06,3.562463243830271e-05,1.0789632853871012,0.10724019263569078
same_scalar_rxryrz,5,19,5,6.131850313510946e-05,9.911981112638495e-06,4.090217702262446e-05,3.854538092998474e-06,3.340842291404203e-05,1.0046423553656336,0.16239789854946923
same_scalar_rxryrz,5,20,5,6.208325198097689e-05,5.153719973826131e-06,4.4072691456098095e-05,6.5998400428988655e-06,3.4927172415572636e-05,1.0171720004563252,0.08443854805116717
same_scalar_rxryrz,5,21,5,5.966911505619085e-05,9.46664758198267e-06,4.420584030932863e-05,6.894758468892244e-06,3.6442473236375496e-05,0.9776187810806309,0.15510155398320408
same_scalar_rxryrz,5,22,5,6.421317076581431e-05,4.821912316643118e-06,4.5261537128572806e-05,4.874458860771856e-06,3.587312868426672e-05,1.0520685898271016,0.07900221139588084
same_scalar_rxryrz,5,23,5,7.000603472274904e-05,9.930482943267591e-06,4.433180695588367e-05,5.827222617081455e-06,3.773494587635954e-05,1.1469788728975203,0.1627010325424962
same_scalar_rxryrz,5,24,5,6.807767270151447e-05,7.034315583447766e-06,4.786882763576194e-05,6.23242618047491e-06,3.858891212207766e-05,1.115384589541613,0.1152502265192082
same_scalar_rxryrz,5,25,5,8.090641761653383e-05,9.70758499052904e-06,5.086405802068953e-05,7.47235087127095e-06,4.709610077344144e-05,1.3255707462292903,0.15904907248482772
same_scalar_rxryrz,5,26,5,6.212807959085296e-05,4.1092240311744795e-06,4.306669958300686e-05,6.0191065487787715e-06,3.429697543980504e-05,1.017906456016535,0.06732552652676264
same_scalar_rxryrz,5,27,5,5.92913466673724e-05,3.4333232847904757e-06,4.159661552853165e-05,2.978858342236323e-06,3.4800912808411254e-05,0.9714294237982296,0.05625156869800724
same_scalar_rxryrz,5,28,5,6.036869067301611e-05,4.009414117014799e-06,4.147780504716265e-05,4.3636004271419585e-06,3.403938621308382e-05,0.9890806279866962,0.06569024089317044
same_scalar_rxryrz,5,29,5,6.27842057116819e-05,7.000035594076202e-06,4.512603035933502e-05,7.072444722974391e-06,3.6432110412205074e-05,1.0286564263801963,0.11468858317334449
same_scalar_rxryrz,5,30,5,6.826185748687257e-05,7.78316174673147e-06,4.7499816574754666e-05,7.584800031644763e-06,3.846203555903955e-05,1.1184022730649201,0.12751932205844843
same_scalar_rxryrz,5,31,5,6.577408759947712e-05,1.2563288080599284e-05,4.323479578731005e-05,8.460392443717104e-06,3.729570424902437e-05,1.0776426512298332,0.2058369119125386
same_scalar_rxryrz,5,32,5,5.6594217887215615e-05,1.0830484738897623e-05,3.968162137051591e-05,9.734287233139343e-06,3.357707690981942e-05,0.9272396658641406,0.17744666196209866
same_scalar_rxryrz,5,33,5,5.7551190475184756e-05,4.321624913952295e-06,4.3454390503537954e-05,2.981696092555896e-06,3.5048937823553625e-05,0.942918704745427,0.07080550259019437
same_scalar_rxryrz,5,34,5,6.521392981155345e-05,6.452374228224113e-06,4.3625006823020274e-05,3.5566147434979213e-06,3.500083120456941e-05,1.0684650260324917,0.10571569935522399
same_scalar_rxryrz,5,35,5,6.058232191168593e-05,1.1314151434089845e-05,4.5733350659370394e-05,1.6876885680243198e-05,3.247676728413042e-05,0.9925807622010623,0.1853710570961282
same_scalar_rxryrz,5,36,5,6.512393341813935e-05,7.178140907312215e-06,4.429354178847732e-05,8.19090024917945e-06,3.573812481060979e-05,1.0669905251227951,0.11760666062540336
same_scalar_rxryrz,5,37,5,6.196642293865238e-05,7.5961711600964735e-06,3.844685978850425e-05,4.838912007435302e-06,3.44850475794405e-05,1.0152578734268807,0.1244556682870206
same_scalar_rxryrz,5,38,5,6.604541728461654e-05,1.161867130180799e-05,4.2199956243941344e-05,1.1418901745000252e-05,3.4768099666126456e-05,1.0820881167911574,0.19036031060882214
same_scalar_rxryrz,5,39,5,6.541562084769714e-05,1.418379321024024e-05,3.892533537474608e-05,7.5340168483884895e-06,3.753141034468271e-05,1.07176953196867,0.23238726795657613
same_scalar_rxryrz,5,40,5,6.0679876789317954e-05,6.033807293892507e-06,4.0249196613000614e-05,5.002708181207907e-06,3.266132904364202e-05,0.9941791013161854,0.09885789870313486
same_scalar_rxryrz,6,1,5,6.42208221293135e-05,6.390849141821759e-06,4.297271630710533e-05,4.2105866853344965e-06,3.6007316568103026e-05,1.0521939497666726,0.10470767233960773
same_scalar_rxryrz,6,2,5,6.22355008701575e-05,4.242894990567515e-06,4.342831329968713e-05,6.943380308876251e-06,3.552786239313154e-05,1.0196664462566605,0.06951559152545825
same_scalar_rxryrz,6,3,5,5.9341915029039836e-05,4.05687387015817e-06,4.233716390197683e-05,7.701051320654664e-06,3.56317004750423e-05,0.9722579358357887,0.06646782148867146
same_scalar_rxryrz,6,4,5,6.39570123853008e-05,4.1824440925632255e-06,4.510059819288194e-05,5.164271656499797e-06,3.464614733927336e-05,1.0478716909207684,0.06852516401255594
same_scalar_rxryrz,6,5,5,6.140540226613347e-05,7.08703258818358e-06,4.3172465712588935e-05,7.527909701153231e-06,3.627142052168654e-05,1.0060661107283309,0.11611394192479978
same_scalar_rxryrz,6,6,5,6.02835541178559e-05,2.5268724344510637e-06,4.337389347240434e-05,7.053081475847455e-06,3.537596315385528e-05,0.9876857506669511,0.041400277966046145
same_scalar_rxryrz,6,7,5,6.323367919871329e-05,3.396694827273675e-06,4.331960489669337e-05,4.6758400041404415e-06,3.725322845012066e-05,1.0360205999917185,0.055651448050051885
same_scalar_rxryrz,6,8,5,5.6892448548834086e-05,9.437894651851674e-06,4.007128066695692e-05,7.88150646406517e-06,3.31822695698818e-05,0.9321258770240977,0.15463046597593783
same_scalar_rxryrz,6,9,5,6.203065436757972e-05,3.283407244272451e-06,4.4445010383636285e-05,3.0024735973444035e-06,3.350889821326172e-05,1.0163102411584262,0.053795344290159836
same_scalar_rxryrz,6,10,5,6.689915346900545e-05,7.336634833909385e-06,4.3264326433444956e-05,3.181020067973025e-06,3.7275863186056654e-05,1.0960757304361854,0.12020342511877134
same_scalar_rxryrz,6,11,5,6.444426726265635e-05,1.0312264532782615e-05,4.567463057352475e-05,8.104425363547086e-06,3.77830423994786e-05,1.0558548748313616,0.16895614210511037
same_scalar_rxryrz,6,12,5,6.242978969054e-05,6.612239457820276e-06,4.20821033110868e-05,4.956672388326365e-06,3.677950016722247e-05,1.0228496742898074,0.10833493127692742
same_scalar_rxryrz,6,13,5,6.957169118000333e-05,6.193790827293757e-06,4.823814981408214e-05,4.0731670435751856e-06,4.16853453972395e-05,1.1398625882931746,0.10147906891438091
same_scalar_rxryrz,6,14,5,6.653514888384241e-05,5.427133562134804e-06,4.6139863154864986e-05,3.654084008643807e-06,3.7172595233833776e-05,1.0901118793128741,0.08891815628201669
same_scalar_rxryrz,6,15,5,6.134098157821986e-05,8.988799908103858e-06,4.540305253540969e-05,7.040928179113327e-06,3.45386032866582e-05,1.0050106421775542,0.1472724976943735
same_scalar_rxryrz,6,16,5,6.282469781983651e-05,2.8011128556542854e-06,4.324040783131333e-05,6.5656130856273814e-06,3.726695362381053e-05,1.0293198490802014,0.045893433027039805
same_scalar_rxryrz,6,17,5,6.190088050222133e-05,8.709521047253763e-06,4.3550953139795295e-05,1.093948185557342e-05,3.5367201765336794e-05,1.0141840261483943,0.14269679283820566
same_scalar_rxryrz,6,18,5,5.924693531577365e-05,4.509243704266255e-06,4.054114916842766e-05,5.014554868794774e-06,3.309071817908171e-05,0.9707017882136355,0.07387944885069832
same_scalar_rxryrz,6,19,5,5.5625553367848014e-05,6.7724302834570204e-06,3.8169640692384095e-05,4.889855610963002e-06,3.176581022190833e-05,0.9113690663788221,0.11095949776415985
same_scalar_rxryrz,6,20,5,5.9007072964883226e-05,6.067321872584214e-06,3.9366412391475436e-05,6.130575530520471e-06,3.2228603126242705e-05,0.9667718834566468,0.09940700156041976
same_scalar_rxryrz,6,21,5,6.258296998959339e-05,8.18243049805484e-06,4.16645690673375e-05,4.7604706568572065e-06,3.589252659112767e-05,1.025359380309498,0.1340609412801305
same_scalar_rxryrz,6,22,5,5.789138767040088e-05,5.803459634712222e-06,3.959232976553977e-05,3.955188585943618e-06,3.105152951439435e-05,0.948492495591848,0.09508388265512503
same_scalar_rxryrz,6,23,5,5.914797263572983e-05,8.612606318338323e-06,3.9556560856187467e-05,5.603275440242514e-06,3.429573640920145e-05,0.9690803836637976,0.14110894191965512
same_scalar_rxryrz,6,24,5,6.141459345082626e-05,8.630730962856772e-06,4.593263500927534e-05,7.2490649754166e-06,3.564070810772989e-05,1.0062166990983374,0.14140589609544543
same_scalar_rxryrz,6,25,5,5.978177611863292e-05,3.3748204169367594e-06,3.8993154977195306e-05,6.020409131439156e-07,3.0949342196729325e-05,0.9794646199276817,0.0552930577110919
same_scalar_rxryrz,6,26,5,5.591150583918801e-05,6.751312140684183e-06,3.7738305532576646e-05,1.7731472986853918e-06,2.9905249436349714e-05,0.9160541116692565,0.11061349811296968
same_scalar_rxryrz,6,27,5,6.386945616575531e-05,5.963913090780659e-06,4.819126564208046e-05,5.425099959299866e-06,3.798997316508205e-05,1.046437169819735,0.09771275207935029
same_scalar_rxryrz,6,28,5,5.729425753977377e-05,9.291427833712517e-06,4.001347351482051e-05,1.0095309907714087e-05,3.1275266911563247e-05,0.9387091155316535,0.1522307536275458
same_scalar_rxryrz,6,29,5,5.952789905199107e-05,3.208205444160851e-06,3.930768761354256e-05,6.938257963854707e-06,3.1796075084102176e-05,0.9753050980678217,0.052563237997131376
same_scalar_rxryrz,6,30,5,6.335024807654181e-05,6.594240650292091e-06,4.6264548711315916e-05,4.937328346011954e-06,3.69083840754616e-05,1.037930464486061,0.10804003881438562
same_scalar_rxryrz,6,31,5,5.525686076562839e-05,5.170405402221757e-06,3.727824291283464e-05,5.754980412483846e-06,3.245411151882811e-05,0.9053284067840556,0.08471192211000127
same_scalar_rxryrz,6,32,5,6.343802376706371e-05,7.877963965696409e-06,4.113598352011304e-05,5.803250005316828e-06,3.823187470540914e-05,1.0393685813995717,0.12907256161396988
same_scalar_rxryrz,6,33,5,6.344290698743086e-05,8.197499750951645e-06,4.3234275132113815e-05,7.120905186138097e-06,3.46473146279207e-05,1.0394485880820672,0.13430783591959167
same_scalar_rxryrz,6,34,5,6.246410446408058e-05,5.3659062656115806e-06,4.018152516907645e-05,3.6627593480806386e-06,3.369645722721511e-05,1.0234118875394962,0.08791500825578012
same_scalar_rxryrz,6,35,5,5.3930416309742695e-05,6.69672552480237e-06,3.590942929638121e-05,8.067184371939285e-06,3.0014457520210873e-05,0.8835959408188243,0.10971915099836203
same_scalar_rxryrz,6,36,5,6.497559538608666e-05,8.887182172895875e-06,4.8163492678679544e-05,9.141329164023518e-06,3.809849212855621e-05,1.0645601548056438,0.14560759272072607
same_scalar_rxryrz,6,37,5,6.605720960919619e-05,7.470110669815896e-06,4.8727108645313716e-05,3.1763072934292556e-06,3.6969679024443896e-05,1.0822813222370704,0.12239029321426369
same_scalar_rxryrz,6,38,5,6.157007069987176e-05,7.62588700557532e-06,4.102264391905995e-05,4.826505985544847e-06,3.283140150075983e-05,1.0087640383466987,0.12494253269934602
same_scalar_rxryrz,6,39,5,5.99654697278885e-05,9.626001583966325e-06,4.133750003067854e-05,1.1559746700104108e-05,3.3912861421574856e-05,0.9824742560217254,0.15771240995170427
same_scalar_rxryrz,6,40,5,6.0461693386209455e-05,8.83331238849464e-06,4.108813084836761e-05,9.453596057263233e-06,3.2805040819446424e-05,0.9906043844396557,0.14472499017309617
seasonal_meridian,1,1,5,0.1173337632607914,2.176645966433816e-16,0.09499349817458722,4.0041686761453667e-16,0.09061259327057494,1922.3963772648065,3.5770728396874515e-12
seasonal_meridian,1,2,5,0.0053013927103618,0.0,0.002637615739645,0.0,0.0023274947552649,86.85801816656871,2.1493183712456946e-13
seasonal_meridian,1,3,5,4.4696983632809786e-05,5.878188958296951e-20,3.034855354525632e-05,6.802681859815491e-19,1.4243397870446986e-05,0.7323153798399555,9.883479487474066e-16
seasonal_meridian,1,4,5,4.087449760488162e-08,7.676236084492097e-22,9.056657851612502e-09,7.997027128464028e-22,6.060442591885957e-09,0.0006696877687583,0.0
seasonal_meridian,1,5,5,4.7690660811070185e-12,5.543873361017656e-24,1.7964742794717116e-13,2.5014415492069635e-23,1.610384825389924e-13,7.813637867285739e-08,9.083022814791946e-20
seasonal_meridian,1,6,5,1.1125321753705608e-14,1.2727576873519158e-25,2.4537197534221125e-17,6.935448709623546e-26,1.0396022427192567e-19,1.8227727161271268e-10,2.0852976265566087e-21
seasonal_meridian,1,7,5,8.184905095722185e-11,1.5790670296942697e-23,2.515565125863753e-12,6.850698504598621e-24,1.7509710300170971e-12,1.341014850883123e-06,2.5869939246943263e-19
seasonal_meridian,1,8,5,8.723983718433229e-08,5.717104746318399e-22,1.5915057777802525e-08,1.7945816359224949e-22,1.2750969467357982e-08,0.00142933749242804,5.4691202768561126e-17
seasonal_meridian,1,9,5,2.6811628277036375e-05,8.01778319179272e-20,1.2698490503367526e-05,4.77954806119787e-20,7.539479346892421e-06,0.43928171769096397,1.3371736463036914e-15
seasonal_meridian,1,10,5,0.0030016534921723,0.0,0.001812768318902,0.0,0.0014003665375909,49.17909081575215,7.469152777740589e-14
seasonal_meridian,1,11,5,0.07506293901324326,8.804469334467935e-17,0.05654897396665294,3.2842672538610136e-16,0.050469968315808945,1229.8311927929783,1.0904458402621274e-12
seasonal_meridian,1,12,5,0.15398935653737206,1.5639472591400866e-16,0.1495065649115165,7.292113943468765e-16,0.13811668427741358,2522.961617508304,2.1690066237555257e-12
seasonal_meridian,1,13,5,0.06732844039745978,1.336525354574002e-16,0.04803675716940054,2.7174873744894947e-16,0.04548886749337366,1103.109167471982,1.909126652179414e-12
seasonal_meridian,1,14,5,0.00415915191803796,5.455422639159958e-17,0.00141982985068772,4.462318517962847e-17,0.0012643262230673,68.14354502513453,1.464821375527116e-13
seasonal_meridian,1,15,5,3.339584628965214e-05,5.3140770664888085e-20,1.058700965009699e-05,1.0681686633119638e-19,7.574018135416345e-06,0.5471575456096607,8.706583865735264e-16
seasonal_meridian,1,16,5,3.6437263973650495e-08,1.2821587670385476e-21,4.877742252978258e-09,1.3650195772411235e-21,3.1145182029413397e-09,0.00059698813294424,5.4767075217327676e-17
seasonal_meridian,1,17,5,1.520496331976873e-12,3.5697577378495365e-24,8.841510263540557e-14,4.353128775576203e-24,6.134309557939057e-14,2.4911811903109087e-08,5.848847949728431e-20
seasonal_meridian,1,18,5,1.1518652075373345e-13,2.8515681311991053e-25,4.731543371556443e-18,2.4977442927671354e-26,5.665651803847732e-19,1.887215956029169e-09,4.672087518130076e-21
seasonal_meridian,1,19,5,9.973241367730525e-12,2.2006584651749118e-23,7.758819919404108e-13,2.869065736065484e-23,2.578848191278326e-13,1.6340158656889692e-07,3.6054312286113666e-19
seasonal_meridian,1,20,5,3.395589954040868e-08,7.147376607932197e-22,1.132619183849561e-08,1.3051278195682879e-20,6.918783547135236e-09,0.00055633345807,0.0
seasonal_meridian,1,21,5,3.737609747764008e-05,2.9342082006585146e-20,1.582171720827672e-05,6.256586947956829e-20,1.548089671051163e-05,0.612369981073655,4.80740671595891e-16
seasonal_meridian,1,22,5,0.0038836475526706,0.0,0.0017694280332132598,5.4786871738927516e-17,0.0020246640977608,63.62968150295582,5.19717205745273e-14
seasonal_meridian,1,23,5,0.07719141830490714,8.74961229366151e-17,0.054284976557094244,1.134885743283862e-16,0.057285959140690436,1264.704197507599,1.6785660432371288e-12
seasonal_meridian,1,24,5,0.21572483548789934,3.4943376836555273e-16,0.18533336123377447,6.195464776079161e-16,0.18430488311601367,3534.4357046337427,5.485316288202202e-12
seasonal_meridian,1,25,5,0.0857906058950425,1.0637122930226486e-16,0.0608972461161212,2.260205560892005e-16,0.05752372391848026,1405.5932869843766,1.7316263224219958e-12
seasonal_meridian,1,26,5,0.0051007670943682,0.0,0.00308871254663218,4.489277842368186e-17,0.0022816736829402,83.57096807412955,1.1234667099445443e-13
seasonal_meridian,1,27,5,8.286849324005578e-05,1.991806575454861e-19,3.454144314477748e-05,3.7819807676146547e-19,1.9385618349430783e-05,1.3577173932450741,3.1791949213824896e-15
seasonal_meridian,1,28,5,9.009654037419036e-08,3.531633070412479e-21,1.0390639128055049e-08,2.1259310974479295e-21,7.64877682500479e-09,0.00147614171749068,8.3672174374247e-17
seasonal_meridian,1,29,5,2.439207734625639e-10,1.11078522151497e-22,1.6519157509806793e-13,1.4332078944964113e-23,3.242919351658387e-13,3.996397952410647e-06,1.8196527109930923e-18
seasonal_meridian,1,30,5,2.49188813592117e-15,3.3698140416604927e-25,1.889644206935706e-18,1.948299172429841e-27,1.046627459275247e-18,4.082709521893245e-11,5.5210983323767735e-21
seasonal_meridian,1,31,5,4.954753530687868e-12,4.7904965792745566e-24,1.2945694307170267e-13,9.736737888436344e-24,1.779835477452696e-13,8.117868184679004e-08,7.848378060692232e-20
seasonal_meridian,1,32,5,1.214625269148444e-08,1.7579816397387092e-21,1.3806056458888078e-09,5.50573968803082e-22,9.957430711896372e-10,0.00019900420409722,4.4729253054113465e-17
seasonal_meridian,1,33,5,2.188529115913712e-05,6.712435497084083e-20,6.578273542002375e-06,3.099492515864873e-20,3.22150787479219e-06,0.35856861035130255,1.0867291483613812e-15
seasonal_meridian,1,34,5,0.0023513533422863,0.0,0.0008271353257937001,0.0,0.0006011647123254,38.52457316001915,5.5038403647350507e-14
seasonal_meridian,1,35,5,0.05847169683158364,5.78472408881601e-17,0.05148398984875128,3.0142286762365567e-16,0.04313694324305428,958.0002808886671,9.646648066153113e-13
seasonal_meridian,1,36,5,0.13311861433221756,1.4084416362486778e-16,0.13731801540488217,1.2913055973898932e-15,0.12173962925251158,2181.015377219053,1.995195904644816e-12
seasonal_meridian,1,37,5,0.054345346619166277,8.369928418277285e-17,0.04300415504852314,2.1959160043725583e-16,0.04074872164461314,890.3941590084211,9.077166068136257e-13
seasonal_meridian,1,38,5,0.002391856232915,0.0,0.0013981286439772,0.0,0.0015162428479595,39.18817252008018,3.426112997215453e-14
seasonal_meridian,1,39,5,1.908446948919704e-05,4.77954806119787e-20,7.856994945398751e-06,8.624775468843979e-20,8.492029266674514e-06,0.31267994811100425,7.437251374183974e-16
seasonal_meridian,1,40,5,5.958135708659961e-08,9.524294214088876e-22,2.0768021394411056e-09,3.746248210662217e-21,4.864930431532737e-09,0.0009761809545067999,0.0
seasonal_meridian,2,1,5,0.016376061395344022,0.0015604999208995978,0.00779976812305874,0.0017677104091573222,0.00614647177952578,268.3053899013172,25.567230704018847
seasonal_meridian,2,2,5,0.0002534488656744,3.999304264216261e-05,9.532081786287228e-05,1.997127692170207e-05,8.431134440419903e-05,4.1525062152102326,0.65524601064947
seasonal_meridian,2,3,5,7.244075639641526e-05,2.172863328167764e-05,2.858781258412254e-05,9.730502708621753e-06,2.60439768512234e-05,1.1868693527988676,0.35600192768700645
seasonal_meridian,2,4,5,4.987941782163509e-05,1.2523645431067453e-05,1.3357437574067562e-05,2.645429878990119e-06,1.2979342572002186e-05,0.8172243815896694,0.20518740674260919
seasonal_meridian,2,5,5,0.00011478401459336432,6.022583064204019e-05,2.3594276057306278e-05,1.3428296831599416e-05,2.061445323583742e-05,1.8806212950982295,0.9867400092398922
seasonal_meridian,2,6,5,0.0002041194111967,8.98380526166937e-05,3.950374129740529e-05,2.269160337484414e-05,3.276872471254248e-05,3.3442924330470967,1.471906654071808
seasonal_meridian,2,7,5,0.00014265723769830464,9.376727788611928e-05,2.8094839879391385e-05,9.646894085705612e-06,2.5837174579276335e-05,2.3372961824491414,1.5362830808863468
seasonal_meridian,2,8,5,5.9133632713458196e-05,1.8399246164614996e-05,2.1263235458558314e-05,3.133362280810769e-06,1.7085629437946548e-05,0.9688454383772991,0.30145324916105204
seasonal_meridian,2,9,5,7.216964081451402e-05,1.9618469698555546e-05,2.9415522773023515e-05,9.174064653623457e-06,2.5337873261365632e-05,1.1824273951049977,0.32142900754113407
seasonal_meridian,2,10,5,0.00018593466790004,3.219387735758407e-05,7.827416651580217e-05,1.536969628001623e-05,6.502497155351392e-05,3.046353598874707,0.5274644866270032
seasonal_meridian,2,11,5,0.00979908492686398,0.0009731209417793568,0.0032157568489957203,0.0005851293314849835,0.0028543678183426202,160.54820744174006,15.943613510112835
seasonal_meridian,2,12,5,0.02956629629047896,0.001360973452201304,0.02159619014550884,0.0020391159284778525,0.0180852580521283,484.41419842320795,22.298189040866152
seasonal_meridian,2,13,5,0.00925125831535244,0.0006596438118856611,0.00312091168450062,0.0004853085928611499,0.00253991062008184,151.57261623873518,10.807604213934608
seasonal_meridian,2,14,5,0.00030005240997036,8.217211977123663e-05,8.564073852212446e-05,3.2398462771372035e-05,7.672333121027941e-05,4.916058684955453,1.346308010331674
seasonal_meridian,2,15,5,6.0063943593054865e-05,3.29123162429221e-06,2.4393757166245997e-05,6.87916037193307e-06,2.2349540502288725e-05,0.9840876518286109,0.053923538932403606
seasonal_meridian,2,16,5,4.377065850450165e-05,1.0788707540587552e-05,1.7905058464894776e-05,4.5752872421620376e-06,1.400578296427989e-05,0.717138468937755,0.17676218434498644
seasonal_meridian,2,17,5,0.00010212049527364594,6.396327647660491e-05,3.227682356321716e-05,2.0496801488279972e-05,2.289140665124657e-05,1.6731421945637177,1.0479743217930055
seasonal_meridian,2,18,5,0.00012330783005656996,8.407551834327481e-05,3.506529176982818e-05,2.284595986240706e-05,2.6095022518235608e-05,2.020275487647166,1.3774932925366443
seasonal_meridian,2,19,5,8.597044722867811e-05,3.4221088731591624e-05,2.184223557376306e-05,7.886507686775808e-06,1.8137136469360903e-05,1.4085398073951214,0.5606783177789314
seasonal_meridian,2,20,5,3.637394139740931e-05,1.0224227216833457e-05,1.363075197256831e-05,3.851995271781313e-06,1.173028285853539e-05,0.5959506558551543,0.1675137387205993
seasonal_meridian,2,21,5,6.491435265081196e-05,1.0710875936388848e-05,3.029840959560433e-05,7.537868956197739e-06,2.7224361693191594e-05,1.0635567538309032,0.17548699134179485
seasonal_meridian,2,22,5,0.00024869455426058,5.378576567101778e-05,8.575241759793731e-05,1.93805368782159e-05,7.784339182103962e-05,4.074611577006316,0.8812259847536125
seasonal_meridian,2,23,5,0.00979000312948378,0.000920791111398545,0.00345912467674808,0.00023524651077983647,0.00291243602013518,160.39941127346322,15.086241569153646
seasonal_meridian,2,24,5,0.060478391947075064,0.0016539821369028589,0.0338797923276908,0.0034325177366535215,0.03037614723664566,990.8779736608789,27.09884333101664
seasonal_meridian,2,25,5,0.01260586309202904,0.0012747322401890921,0.0037259144499937,0.0004073362322269626,0.0033095318233426797,206.5344608998048,20.885213023257705
seasonal_meridian,2,26,5,0.00026102973838174,2.269933239499508e-05,9.790022874674818e-05,1.529939425613817e-05,8.065211549546603e-05,4.276711233647263,0.371905861959843
seasonal_meridian,2,27,5,7.585739947160266e-05,2.7481424636385228e-05,2.9555912485243226e-05,1.0654842446764089e-05,2.4653031777278267e-05,1.242847632943032,0.45025566124312855
seasonal_meridian,2,28,5,4.81379922622517e-05,1.8312855726611055e-05,1.543299263556174e-05,5.804898911361227e-06,1.4015386281330123e-05,0.7886928652247318,0.30003782822479547
seasonal_meridian,2,29,5,0.00012498352545814377,6.344607072006265e-05,2.5156303564224286e-05,1.121174644216507e-05,2.36685925431733e-05,2.047730081106672,1.0395004226778748
seasonal_meridian,2,30,5,0.00016126070929119542,8.867349690851536e-05,3.4826880864129076e-05,2.6412717053547914e-05,2.696486439574885e-05,2.64209546102727,1.4528265733491548
seasonal_meridian,2,31,5,0.00011727204263544568,4.95301340250633e-05,2.6160299373618855e-05,1.1806734292208687e-05,2.2654097746607836e-05,1.921385146539907,0.8115017158672083
seasonal_meridian,2,32,5,4.763817149652015e-05,1.554730306006437e-05,1.4861617146906306e-05,2.7977709991811614e-06,1.1687821848094423e-05,0.7805038017989862,0.25472701333609465
seasonal_meridian,2,33,5,5.667076313511007e-05,1.3780744391517617e-05,2.186862211107647e-05,5.859584310890078e-06,1.9259704288808432e-05,0.9284937832056434,0.22578371611062464
seasonal_meridian,2,34,5,0.00021794106834902,6.254628963130668e-05,7.347660725686195e-05,1.0446335525500527e-05,6.322676918168649e-05,3.5707464638312816,1.0247584093192854
seasonal_meridian,2,35,5,0.0058253999235072604,0.0006596879620789095,0.00260765774104442,0.0003619842987632796,0.00229862180960608,95.44335234674347,10.80832757070108
seasonal_meridian,2,36,5,0.02144492574283366,0.0011407854489283147,0.0164425148853002,0.0017860025230746247,0.013700647445453459,351.35366337058724,18.69062879524141
seasonal_meridian,2,37,5,0.0048829897263122,0.0007117729913218956,0.00166296267884832,9.029566431774856e-05,0.0012357652455688198,80.00290367589945,11.661688689818074
seasonal_meridian,2,38,5,0.0001624238239958,2.59964785010142e-05,7.518583906329841e-05,2.214323900794971e-05,6.624133306378092e-05,2.661151932348183,0.425926303760741
seasonal_meridian,2,39,5,5.4444868726196816e-05,1.1618019787038928e-05,2.5663531182837687e-05,8.225114508857017e-06,2.3097548842150864e-05,0.8920247292100086,0.1903496361908458
seasonal_meridian,2,40,5,4.69686024254047e-05,4.558144710711022e-06,1.8212203988774427e-05,3.925534995959024e-06,1.5928971580598195e-05,0.7695335821378306,0.07468064294028938
seasonal_meridian,3,1,5,0.00430423969338294,0.000710006417262399,0.00130603785899898,0.00021580846393963175,0.00114939120454308,70.52066313638674,11.632745140426685
seasonal_meridian,3,2,5,0.00011625160336089632,2.548250896440468e-05,6.268986291281111e-05,2.4242560640533238e-05,5.2102288918810544e-05,1.9046662694657375,0.4175054268733618
seasonal_meridian,3,3,5,7.599022114079659e-05,1.361989498711294e-05,4.260576635075097e-05,7.869906701215907e-06,3.691436269773843e-05,1.245023783170811,0.22314835946885853
seasonal_meridian,3,4,5,6.972753150973497e-05,1.3538190699125275e-05,3.5129713580176226e-05,2.2727084394079604e-06,3.052851442622625e-05,1.1424158762554977,0.22180971641446845
seasonal_meridian,3,5,5,0.00011525900740870997,5.8905702645874155e-05,5.2921666119251884e-05,1.9533034984044616e-05,4.6756328020048384e-05,1.8884035773845174,0.9651110321502865
seasonal_meridian,3,6,5,0.00014254410656778,4.926728396761814e-05,5.7102373634481274e-05,1.3874175924864928e-05,5.3613789829643315e-05,2.335442642007146,0.8071951805257713
seasonal_meridian,3,7,5,0.0001276171148875,3.6316501006229426e-05,5.702528894908441e-05,1.5325512045133138e-05,4.746535842294889e-05,2.0908788103174327,0.5950095524865594
seasonal_meridian,3,8,5,8.71844464824884e-05,2.2896999159935445e-05,4.77255263980579e-05,6.733515265958059e-06,4.157624513729975e-05,1.4284299711693589,0.37514443423673915
seasonal_meridian,3,9,5,7.92249116823939e-05,1.5660116262719893e-05,4.616439128788206e-05,1.0175791552413755e-05,3.763617698026768e-05,1.2980209530043416,0.2565753448484027
seasonal_meridian,3,10,5,9.337397818504113e-05,2.7058918299793273e-05,4.9471159795399306e-05,1.2609578038044099e-05,4.010497388333793e-05,1.5298392585838845,0.4433333174241647
seasonal_meridian,3,11,5,0.0022183766655416,0.0003783512489026549,0.0005120164592899801,9.991663302516522e-05,0.00051149097358382,36.34588328823429,6.198906862020772
seasonal_meridian,3,12,5,0.00807868465720318,0.0010779156234832997,0.0036494697542233797,0.0007067383485295435,0.00271431712565612,132.36116942361753,17.660569575150724
seasonal_meridian,3,13,5,0.0017732445732893802,0.00023488901263987353,0.00047780511955214004,4.031044546033339e-05,0.00045958217989768,29.05283908877454,3.8484215830917545
seasonal_meridian,3,14,5,0.00012311821825144298,2.1919587122774038e-05,6.668853447515785e-05,1.3779747515398457e-05,5.3740784385064405e-05,2.017168887832149,0.3591305154196307
seasonal_meridian,3,15,5,8.492382339239664e-05,1.344162376167615e-05,5.258998352565773e-05,1.3585086697893417e-05,4.401593353080527e-05,1.391391922461032,0.2202275637113132
seasonal_meridian,3,16,5,8.996387228289013e-05,7.602778564910609e-06,4.9567129186326345e-05,6.388137819671759e-06,4.210057248449005e-05,1.4739680834828721,0.12456392400749547
seasonal_meridian,3,17,5,0.00011731760641806961,3.815246153840001e-05,5.6968966523496e-05,2.1104340333529804e-05,4.726193143715926e-05,1.9221316635539956,0.6250899298451805
seasonal_meridian,3,18,5,0.00012333060144717594,3.652724408441447e-05,6.120427272008833e-05,1.8004096221249622e-05,5.04086305215802e-05,2.020648574111233,0.5984623670792688
seasonal_meridian,3,19,5,8.177573251870838e-05,1.804926552894933e-05,3.987596793414821e-05,9.5388744293628e-06,3.563394112739987e-05,1.3398136015865885,0.29571916642646245
seasonal_meridian,3,20,5,7.322460916188625e-05,1.215958890249425e-05,4.321422365477623e-05,1.1253779108882306e-05,3.556409074314788e-05,1.1997119965083443,0.19922270457846583
seasonal_meridian,3,21,5,7.095050353072804e-05,1.0592058180831388e-05,4.3950664891920165e-05,2.0801483475055575e-06,3.6490658679182836e-05,1.1624530498474481,0.17354028123474147
seasonal_meridian,3,22,5,8.85848487735351e-05,2.8029982134795544e-05,5.2788529253785034e-05,1.3798685976849677e-05,4.488457317295896e-05,1.4513741623060963,0.45924322729707207
seasonal_meridian,3,23,5,0.00256921877467252,0.0005024978693250179,0.0004399270777928,0.0001048692842504805,0.0005072878830604799,42.0940804042351,8.232925091021132
seasonal_meridian,3,24,5,0.02196770292724488,0.0011095511321975503,0.00594570743321228,0.0017468489556684325,0.0059938332850967,359.91884475998063,18.17888574992465
seasonal_meridian,3,25,5,0.00330823953503268,0.0004820992778531587,0.00064132615827482,0.00011099870009013896,0.00063814250309242,54.20219654197668,7.8987145683458815
seasonal_meridian,3,26,5,0.00011127546823322893,2.4584801902095894e-05,6.432219624682063e-05,1.5209616102157182e-05,5.121445669476314e-05,1.8231372715338943,0.40279739436436174
seasonal_meridian,3,27,5,8.099063428248223e-05,1.2310966145845924e-05,4.3362481474900614e-05,6.9827629483276155e-06,3.8741280907252754e-05,1.326950552084189,0.20170286933353976
seasonal_meridian,3,28,5,7.639748756252562e-05,1.828995392704041e-05,4.4615843288880775e-05,1.3057400786535877e-05,3.604574685714068e-05,1.2516964362244198,0.2996626051406301
seasonal_meridian,3,29,5,0.00010584925804584918,3.502268781225791e-05,4.618229508288788e-05,1.4526269772849684e-05,4.0796030711890124e-05,1.734234243823749,0.5738117171165442
seasonal_meridian,3,30,5,0.0001280463673875101,6.718633703402851e-05,5.003877542287961e-05,2.0265150034230126e-05,4.847734844747277e-05,2.0979116832772333,1.1007809459657318
seasonal_meridian,3,31,5,9.955585631617612e-05,2.9256151829503386e-05,4.7085888817438046e-05,1.3035051959215808e-05,3.941772723197256e-05,1.631123149884474,0.4793327915746958
seasonal_meridian,3,32,5,9.398178226143741e-05,1.419584624657878e-05,4.2852005987633704e-05,5.591260794716154e-06,3.794350773100495e-05,1.5397975205717198,0.23258474490426037
seasonal_meridian,3,33,5,8.831463252315338e-05,1.9059482669054076e-05,4.49588928501746e-05,8.565344106613661e-06,4.0556956383398626e-05,1.4469469392599406,0.31227056405047854
seasonal_meridian,3,34,5,0.00010213084696339722,2.655077247022277e-05,4.7382849948061024e-05,7.1809241653139846e-06,4.084058424825618e-05,1.6733117966488618,0.4350078561523147
seasonal_meridian,3,35,5,0.0010353024307799999,0.00029928120021061847,0.00029544957393686,7.472029068336509e-05,0.00031290280936704,16.962395025900125,4.903423184250632
seasonal_meridian,3,36,5,0.00424138592434618,0.0008889934380949379,0.00212548531584352,0.0008016348500583469,0.00173398957153724,69.49086698448862,14.56526848974714
seasonal_meridian,3,37,5,0.0008346948753508599,0.00013093229752355657,0.00025457741602298003,5.447796411039252e-05,0.00026172826240782,13.675640837749222,2.145194762625391
seasonal_meridian,3,38,5,9.069702202462097e-05,2.0181346827823797e-05,5.556724743550572e-05,1.0058348253340227e-05,4.3276346178150806e-05,1.4859800088517452,0.33065118642729907
seasonal_meridian,3,39,5,8.48477860033608e-05,1.2421720525628774e-05,5.127216911606182e-05,1.975045900303278e-05,4.193686980200689e-05,1.3901461258791088,0.20351746909199034
seasonal_meridian,3,40,5,8.529002153177133e-05,1.3628402099207445e-05,4.787388963512969e-05,5.224826599299206e-06,4.115860667229212e-05,1.3973917127765414,0.22328773999341478
seasonal_meridian,4,1,5,0.0013306886637991801,0.00024034022529075295,0.00031054543194184,4.232313297404908e-05,0.0003109812335261,21.802003067686798,3.9377342511638966
seasonal_meridian,4,2,5,8.47904513912665e-05,2.4490412267794475e-05,5.38855793809342e-05,1.2103935893845734e-05,4.2417038949872886e-05,1.389206755594963,0.40125091459610635
seasonal_meridian,4,3,5,7.239264258992107e-05,1.1865040536951707e-05,4.798568870311139e-05,1.470129419521485e-06,4.0266804192587235e-05,1.1860810561932669,0.19439682415741677
seasonal_meridian,4,4,5,7.361096170522009e-05,1.7020259479697192e-05,4.752457403776491e-05,1.2310168004682009e-05,3.9231422853845015e-05,1.206041996578326,0.2788599313153588
seasonal_meridian,4,5,5,8.806586653571482e-05,2.1776496229742437e-05,5.041484186145764e-05,1.1128780879102222e-05,4.265464480815836e-05,1.4428711573212314,0.35678611422826967
seasonal_meridian,4,6,5,0.00012680808698665075,3.3957881625466527e-05,6.420133350948635e-05,1.2695069113863744e-05,5.348788366225951e-05,2.0776236971899245,0.5563659325516687
seasonal_meridian,4,7,5,9.453362667309125e-05,1.7725958046967226e-05,5.7705715672107606e-05,5.542673079026335e-06,4.4901096523364235e-05,1.5488389394123785,0.2904220966419552
seasonal_meridian,4,8,5,6.42814185891249e-05,1.0734989976892664e-05,4.211506838426022e-05,9.39847354753238e-06,3.517189192662309e-05,1.0531867621642224,0.17588207578140944
seasonal_meridian,4,9,5,6.313881133318537e-05,1.4043588174560486e-05,3.912038279518504e-05,4.788562702119294e-06,3.24170097947704e-05,1.0344662848829091,0.23009014865199906
seasonal_meridian,4,10,5,7.708421014389288e-05,1.0798407249399404e-05,4.7596088096183034e-05,7.729446613335586e-06,3.9198571351223616e-05,1.2629476989975408,0.1769211043741597
seasonal_meridian,4,11,5,0.0004263995324409,9.536923821126515e-05,0.0001458601566281933,3.866872953458065e-05,0.00014321960855424,6.98612993951191,1.562529598853482
seasonal_meridian,4,12,5,0.0024843116046603803,0.00018310959422157235,0.00070472261055946,8.364814016889495e-05,0.00062139880748822,40.70296133075635,3.000067591726526
seasonal_meridian,4,13,5,0.00044058118394982,9.583852783975483e-05,0.00016165579166324,2.9114842114742227e-05,0.00015124155427724,7.2184821178346255,1.570218440126152
seasonal_meridian,4,14,5,7.988799679816017e-05,1.0790366002385317e-05,4.650302929571013e-05,6.276983639330247e-06,3.95607649933045e-05,1.3088849395410562,0.17678935658308104
seasonal_meridian,4,15,5,6.993501482621757e-05,8.269072698099795e-06,4.089633069310722e-05,6.26286653237101e-06,3.711002245233258e-05,1.1458152829127486,0.13548048708566704
seasonal_meridian,4,16,5,7.676386503055044e-05,7.337953734044449e-06,4.468257827058802e-05,4.547408305285552e-06,3.792466721825603e-05,1.2576991646605384,0.12022503397858425
seasonal_meridian,4,17,5,9.64991119402354e-05,1.9112208054759404e-05,5.347209248612169e-05,9.363291707003433e-06,4.665062199860497e-05,1.5810414500291687,0.31313441676960085
seasonal_meridian,4,18,5,0.00013076718792832002,2.8658845966513664e-05,7.23668631146235e-05,1.3786660176704619e-05,6.142176866287817e-05,2.1424896070187662,0.4695465323153918
seasonal_meridian,4,19,5,8.983808348927981e-05,1.54270826572478e-05,5.6959228195669115e-05,4.56564859819784e-06,4.68251258544485e-05,1.4719071598885487,0.252757322256605
seasonal_meridian,4,20,5,6.590030432046451e-05,9.61760994991259e-06,4.149811492615422e-05,5.998663368171971e-06,3.5037779502797525e-05,1.0797105859864906,0.15757492141936788
seasonal_meridian,4,21,5,6.0280676356335155e-05,8.568048772219268e-06,3.6770529167360065e-05,9.385808768391545e-06,3.325329789495252e-05,0.9876386014221954,0.14037891108404055
seasonal_meridian,4,22,5,8.116254178348867e-05,1.283988788432129e-05,4.999834489639079e-05,9.661218814339724e-06,4.251908972184422e-05,1.3297670845806784,0.21036872309672003
seasonal_meridian,4,23,5,0.00051051842531306,0.00010695696926045221,0.00015883372948566002,3.6604146168324e-05,0.00015299994138794,8.364333880329974,1.7523829843631402
seasonal_meridian,4,24,5,0.00858822991286724,0.0002778168927982679,0.00139164918733758,0.00024369979074876985,0.00154593505600788,140.70955889241796,4.551751971606782
seasonal_meridian,4,25,5,0.00132855202524446,0.0003589981199470602,0.0001829159174992,5.6344707774812216e-05,0.00018608224211474,21.766996381605736,5.881825197212768
seasonal_meridian,4,26,5,8.567939035811374e-05,1.3114320683009724e-05,5.2273575859167005e-05,8.437409095663157e-06,4.584117358325e-05,1.4037711316273356,0.21486503007043126
seasonal_meridian,4,27,5,7.047274247906911e-05,1.8658842189529995e-05,4.089523546518472e-05,1.1005785820097043e-05,3.6297556771119716e-05,1.1546254127770683,0.30570647043325944
seasonal_meridian,4,28,5,7.317779735826239e-05,8.370908759620494e-06,4.6509334165782154e-05,5.2296430400595e-06,3.4734238314602044e-05,1.198945031917771,0.1371489691176222
seasonal_meridian,4,29,5,8.832084917410879e-05,1.0143048978193145e-05,5.652413601383133e-05,6.975858086990012e-06,4.535354783221455e-05,1.4470487928685984,0.1661837144587165
seasonal_meridian,4,30,5,0.00013323245987177998,2.4011812077068027e-05,6.133781066600637e-05,1.0480696859166764e-05,5.795626282013288e-05,2.1828806225400004,0.39340952907069643
seasonal_meridian,4,31,5,9.020877743161758e-05,1.7199596931889e-05,5.316590648581787e-05,9.73923287085588e-06,4.442096673932376e-05,1.477980609439634,0.2817981961320886
seasonal_meridian,4,32,5,7.132725229995757e-05,1.1244391068861587e-05,4.095269839035042e-05,5.9014048364427536e-06,3.528084001264507e-05,1.1686257016825048,0.18422810327222824
seasonal_meridian,4,33,5,6.621516742018068e-05,1.4298273892571393e-05,4.245018645173796e-05,8.920373847566493e-06,3.549100493806176e-05,1.0848693030122403,0.23426291945588965
seasonal_meridian,4,34,5,7.037461650300532e-05,7.240938125082806e-06,4.4180378198493614e-05,2.5671742644920105e-06,3.8272803785403927e-05,1.1530177167852391,0.11863553024135669
seasonal_meridian,4,35,5,0.00026562127729148,4.394115158442606e-05,0.00011551643098354643,1.7075559290964214e-05,0.00010181189852033498,4.351939007144431,0.7199318275588185
seasonal_meridian,4,36,5,0.00118041136680914,0.00010853420416097917,0.00047706292730206,3.976500531526997e-05,0.00040606094291820003,19.33985983380174,1.7782244009732828
seasonal_meridian,4,37,5,0.00023076082278898,5.431672405249333e-05,0.00010031688190043143,2.554894854621164e-05,9.13980015941509e-05,3.7807853205753723,0.8899252068761625
seasonal_meridian,4,38,5,8.031208925449953e-05,1.4916354940817625e-05,4.575640743401798e-05,1.249924831543644e-05,4.1911251783165605e-05,1.3158332703457203,0.24438955935035597
seasonal_meridian,4,39,5,6.94673265088716e-05,1.1918858718376336e-05,3.524815076260493e-05,7.622618461885901e-06,3.458027975450184e-05,1.1381526775213522,0.19527858124187783
seasonal_meridian,4,40,5,6.844919095289736e-05,1.251002477780613e-05,4.1341312921121635e-05,1.231485924486918e-05,3.4496809879919824e-05,1.1214715445722703,0.20496424595957569
seasonal_meridian,5,1,5,0.0004486378565045,6.120653015116656e-05,0.00010660954682407393,8.829674049159183e-06,0.00010954459515092,7.350482640970436,1.0028077899967132
seasonal_meridian,5,2,5,6.557634641462333e-05,7.71154054942365e-06,4.275216687252305e-05,5.8378523730319284e-06,3.4150828506474604e-05,1.0744028596571886,0.12634588036175715
seasonal_meridian,5,3,5,5.954156360177119e-05,4.145480804048382e-06,4.398276271376603e-05,5.9748453331229375e-06,3.440084385268131e-05,0.9755289780514191,0.06791955749352871
seasonal_meridian,5,4,5,6.15126281735707e-05,6.01347928958087e-06,4.456708554076912e-05,5.917636885987921e-06,3.492416290158304e-05,1.0078228999957823,0.0985248446804931
seasonal_meridian,5,5,5,6.202465489825668e-05,5.831248536068105e-06,3.935660933760291e-05,6.0267626013585344e-06,3.496121160890114e-05,1.0162119458530374,0.09553917601493982
seasonal_meridian,5,6,5,8.698278331886419e-05,2.2608226315765832e-05,5.317768601162573e-05,1.2790243970042373e-05,4.285269977676468e-05,1.4251259218962822,0.37041317995753
seasonal_meridian,5,7,5,7.248969435224687e-05,1.615861548392992e-05,4.8278925445521866e-05,1.4282190885911967e-05,3.900385391767827e-05,1.187671152267213,0.2647427560887078
seasonal_meridian,5,8,5,5.181516698569214e-05,6.50770723872252e-06,3.780172256844502e-05,5.530872842451796e-06,2.8820421625916518e-05,0.84893969589358,0.10662227539922975
seasonal_meridian,5,9,5,5.4033544668311297e-05,5.73873186704774e-06,3.8656041466322045e-05,1.8445569868824175e-06,3.046973639645352e-05,0.8852855958456123,0.09402338290971017
seasonal_meridian,5,10,5,5.744872128999668e-05,5.461201424769444e-06,4.16864727694807e-05,5.611420866510725e-06,3.391553000946729e-05,0.9412398496153056,0.0894763241434226
seasonal_meridian,5,11,5,0.00012798734439049998,6.56873927477733e-06,7.220338305815118e-05,1.336303296630882e-05,6.098623608974743e-05,2.0969446504946383,0.10762222427777268
seasonal_meridian,5,12,5,0.00099846115811766,0.00014688870597198873,0.00018683444877084002,4.182823625907641e-05,0.00017702974655399998,16.358787614600466,2.406624558645007
seasonal_meridian,5,13,5,0.00014571416927268001,1.3171721803759105e-05,6.696202076766539e-05,6.315979034900753e-06,6.491978700144919e-05,2.3873809493643288,0.21580549003274505
seasonal_meridian,5,14,5,6.397460783661392e-05,4.5528922769615e-06,4.488199233659714e-05,7.320307129304385e-06,3.464148908285953e-05,1.0481599747950825,0.07459458706573714
seasonal_meridian,5,15,5,6.233838093627658e-05,2.5898138425048335e-06,4.399025940796261e-05,8.224893168589388e-06,3.3011382611953635e-05,1.0213520332599555,0.0424315099955992
seasonal_meridian,5,16,5,6.327956585952364e-05,9.96141279682595e-06,4.2490560463627136e-05,5.233554351750419e-06,3.560335493547676e-05,1.0367724070424351,0.16320778726319615
seasonal_meridian,5,17,5,7.316678141312645e-05,1.2240512553318571e-05,4.627908545092678e-05,4.323464641725195e-06,3.8321313555878766e-05,1.1987645466726637,0.20054855767357146
seasonal_meridian,5,18,5,8.639975901828976e-05,2.8442295241821825e-05,5.442627012635019e-05,1.4261952030958573e-05,4.465081713511667e-05,1.4155736517557584,0.46599856524213606
seasonal_meridian,5,19,5,6.307401752821239e-05,7.09536346329702e-06,4.3019558790675436e-05,6.463485381638192e-06,3.534034673591156e-05,1.0334047031822318,0.11625043498265843
seasonal_meridian,5,20,5,6.446063532467318e-05,6.128344619148652e-06,4.3792062966263934e-05,5.201780837419285e-06,3.530020632959473e-05,1.0561230491594453,0.10040679824013157
seasonal_meridian,5,21,5,6.017592135068235e-05,4.471611659818029e-06,4.281636703362498e-05,6.887307793537027e-06,3.3131988720323176e-05,0.9859222954095799,0.07326288543445865
seasonal_meridian,5,22,5,6.195087805783304e-05,2.1305586134624263e-06,4.839892928525284e-05,5.5334540795030355e-06,3.53506878050944e-05,1.0150031860995365,0.034907072322968385
seasonal_meridian,5,23,5,0.00017498556583816,3.007430697586922e-05,8.334392407707662e-05,1.0444353584994981e-05,7.453648297290008e-05,2.8669635106932017,0.49273744549264453
seasonal_meridian,5,24,5,0.0036882572880755403,0.0001506459967214806,0.00036455138885632,0.0001319198492298556,0.00048799295367419997,60.428407407830285,2.4681840102849524
seasonal_meridian,5,25,5,0.00038301041448454,5.3726606834669524e-05,7.800825723833713e-05,1.5022698938097479e-05,7.883584790517625e-05,6.275242630915349,0.8802567263792125
seasonal_meridian,5,26,5,6.091051490470294e-05,5.995228993005716e-06,3.629405926792716e-05,2.733213282022708e-06,3.1342578410128434e-05,0.997957876198653,0.09822583182140567
seasonal_meridian,5,27,5,6.38478186699345e-05,1.1869611626990922e-05,4.429988129867339e-05,1.4175578673938209e-05,3.46588770159471e-05,1.0460826610882068,0.19447171689661927
seasonal_meridian,5,28,5,5.807101511799054e-05,8.479471352455874e-06,4.544280194976299e-05,7.572868201141281e-06,3.451172071010114e-05,0.951435511693157,0.13892765863863704
seasonal_meridian,5,29,5,6.970148413223682e-05,1.1742201627972318e-05,4.5792508225489604e-05,4.990448367820133e-06,4.07609749927911e-05,1.1419891160225681,0.19238423147269845
seasonal_meridian,5,30,5,9.060351211220926e-05,2.0752393634524228e-05,5.106862008035777e-05,1.337685873065598e-05,4.441712343586914e-05,1.4844479424467143,0.3400072173084155
seasonal_meridian,5,31,5,7.196098373976015e-05,7.94490623030167e-06,4.7487442504877644e-05,7.523529900970439e-06,3.906375094715559e-05,1.1790087575922301,0.1301693436772626
seasonal_meridian,5,32,5,6.26706334192149e-05,8.522066761158485e-06,4.087049350475999e-05,1.002859828862003e-05,3.6002746206336466e-05,1.026795657940417,0.13962554181482062
seasonal_meridian,5,33,5,6.259971304348744e-05,1.8103824391363024e-06,4.458763042302632e-05,2.128656536339038e-06,3.736587631014716e-05,1.0256336985044983,0.02966130588280918
seasonal_meridian,5,34,5,6.351838004461128e-05,6.302015172287528e-06,4.286338866100061e-05,5.253105263890448e-06,3.5039701722672145e-05,1.0406851386509113,0.10325221658275886
seasonal_meridian,5,35,5,0.00010454256450207168,2.0079708525145108e-05,5.626887400073242e-05,1.264716784007372e-05,5.076000366814497e-05,1.7128253768025892,0.32898594447630514
seasonal_meridian,5,36,5,0.0003560027536659,5.66501301603272e-05,0.00015250398707604,2.833990694369601e-05,0.00014588540471742,5.832749116062759,0.9281557325466802
seasonal_meridian,5,37,5,9.197975607903278e-05,1.255364494330724e-05,6.010979062150909e-05,1.0639062418869001e-05,4.939522062026502e-05,1.506996323599156,0.20567891875141955
seasonal_meridian,5,38,5,5.884009445943665e-05,5.875661562568107e-06,4.170170479562014e-05,9.168876738228113e-06,3.3785980406961835e-05,0.9640361076234101,0.09626683904111584
seasonal_meridian,5,39,5,5.7465929482256366e-05,8.084857681007171e-06,3.686269670890971e-05,6.74994883993222e-06,3.0822950328591324e-05,0.9415217886372883,0.13246230824562144
seasonal_meridian,5,40,5,5.782813944696474e-05,5.199486720757163e-06,3.8061938227087e-05,5.451755417235305e-06,3.209282052641281e-05,0.9474562366990703,0.08518839043288534
seasonal_meridian,6,1,5,0.00016417191083414,2.1736103883541892e-05,6.776682493625883e-05,1.750112883700596e-05,6.165661973585982e-05,2.689792587107508,0.3561243260276465
seasonal_meridian,6,2,5,6.219712765495104e-05,9.375774257896277e-06,4.3087371199763895e-05,6.12521809340237e-06,3.507612149251827e-05,1.0190377394987178,0.1536126854413726
seasonal_meridian,6,3,5,6.33117539715399e-05,6.896851039527038e-06,4.643733545705928e-05,4.2995280716321805e-06,3.789304640796074e-05,1.0372997770697097,0.11299800743161102
seasonal_meridian,6,4,5,6.24893020692732e-05,9.858207198379462e-06,4.230359277536057e-05,8.460258553065316e-06,3.765074787694067e-05,1.0238247251029722,0.16151686673824922
seasonal_meridian,6,5,5,6.878936515859883e-05,6.9775460415515855e-06,4.198824982203981e-05,7.816921446817481e-06,3.661625382401443e-05,1.1270449587584832,0.11432011434478112
seasonal_meridian,6,6,5,7.653245894318634e-05,5.682225561030354e-06,4.818183356150795e-05,6.409661482480735e-06,3.871698512311583e-05,1.2539078073251653,0.09309758359192118
seasonal_meridian,6,7,5,6.281955298406239e-05,5.4796346576156285e-06,4.5915058781276975e-05,5.334712549668053e-06,3.557505700598454e-05,1.0292355560908781,0.0897783342303744
seasonal_meridian,6,8,5,6.0541184249743015e-05,7.163507090244368e-06,4.1432994598656295e-05,4.628384790944607e-06,3.416793498438055e-05,0.9919067627477895,0.11736690016656375
seasonal_meridian,6,9,5,6.077758530318999e-05,1.0488929085380987e-05,3.947306864865225e-05,6.1888129697722805e-06,3.331673390333745e-05,0.9957799576074651,0.17185061413488212
seasonal_meridian,6,10,5,6.169155152027658e-05,1.1511343088225632e-05,4.252493592090933e-05,1.1122605139264991e-05,3.42570753173897e-05,1.0107543801082115,0.18860184515748868
seasonal_meridian,6,11,5,8.039787723986514e-05,6.889904117273774e-06,5.664873773767692e-05,1.1270623092845609e-05,4.422473643271349e-05,1.3172388206979504,0.11288418905741339
seasonal_meridian,6,12,5,0.00048131908153648,7.800041243103541e-05,8.462984275133812e-05,6.2694774068968294e-06,8.210380755437688e-05,7.885931831894394,1.2779587572700604
seasonal_meridian,6,13,5,8.769718471741762e-05,6.1846182521698316e-06,5.6073825231580224e-05,5.125233290477626e-06,4.4470380321292627e-05,1.4368306744101702,0.10132878544355052
seasonal_meridian,6,14,5,6.301330219228884e-05,2.7648875730118167e-06,4.0370968400476455e-05,4.51250867542721e-06,3.552263772180633e-05,1.0324099431184603,0.045299917996225604
seasonal_meridian,6,15,5,6.058950485765608e-05,8.81534436703712e-06,4.3555082329710526e-05,6.682686820378437e-06,3.384355732232929e-05,0.9926984475878372,0.14443060210953618
seasonal_meridian,6,16,5,6.0351145703392994e-05,2.03221551703495e-06,4.242156673107811e-05,5.800824111093052e-06,3.432547481195829e-05,0.9887931712043907,0.03329581903110054
seasonal_meridian,6,17,5,6.65220756169488e-05,3.332251576648337e-06,4.4356486498698816e-05,7.65770401190187e-06,3.807485563067692e-05,1.0898976869080892,0.05459560983180635
seasonal_meridian,6,18,5,7.238824727854531e-05,6.7754948812654975e-06,4.8238063385998674e-05,4.940084553136972e-06,3.946753726501788e-05,1.1860090434116863,0.11100970813465391
seasonal_meridian,6,19,5,5.8760877180920355e-05,6.848793258584732e-06,4.03305134273203e-05,7.53097509904589e-06,3.2406587171816744e-05,0.9627382117321991,0.11221062874865227
seasonal_meridian,6,20,5,6.295658154185325e-05,5.199785108831086e-06,4.55613728848319e-05,8.776724135220532e-06,3.4120242115792576e-05,1.0314806319817236,0.08519327922308861
seasonal_meridian,6,21,5,5.752607671230234e-05,1.127648409766738e-05,4.178623776526351e-05,4.8312383115072814e-06,3.362457786830265e-05,0.9425072408543615,0.18475391545618236
seasonal_meridian,6,22,5,6.359571657258534e-05,5.970055260490386e-06,4.756987917248762e-05,8.133620559128403e-06,3.609721260144861e-05,1.041952220325238,0.09781338538787454
seasonal_meridian,6,23,5,8.795018801958465e-05,1.0288524784752499e-05,5.510123959459536e-05,1.2146126180627526e-05,4.712670015840399e-05,1.4409758805130406,0.16856719007368878
seasonal_meridian,6,24,5,0.0015859223168681,9.03304377473498e-05,0.00017456906139462,2.4010834707022904e-05,0.00022184098211700003,25.983751239567646,1.4799738920525283
seasonal_meridian,6,25,5,0.00017577992403522,4.3648996018743244e-05,6.037578285570764e-05,9.938980513936786e-06,5.529340600536549e-05,2.8799782753935483,0.7151451507710522
seasonal_meridian,6,26,5,6.780118387740984e-05,1.0158703060629134e-05,4.9273874496636035e-05,1.1439340799859492e-05,3.926265524762457e-05,1.1108545966474825,0.1664401909453477
seasonal_meridian,6,27,5,6.68559177493529e-05,7.036729584179329e-06,5.065046293314342e-05,7.349562823262048e-06,4.007630907071475e-05,1.0953673564053978,0.11528977750719413
seasonal_meridian,6,28,5,6.0603919483150984e-05,1.072534302906698e-05,3.736599897059206e-05,7.709373522795197e-06,3.268001028158494e-05,0.9929346168119457,0.17572402018823338
seasonal_meridian,6,29,5,6.734465458355297e-05,1.1875156856223576e-05,4.6153731898352955e-05,7.259784492792579e-06,3.745203635570656e-05,1.1033748206969318,0.1945625699323671
seasonal_meridian,6,30,5,6.811966781396215e-05,7.994715272791019e-06,5.017582758981147e-05,8.900956291882364e-06,3.942570936512252e-05,1.1160726374639558,0.13098541502940808
seasonal_meridian,6,31,5,7.211842861507697e-05,8.786143851947437e-06,4.943251433257874e-05,7.163535853579272e-06,3.930491888750838e-05,1.1815883344294211,0.14395218087030687
seasonal_meridian,6,32,5,6.311722551165225e-05,5.444897524747976e-06,4.1674402312972034e-05,4.721239202887304e-06,3.738970125444079e-05,1.0341126227829105,0.08920920104547085
seasonal_meridian,6,33,5,6.145058686909289e-05,4.033810532267855e-06,4.14421501265471e-05,4.921129344173971e-06,3.319612444628193e-05,1.006806415263218,0.06608995176067638
seasonal_meridian,6,34,5,5.915841014604733e-05,4.04029826627926e-06,4.3439729208151634e-05,6.353407935645808e-06,3.54175084607147e-05,0.9692513918328395,0.06619624679471937
seasonal_meridian,6,35,5,7.463861858734031e-05,9.433495135107728e-06,5.2234683670592505e-05,6.625227050114742e-06,4.1370452663461604e-05,1.2228791269349837,0.15455838429360505
seasonal_meridian,6,36,5,0.00014735298464434144,3.5044295001879036e-05,8.018475734869075e-05,1.873502779341152e-05,6.723324489170868e-05,2.4142313004133604,0.5741657293110327
seasonal_meridian,6,37,5,6.697767038786346e-05,7.346408186893352e-06,4.5025594404963764e-05,7.141685497918584e-06,3.8812412250391315e-05,1.097362151634755,0.1203635517340607
seasonal_meridian,6,38,5,6.003758749690341e-05,3.2360168426680412e-06,4.042144679354969e-05,6.245260256464195e-06,3.2557159881767615e-05,0.9836558335492654,0.05301889995027319
seasonal_meridian,6,39,5,6.671911845111262e-05,4.6139040825068605e-06,4.5167414445046956e-05,8.461049760013463e-06,3.628951395627937e-05,1.093126036703029,0.0755942044877924
seasonal_meridian,6,40,5,5.6418212719995035e-05,5.485007767464269e-06,3.999124543209828e-05,7.67939885893217e-06,3.203215013408676e-05,0.9243559972043986,0.08986636726213458
